fdc_id,food_name,food_group,calcium_mg,carbohydrate_g,cholesterol_mg,choline_mg,copper_mg,energy_kcal,saturated_fat_g,trans_fat_g,fiber_g,fluoride_mg,folate_mg,iron_mg,magnesium_mg,manganese_mg,vitamin_b3_niacin_mg,vitamin_b5_pantothenic_acid_mg,phosphorus_mg,potassium_mg,protein_g,vitamin_b2_riboflavin_mg,selenium_mg,sodium_mg,sugar_g,vitamin_b1_thiamin_mg,fat_g,vitamin_a_rae_mg,vitamin_b12_mg,vitamin_b6_mg,vitamin_c_mg,vitamin_d_mg,vitamin_e_mg,vitamin_k_mg,water_g,zinc_mg,consumption_label,cuisine_label,suitable_for_cvd_cholesterol,food_name_original,cuisine
167516,Buttermilk Waffles,Baked Products,279.0,41.05,15.0,0.0,0.04,273.0,1.898,0.0,2.2,0.0,0.096,6.04,19.0,0.215,6.675,0.24,388.0,126.0,6.58,0.665,0.0095,621.0,4.3,0.499,9.22,0.401,0.00286,0.972,0.0,0.0,0.62,0.0105,40.34,0.48,Main Course,Generic,True,"Waffles, buttermilk, frozen, ready-to-heat",Western
167517,Toasted Buttermilk Waffles,Baked Products,299.0,48.39,13.0,28.1,0.037,309.0,2.275,0.0,2.6,0.0,0.107,6.59,22.0,0.223,7.942,0.217,444.0,138.0,7.42,0.648,0.0103,710.0,4.41,0.563,9.49,0.438,0.00162,1.11,0.0,0.0,0.68,0.0125,31.57,0.48,Main Course,Generic,True,"Waffle, buttermilk, frozen, ready-to-heat, toasted",Western
167518,Microwaved Buttermilk Waffle,Baked Products,125.0,44.16,16.0,0.0,0.063,289.0,2.057,0.0,2.4,0.0,0.099,6.53,20.0,0.235,6.73,0.24,410.0,110.0,6.92,0.695,0.0101,663.0,4.5,0.576,9.4,0.429,0.00244,1.105,0.0,0.0,0.63,0.0108,36.48,0.58,Main Course,Generic,True,"Waffle, buttermilk, frozen, ready-to-heat, microwaved",Western
167519,Plain Waffles,Baked Products,197.0,45.41,16.0,0.0,0.038,298.0,1.58,0.0,2.4,0.0,0.106,5.81,25.0,0.154,7.785,0.325,410.0,148.0,6.71,0.655,0.0128,682.0,5.04,0.544,9.91,0.0,0.00218,1.016,0.0,0.0,0.95,0.0081,34.95,0.45,Snack,Generic,True,"Waffle, plain, frozen, ready-to-heat, microwave",Western
167522,Dutch Apple Pie,Baked Products,14.0,44.54,0.0,17.0,0.148,290.0,2.313,0.0,1.6,0.0,0.032,0.91,8.0,0.233,1.094,0.096,29.0,76.0,2.17,0.067,0.0022,200.0,22.02,0.193,11.5,0.018,0.0,0.039,5.7,0.0,0.96,0.0163999999999999,41.09,0.19,Snack,Generic,True,"Pie, Dutch Apple, Commercially Prepared",Western
167524,Chocolate Chip Waffles,Baked Products,357.0,45.68,21.0,15.9,0.221,297.0,3.567,0.2,1.5,0.0,0.117,6.4,16.0,0.393,5.7,0.218,272.0,74.0,5.8,0.49,0.0131,529.0,13.1,0.43,10.1,0.429,0.0017,0.57,0.0,0.0001,0.0,0.0093,35.62,0.4,Main Course,Generic,True,"Waffles, chocolate chip, frozen, ready-to-heat",Western
167525,Corn Tostada Shells,Baked Products,76.0,64.43,0.0,0.0,0.148,474.0,7.011,0.163,5.8,0.0,0.0,1.53,76.0,0.363,1.553,0.191,203.0,237.0,6.15,0.094,0.0022,657.0,0.0,0.353,23.38,0.0,0.0,0.363,0.0,0.0,0.0,0.0,3.32,1.23,Side Dish,Generic,True,"Tostada shells, corn",Generic
167528,Guava Pastries,Baked Products,14.0,47.76,10.0,0.0,0.079,379.0,5.535,2.853,2.2,0.0,0.0,2.12,15.0,0.265,2.493,0.27,56.0,103.0,5.48,0.117,0.0175,231.0,17.0,0.19,18.5,0.0,0.0,0.053,0.0,0.0,0.95,0.0125,27.26,0.42,Snack,Generic,False,"Pastry, Pastelitos de Guava (guava pastries)",Generic
167530,Cream Crackers,Baked Products,26.0,64.55,0.0,0.0,0.111,484.0,5.362,3.969,2.4,0.0,0.253,7.38,25.0,0.778,5.08,0.462,98.0,129.0,7.01,0.24,0.0095,1148.0,9.37,0.298,20.37,0.0,0.00046,0.065,0.0,0.0,1.59,0.0179,4.45,0.66,Snack,Generic,False,"Crackers, cream, Gamesa Sabrosas",Generic
167533,Wheat Bagels,Baked Products,20.0,48.89,0.0,9.8,0.175,250.0,0.0,0.0,4.1,0.0241,0.108,2.76,51.0,1.43,3.37,0.375,142.0,165.0,10.2,0.209,0.0287,439.0,6.12,0.403,1.53,0.0,0.0,0.147,0.0,0.0,0.32,0.0015,37.55,1.1,Snack,Generic,True,"Bagels, wheat",Generic
167534,Iced Cream Puff Eclair,Baked Products,35.0,37.43,66.0,44.2,0.06,334.0,7.055,0.0,0.9,0.0,0.1,0.95,10.0,0.224,1.908,0.471,71.0,68.0,4.41,0.241,0.0155,265.0,22.05,0.263,18.52,0.023,0.00017,0.041,0.0,0.0003,0.95,0.0067,38.64,0.45,Snack,Generic,True,"Cream puff, eclair, custard or cream filled, iced",Western
167537,Plain Corn Chips,Snacks,138.0,57.27,0.0,12.1,0.101,539.0,4.331,0.088,4.0,0.0519,0.008,1.2,72.0,0.333,0.842,0.19,194.0,144.0,6.17,0.078,0.0076,514.0,0.27,0.047,33.36,0.003,0.0,0.167,0.0,0.0,7.23,0.0063,1.07,1.29,Snack,Generic,True,"Snacks, corn-based, extruded, chips, plain",Generic
167538,Barbecue Corn Chips,Snacks,131.0,56.2,0.0,0.0,0.166,523.0,4.46,0.0,5.2,0.0,0.039,1.54,77.0,0.774,1.645,0.143,207.0,236.0,7.0,0.21,0.0040999999999999,763.0,0.0,0.075,32.7,0.031,0.0,0.23,1.7,0.0,0.0,0.0,1.2,1.06,Snack,Generic,True,"Snacks, corn-based, extruded, chips, barbecue-flavor",Generic
167539,Plain Corn Cones,Snacks,3.0,62.9,0.0,0.0,0.04,510.0,22.75,0.0,1.1,0.0,0.003,2.54,11.0,0.087,1.41,0.225,44.0,81.0,5.8,0.24,0.0038,1022.0,0.0,0.32,26.9,0.016,0.0,0.04,0.0,0.0,0.0,0.0,2.0,0.21,Snack,Generic,True,"Snacks, corn-based, extruded, cones, plain",Generic
167540,Fruit Leather Snacks,Sweets,18.0,82.82,0.0,12.9,0.171,359.0,0.65,0.0,0.0,0.0,0.004,0.75,14.0,0.184,0.1,0.319,24.0,164.0,1.0,0.1,0.0027,199.0,57.58,0.043,2.68,0.003,0.0,0.3,56.0,0.0,0.56,0.0182,12.3,0.19,Snack,Generic,True,"Snacks, fruit leather, pieces",Generic
167541,Fruit Leather Snacks,Sweets,32.0,85.8,0.0,13.2,0.171,371.0,0.672,0.0,0.0,0.0,0.002,1.01,20.0,0.184,0.1,0.029,31.0,294.0,0.1,0.02,0.0004,317.0,49.16,0.084,3.0,0.006,0.0,0.3,120.0,0.0,0.56,0.0182,10.2,0.19,Snack,Generic,True,"Snacks, fruit leather, rolls",Generic
167542,Plain Granola Bars,Snacks,61.0,64.4,0.0,22.0,0.392,471.0,2.37,0.0,5.3,0.0,0.023,2.95,97.0,1.777,1.581,0.813,277.0,336.0,10.1,0.119,0.0162,294.0,28.57,0.264,19.8,0.002,0.0,0.085,0.9,0.0,2.09,0.0146,3.9,2.03,Snack,Generic,True,"Snacks, granola bars, hard, plain",Generic
167543,Almond Granola Bars,Snacks,32.0,62.0,0.0,0.0,0.127,495.0,12.51,0.0,4.8,0.0,0.012,2.5,81.0,1.365,0.61,0.466,228.0,273.0,7.7,0.07,0.015,256.0,0.0,0.28,25.5,0.002,0.0,0.047,0.0,0.0,0.0,0.0,3.1,1.58,Snack,Generic,True,"Snacks, granola bars, hard, almond",Generic
167544,Soft Raisin Granola Bars,Snacks,101.0,66.4,0.0,0.0,0.28,448.0,9.57,0.0,4.2,0.0,0.021,2.44,72.0,1.26,1.101,0.48,220.0,362.0,7.6,0.163,0.0157,282.0,0.0,0.231,17.8,0.0,0.0001799999999999,0.103,0.0,0.0,0.0,0.0,6.4,1.3,Snack,Generic,True,"Snacks, granola bars, soft, uncoated, raisin",Generic
167545,Chocolate Chip Granola Bars,Snacks,103.0,63.8,5.0,0.0,0.35,466.0,14.22,0.0,3.4,0.0,0.026,2.33,66.0,0.93,0.72,0.51,199.0,313.0,5.8,0.25,0.0,200.0,0.0,0.09,24.9,0.007,0.00057,0.1,0.0,0.0,0.0,0.0,3.6,1.3,Snack,Generic,True,"Snacks, granola bars, soft, coated, milk chocolate coating, chocolate chip",Generic
167546,Honeycomb Peanut Butter Candies,Sweets,21.0,67.41,0.0,24.7,0.169,473.0,5.735,0.029,1.9,0.0,0.034,0.71,66.0,0.656,5.147,0.446,132.0,220.0,8.72,0.085,0.002,174.0,62.68,0.064,20.18,0.0,0.0,0.173,0.0,0.0,3.57,0.0001,2.54,1.03,Snack,Generic,True,"Candies, honey-combed, with peanut butter",Generic
167547,Chocolate-Coated Granola Bars,Snacks,108.0,53.4,12.0,24.7,0.323,508.0,17.01,0.0,2.8,0.0,0.025,1.45,67.0,1.35,3.29,0.53,227.0,339.0,10.2,0.21,0.0131,193.0,23.74,0.1,31.1,0.005,0.0,0.106,0.6,0.0,4.17,0.0132,3.2,1.47,Snack,Generic,True,"Snacks, granola bars, soft, coated, milk chocolate coating, peanut butter",Generic
167548,Peanut Butter Chocolate Chip Granola Bars,Snacks,80.0,62.2,1.0,0.0,0.4,432.0,5.59,0.0,4.2,0.0,0.033,1.94,88.0,1.35,3.15,0.53,262.0,377.0,9.8,0.12,0.0,328.0,0.0,0.12,20.0,0.002,0.00045,0.1,0.0,0.0,0.0,0.0,5.9,1.7,Snack,Generic,True,"Snacks, granola bars, soft, uncoated, peanut butter and chocolate chip",Generic
167549,Microwave Oil-Popped Popcorn,Snacks,4.0,45.06,0.0,12.6,0.162,583.0,6.82,0.0,8.1,0.0063,0.025,1.98,79.0,0.629,1.195,0.23,199.0,182.0,7.29,0.057,0.0022,909.0,0.46,0.134,43.55,0.008,0.0,0.109,0.3,0.0,2.43,0.0040999999999999,1.2,3.1,Snack,Generic,True,"Snacks, popcorn, oil-popped, microwave, regular flavor, no trans fat",Generic
167550,Popcorn Cakes,Snacks,9.0,80.1,0.0,22.4,0.569,384.0,0.48,0.0,2.9,0.0,0.018,1.87,159.0,0.985,6.006,0.434,277.0,327.0,9.7,0.178,0.0099,288.0,0.72,0.075,3.1,0.004,0.0,0.181,0.0,0.0,0.29,0.0011,5.0,3.99,Snack,Generic,True,"Snacks, popcorn, cakes",Generic
167553,Reduced Fat Potato Chips,Snacks,29.0,64.76,0.0,0.0,0.153,502.0,6.759,0.139,3.2,0.0,0.027,1.11,45.0,0.361,3.595,0.83,129.0,760.0,4.56,0.015,0.0029,450.0,0.63,0.212,26.14,0.0,0.0,0.412,12.0,0.0,2.18,0.0072,2.22,0.7,Snack,Generic,True,"Snacks, potato chips, made from dried potatoes, reduced fat",Generic
167554,Sour Cream and Onion Potato Chips,Snacks,64.0,51.3,3.0,0.0,0.063,547.0,9.47,0.0,1.2,0.0,0.023,1.4,55.0,0.405,2.5,0.827,169.0,496.0,6.6,0.1,0.0,541.0,0.0,0.18,37.0,0.323,0.0,0.476,9.5,0.0,0.0,0.0,2.0,0.71,Snack,Generic,True,"Snacks, potato chips, made from dried potatoes, sour-cream and onion-flavor",Generic
167555,Salted Pretzels,Snacks,27.0,80.39,0.0,29.5,0.156,384.0,0.391,0.004,3.4,0.0,0.166,4.58,29.0,1.015,5.27,0.322,128.0,223.0,10.04,0.332,0.0044,1240.0,2.21,0.424,2.93,0.0,0.0,0.074,2.1,0.0,0.47,0.0028,3.13,1.04,Snack,Generic,True,"Snacks, pretzels, hard, plain, salted",Generic
167557,Brown Rice Cakes with Sesame,Snacks,12.0,81.5,0.0,0.0,0.39,392.0,0.54,0.0,5.4,0.0,0.018,1.58,136.0,4.299,7.205,1.461,375.0,290.0,7.6,0.085,0.0241,227.0,0.0,0.048,3.8,0.0,0.0,0.155,3.0,0.0,0.0,0.0,5.9,3.0,Snack,Generic,True,"Snacks, rice cakes, brown rice, sesame seed",Generic
167558,Salted Tortilla Chips,Snacks,106.0,67.78,0.0,19.4,0.097,472.0,2.811,0.812,5.4,0.0519,0.012,1.52,84.0,0.388,0.838,0.297,225.0,182.0,7.1,0.07,0.0044,328.0,0.78,0.14,20.68,0.0,0.0003599999999999,0.179,0.0,0.0,3.53,0.0209,2.64,1.38,Snack,Generic,False,"Snacks, tortilla chips, plain, white corn, salted",Generic
167559,Nacho Cheese Tortilla Chips,Snacks,137.0,60.81,0.0,22.5,0.102,519.0,3.876,0.185,5.1,0.0,0.013,1.16,75.0,0.33,1.29,0.364,252.0,223.0,7.36,0.136,0.0074,691.0,2.59,0.153,27.42,0.006,0.0,0.22,0.4,0.0,6.24,0.0013,1.66,1.38,Snack,Generic,True,"Snacks, tortilla chips, nacho cheese",Generic
167560,Ranch Tortilla Chips,Snacks,134.0,62.74,0.0,18.4,0.101,501.0,3.539,0.345,4.0,0.0,0.0,1.38,87.0,0.365,1.3,0.6,252.0,259.0,7.19,0.06,0.0073,519.0,3.03,0.048,24.63,0.0,0.0,0.2,0.0,0.0,0.0,0.0014,3.14,1.43,Snack,Generic,True,"Snacks, tortilla chips, ranch-flavor",Generic
167561,Trail Mix,Snacks,78.0,44.9,0.0,0.0,0.985,462.0,5.55,0.0,0.0,0.0,0.071,3.05,158.0,1.034,4.712,0.895,345.0,685.0,13.8,0.198,0.0,229.0,0.0,0.462,29.4,0.001,0.0,0.298,1.4,0.0,0.0,0.0,9.2,3.22,Snack,Generic,True,"Snacks, trail mix, regular",Generic
167565,Butterfinger Bar,Sweets,36.0,72.9,0.0,15.0,0.193,459.0,9.5,0.04,2.0,0.0,0.028,0.79,48.0,0.49,2.649,0.37,97.0,220.0,5.4,0.062,0.0029,230.0,45.9,0.121,18.9,0.0,4e-05,0.069,0.0,0.0,1.72,0.0022,1.23,1.0,Snack,Generic,True,"Candies, NESTLE, BUTTERFINGER Bar",Generic
167567,Liquid Baking Chocolate,Sweets,54.0,36.2,0.0,0.0,1.91,472.0,25.29,0.0,18.1,0.0,0.019,4.15,265.0,1.65,2.1,0.154,340.0,1166.0,12.1,0.279,0.0079,12.0,0.0,0.05,47.7,0.001,0.0,0.072,0.0,0.0,0.0,0.0,0.9,3.68,Side Dish,Generic,True,"Baking chocolate, unsweetened, liquid",Generic
167568,Unsweetened Baking Chocolate,Sweets,101.0,28.42,2.0,45.7,3.233,642.0,32.277,0.0,16.6,0.0,0.028,17.4,327.0,4.167,1.355,0.168,400.0,830.0,14.32,0.1,0.0081,24.0,0.91,0.147,52.31,0.0,0.0,0.027,0.0,0.0,0.4,0.0097,1.34,9.63,Side Dish,Generic,True,"Baking chocolate, unsweetened, squares",Generic
167571,White Chocolate Candies,Sweets,199.0,59.24,21.0,29.5,0.06,539.0,19.412,0.0,0.2,0.0,0.007,0.24,12.0,0.008,0.745,0.608,176.0,286.0,5.87,0.282,0.0045,90.0,59.0,0.063,32.09,0.009,0.00056,0.056,0.5,0.0,0.96,0.0091,1.3,0.74,Snack,Generic,True,"Candies, white chocolate",Generic
167577,Orange Sherbet,Sweets,54.0,30.4,1.0,7.7,0.028,144.0,1.16,0.0,1.3,0.0,0.004,0.14,8.0,0.011,0.063,0.224,40.0,96.0,1.1,0.097,0.0015,46.0,24.32,0.027,2.0,0.012,0.00013,0.023,2.3,0.0,0.01,0.0,66.1,0.48,Snack,Generic,True,"Sherbet, orange",Generic
167582,Baby Ruth Bar,Sweets,47.0,64.8,0.0,34.9,0.225,475.0,12.1,0.05,2.0,0.0,0.012,0.63,43.0,0.351,1.251,0.333,94.0,249.0,5.4,0.121,0.0025,230.0,54.0,0.058,21.6,0.0,6e-05,0.042,0.0,0.0,0.93,0.0023,6.99,0.72,Snack,Generic,True,"Candies, NESTLE, BABY RUTH Bar",Generic
167587,Milk Chocolate Candies,Sweets,189.0,59.4,23.0,46.1,0.491,535.0,18.509,0.0,3.4,0.005,0.011,2.35,63.0,0.471,0.386,0.472,208.0,372.0,7.65,0.298,0.0045,79.0,51.5,0.112,29.66,0.059,0.00075,0.036,0.0,0.0,0.51,0.0057,1.5,2.3,Snack,Generic,True,"Candies, milk chocolate",Generic
167591,Gluten-Free Multi-Grain Crisps,Baked Products,246.0,67.18,0.0,0.0,0.508,456.0,2.069,0.018,7.5,0.0,0.0,2.68,149.0,2.42,4.57,0.84,354.0,339.0,10.91,0.15,0.0163,370.0,0.8,0.0,15.92,0.0,0.0,0.37,0.0,0.0,0.0,0.0,3.29,2.5,Snack,Generic,True,"Crunchmaster, Multi-Grain Crisps, Snack Crackers, Gluten-Free",Generic
167592,Gluten Free Chocolate Vanilla Cookies,Baked Products,19.0,76.03,0.0,0.0,0.261,474.0,7.905,0.099,2.5,0.0,0.0,2.81,40.0,0.515,0.39,0.15,70.0,157.0,2.19,0.076,0.0,275.0,49.0,0.05,17.89,0.0,0.0,0.0,0.0,0.0,0.0,0.0,2.84,0.66,Snack,Generic,True,"Glutino, Gluten Free Cookies, Chocolate Vanilla Creme",Generic
167595,Parmesan Goldfish Crackers,Baked Products,101.0,64.7,0.0,0.0,0.139,459.0,2.614,0.084,3.5,0.0,0.0,4.45,24.0,0.559,5.887,0.58,204.0,168.0,11.16,0.463,0.0,1187.0,0.83,0.84,17.29,0.0,0.0,0.08,0.0,0.0,0.0,0.0,3.33,1.32,Snack,Generic,True,"Pepperidge Farm, Goldfish, Baked Snack Crackers, Parmesan",Generic
167603,Rehydrated Seaweed,Vegetables and Vegetable Products,36.0,5.62,0.0,0.0,0.06,31.0,0.05,0.0,4.5,0.0,0.023,8.07,84.0,0.71,0.46,0.0,32.0,358.0,1.86,0.19,0.0,526.0,0.0,0.06,0.17,0.049,0.00027,0.03,3.5,0.0004,0.67,0.0,89.55,0.31,Side Dish,Generic,True,"Seaweed, Canadian Cultivated EMI-TSUNOMATA, rehydrated",Asian
167605,Hash Brown Potatoes,Vegetables and Vegetable Products,10.0,33.99,0.0,0.0,0.107,242.0,0.805,0.032,3.6,0.0,0.0,0.74,32.0,0.225,3.193,0.735,122.0,704.0,3.24,0.05,0.0,77.0,1.16,0.027,10.3,0.0,0.0,0.363,2.7,0.0,1.68,0.0196,50.57,0.63,Side Dish,Generic,True,"Potatoes, hash brown, refrigerated, prepared, pan-fried in canola oil",Generic
167606,Sweet Potato Fries,Vegetables and Vegetable Products,52.0,35.58,0.0,26.0,0.177,182.0,1.157,0.042,5.7,0.0,0.032,0.77,26.0,0.481,0.697,0.46,59.0,409.0,2.16,0.092,0.0004,146.0,12.9,0.092,8.92,0.434,0.0,0.177,7.5,0.0,1.49,0.0046,51.97,0.38,Side Dish,Generic,True,"Sweet Potatoes, french fried, frozen as packaged, salt added in processing",Generic
167657,Ground Beef Soft Taco,Restaurant Foods,123.0,19.28,30.0,0.0,0.13,229.0,4.848,0.815,1.8,0.0,0.0,1.94,30.0,0.377,2.785,0.46,188.0,274.0,13.19,0.22,0.023,646.0,1.84,0.16,11.05,0.004,0.00115,0.125,0.0,0.0,0.44,0.0,53.83,1.97,Main Course,Generic,False,"ON THE BORDER, soft taco with ground beef, cheese and lettuce",Western
167658,Ground Beef Soft Taco,Restaurant Foods,116.0,17.92,34.0,0.0,0.099,219.0,4.486,0.616,1.5,0.0,0.0,1.85,27.0,0.269,2.63,0.465,172.0,244.0,12.56,0.248,0.0193,509.0,2.39,0.162,10.81,0.049,0.00122,0.136,0.0,0.0,0.82,0.0,56.5,2.15,Main Course,Generic,False,"Restaurant, Mexican, soft taco with ground beef, cheese and lettuce",Western
167659,Latino Chicken and Rice,Restaurant Foods,18.0,20.03,36.0,0.0,0.076,174.0,1.101,0.06,1.2,0.0,0.0,0.95,18.0,0.304,5.558,0.962,122.0,184.0,12.02,0.056,0.0145,518.0,0.55,0.104,5.06,0.0,0.00016,0.176,0.0,0.0,0.5,0.004,61.12,0.78,Main Course,Generic,True,"Restaurant, Latino, chicken and rice, entree, prepared",Western
167660,Beef Empanadas,Restaurant Foods,20.0,31.19,26.0,30.3,0.097,335.0,5.156,0.826,2.0,0.0,0.069,2.7,21.0,0.267,4.663,0.49,103.0,190.0,11.31,0.19,0.0248,440.0,1.84,0.277,18.37,0.018,0.00076,0.148,0.7,0.0002,0.73,0.0060999999999999,37.5,1.86,Main Course,Generic,False,"Restaurant, Latino, empanadas, beef, prepared",Western
167661,Bean Pupusas,Restaurant Foods,51.0,31.49,0.0,39.6,0.141,229.0,2.188,0.057,5.8,0.0,0.0,1.46,54.0,0.344,0.867,0.303,144.0,305.0,5.59,0.03,0.007,305.0,1.3,0.077,9.01,0.0,0.0,0.172,0.0,0.0,0.36,0.0074,52.16,0.94,Main Course,Generic,True,"Restaurant, Latino, pupusas con frijoles (pupusas, bean)",Western
167662,Cheese Pupusas,Restaurant Foods,325.0,22.39,32.0,16.9,0.037,256.0,6.479,0.359,2.9,0.0,0.003,0.56,36.0,0.125,0.483,0.337,271.0,120.0,11.72,0.127,0.015,400.0,1.2,0.042,13.25,0.089,0.00045,0.149,0.0,0.0012,0.44,0.0017,50.36,1.87,Main Course,Generic,True,"Restaurant, Latino, pupusas con queso (pupusas, cheese)",Western
167665,Spanish Rice,Restaurant Foods,20.0,31.16,0.0,9.1,0.065,185.0,1.005,0.07,1.2,0.0,0.082,1.15,13.0,0.39,2.378,0.415,57.0,116.0,3.28,0.074,0.0074,528.0,1.3,0.183,5.29,0.006,8e-05,0.082,0.1,0.0,0.6,0.013,58.54,0.48,Side Dish,Generic,True,"Restaurant, Mexican, spanish rice",Western
167666,Refried Beans,Restaurant Foods,57.0,16.79,5.0,55.7,0.168,156.0,1.84,0.087,8.0,0.0,0.029,1.62,44.0,0.367,0.488,0.29,128.0,402.0,6.91,0.111,0.0084,376.0,0.78,0.135,6.77,0.011,8e-05,0.098,0.0,0.0,0.45,0.0133,67.57,0.88,Main Course,Generic,True,"Restaurant, Mexican, refried beans",Western
167667,Assorted Chinese Egg Rolls,Restaurant Foods,40.0,27.29,16.0,17.9,0.148,250.0,2.116,0.103,2.6,0.0,0.0,1.41,18.0,0.245,2.725,0.38,85.0,165.0,8.28,0.077,0.0,468.0,0.0,0.165,11.94,0.0,0.00044,0.167,0.0,0.0,0.0,0.0589,50.6,0.62,Snack,Generic,True,"Restaurant, Chinese, egg rolls, assorted",Asian
167668,Vegetable Fried Rice,Restaurant Foods,12.0,32.79,18.0,5.5,0.095,174.0,0.54,0.011,1.1,0.0,0.006,0.66,10.0,0.433,0.637,0.0,51.0,76.0,4.05,0.026,0.0083,387.0,0.56,0.015,2.96,0.022,0.0,0.032,3.8,0.0,0.13,0.0028,59.09,0.72,Main Course,Generic,True,"Restaurant, Chinese, fried rice, without meat",Asian
167669,Steak Fries,Restaurant Foods,19.0,30.87,0.0,0.0,0.123,255.0,2.369,0.105,3.5,0.0,0.0,0.69,32.0,0.182,2.417,0.625,117.0,551.0,3.26,0.056,0.0,43.0,0.86,0.117,13.18,0.0,0.0,0.236,0.9,0.0,1.34,0.0321,51.32,0.42,Snack,Generic,True,"CRACKER BARREL, steak fries",Generic
167671,Macaroni and Cheese,Restaurant Foods,146.0,15.58,16.0,0.0,0.06,192.0,4.197,0.227,0.7,0.0,0.0,0.55,17.0,0.127,0.677,0.45,202.0,125.0,6.46,0.243,0.0162,374.0,2.83,0.093,11.51,0.067,0.00015,0.054,0.0,0.0,0.75,0.0099,64.8,0.83,Main Course,Generic,True,"CRACKER BARREL, macaroni n' cheese plate, from kid's menu",Western
167672,French Fries,Restaurant Foods,14.0,35.2,0.0,0.0,0.111,282.0,2.534,0.128,3.5,0.0,0.0,0.72,27.0,0.179,2.717,0.61,115.0,492.0,3.41,0.048,0.0004,44.0,0.85,0.12,14.13,0.0,0.0,0.22,1.6,0.0,0.98,0.0288,46.05,0.46,Side Dish,Generic,True,"DENNY'S, french fries",Generic
167673,Top Sirloin Steak,Restaurant Foods,6.0,0.14,82.0,0.0,0.118,182.0,2.595,0.276,0.0,0.0,0.0,3.27,24.0,0.017,5.31,0.74,264.0,341.0,28.9,0.22,0.0,349.0,0.0,0.05,7.34,0.0,0.0027,0.613,0.0,0.0,0.0,0.001,61.82,5.26,Main Course,Generic,True,"DENNY'S, top sirloin steak",Western
167674,Lemon Chicken,Restaurant Foods,40.0,20.61,32.0,28.6,0.04,252.0,2.033,0.068,1.0,0.0,0.009,1.22,16.0,0.089,3.776,0.52,136.0,161.0,11.87,0.07,0.013,252.0,8.18,0.053,13.55,0.003,0.00011,0.25,2.3,0.0001,1.28,0.0243999999999999,52.69,0.51,Main Course,Generic,True,"Restaurant, Chinese, lemon chicken",Western
167675,General Tso's Chicken,Restaurant Foods,12.0,23.99,53.0,41.5,0.046,295.0,2.76,0.09,0.9,0.0,0.015,1.16,18.0,0.075,2.853,0.617,127.0,201.0,12.9,0.118,0.0144,435.0,11.6,0.027,16.36,0.011,0.00022,0.202,1.6,0.0002,1.21,0.0382,45.15,1.3,Main Course,Generic,True,"Restaurant, Chinese, general tso's chicken",Asian
167676,Kung Pao Chicken,Restaurant Foods,20.0,6.87,26.0,37.4,0.073,129.0,1.352,0.034,1.5,0.0,0.016,0.76,24.0,0.256,2.757,0.5,94.0,218.0,9.76,0.055,0.0081,402.0,3.03,0.032,6.98,0.065,0.00011,0.243,7.1,0.0,1.02,0.0136,74.78,0.74,Main Course,Generic,True,"Restaurant, Chinese, kung pao chicken",Asian
167677,Vegetable Lo Mein,Restaurant Foods,21.0,20.16,0.0,8.9,0.064,121.0,0.464,0.008,1.3,0.0,0.028,1.07,14.0,0.24,0.81,0.27,45.0,105.0,4.77,0.124,0.0117,430.0,2.63,0.047,2.35,0.009,0.0,0.068,1.7,0.0001,0.3,0.0127,71.33,0.36,Main Course,Generic,True,"Restaurant, Chinese, vegetable lo mein, without meat",Asian
167678,Chinese Chicken and Vegetables,Restaurant Foods,20.0,5.38,21.0,41.8,0.044,95.0,0.77,0.014,0.9,0.0,0.04,0.56,15.0,0.126,1.69,0.44,73.0,185.0,8.18,0.12,0.0081,413.0,2.93,0.03,4.56,0.056,7.000000000000001e-05,0.232,8.1,0.0,0.77,0.0547,80.24,0.43,Main Course,Generic,True,"Restaurant, Chinese, chicken and vegetables",Asian
167679,Orange Chicken,Restaurant Foods,14.0,22.46,61.0,66.1,0.042,262.0,2.422,0.053,0.8,0.0,0.01,0.94,20.0,0.087,3.59,1.0,130.0,209.0,14.46,0.22,0.0171,553.0,13.6,0.043,12.68,0.075,0.0002,0.23,0.9,0.0001,1.07,0.0243999999999999,48.43,1.13,Main Course,Generic,True,"Restaurant, Chinese, orange chicken",Asian
167680,Spaghetti with Meat Sauce,Restaurant Foods,17.0,16.4,9.0,15.6,0.097,121.0,1.062,0.066,1.6,0.0,0.0,0.97,17.0,0.212,1.643,0.247,59.0,172.0,5.79,0.147,0.0131,230.0,1.82,0.09,3.59,0.012,0.00017,0.109,0.7,0.0,0.63,0.0042,73.16,0.69,Main Course,Generic,True,"Restaurant, Italian, spaghetti with meat sauce",Western
167686,Chocolate Milk Dessert,Sweets,154.0,37.7,0.0,0.9,0.008,167.0,0.597,0.0,0.0,0.0,0.006,0.04,45.0,0.0,0.1,0.0,123.0,333.0,4.3,0.26,0.0026,97.0,37.7,0.05,1.0,0.002,0.00055,0.04,0.7,0.0,0.0,0.0,56.0,0.47,Snack,Generic,True,"Milk dessert, frozen, milk-fat free, chocolate",Generic
167687,Low Fat Whipped Topping,Dairy and Egg Products,71.0,23.6,2.0,0.0,0.01,224.0,11.273,0.0,0.0,0.0,0.003,0.1,7.0,0.0,0.1,0.0,74.0,101.0,3.0,0.09,0.0024,72.0,23.6,0.02,13.1,0.004,0.0002,0.02,0.0,0.0,0.5,0.0032,59.7,0.1,Side Dish,Generic,True,"Whipped topping, frozen, low fat",Generic
167689,Peanut Butter M&M's,Sweets,88.0,56.89,7.0,37.5,0.452,529.0,18.485,0.21,4.0,0.0,0.045,1.06,81.0,0.963,4.329,0.603,191.0,330.0,10.16,0.074,0.0028,213.0,47.15,0.152,29.32,0.028,0.00019,0.095,0.5,0.0,1.26,0.0059,2.0,1.49,Snack,Generic,True,"Candies, MARS SNACKFOOD US, M&M's Peanut Butter Chocolate Candies",Generic
167697,Cultured Buttermilk,Dairy and Egg Products,143.0,5.3,8.0,16.0,0.008,56.0,1.242,0.0,0.0,0.0,0.006,0.06,13.0,0.0,0.1,0.0,82.0,180.0,4.1,0.21,0.0023,105.0,5.3,0.05,2.0,0.016,0.00037,0.03,1.5,0.0,0.11,0.0001,87.7,0.24,Drink,Generic,True,"Milk, buttermilk, fluid, cultured, reduced fat",Generic
167701,Milky Way Midnight Bar,Sweets,53.0,71.22,10.0,16.8,0.344,443.0,11.474,0.176,2.9,0.0,0.007,1.2,58.0,0.393,0.218,0.084,75.0,196.0,3.2,0.063,0.0025,168.0,57.81,0.037,17.5,0.042,4e-05,0.02,0.2,0.0,0.39,0.0035,7.2,0.89,Snack,Generic,True,"Candies, MARS SNACKFOOD US, MILKY WAY Midnight Bar",Generic
167703,Lowfat Cottage Cheese,Dairy and Egg Products,53.0,3.2,4.0,17.5,0.028,74.0,0.64,0.0,0.6,0.0,0.012,0.14,5.0,0.0,0.13,0.0,134.0,86.0,12.4,0.16,0.009,220.0,2.6,0.02,1.0,0.011,0.00063,0.07,0.0,0.0,0.01,0.0001,82.5,0.38,Side Dish,Generic,True,"Cheese, cottage, lowfat, 1% milkfat, lactose reduced",Generic
167705,Low Sodium Parmesan Cheese,Dairy and Egg Products,800.0,3.7,79.0,15.4,0.037,451.0,19.051,0.0,0.0,0.0,0.01,0.95,51.0,0.0,0.32,0.0,807.0,107.0,41.6,0.39,0.0238999999999999,63.0,0.85,0.04,29.99,0.125,0.0014,0.1,0.0,0.0006,0.27,0.002,22.2,3.19,Side Dish,Generic,True,"Cheese, parmesan, low sodium",Generic
167711,Chocolate-Flavored Drink,Beverages,100.0,10.68,0.0,3.3,0.074,49.0,0.31,0.0,0.6,0.0,0.001,0.33,11.0,0.073,0.106,0.082,24.0,79.0,0.64,0.051,0.0007,91.0,8.68,0.01,0.4,0.06,6e-05,0.011,2.0,0.0013,0.01,0.0001,87.63,0.16,Drink,Generic,True,"Beverages, Chocolate-flavored drink, whey and milk based",Generic
167714,Hearts of Palm,Vegetables and Vegetable Products,18.0,25.61,0.0,0.0,0.644,115.0,0.046,0.0,1.5,0.0,0.024,1.69,10.0,0.0,0.9,0.0,140.0,1806.0,2.7,0.18,0.0007,14.0,17.16,0.05,0.2,0.003,0.0,0.81,8.0,0.0,0.5,0.0,69.5,3.73,Side Dish,Generic,True,"Hearts of palm, raw",Generic
167716,Lowfat Cottage Cheese with Vegetables,Dairy and Egg Products,56.0,3.0,3.0,17.5,0.028,67.0,0.619,0.0,0.0,0.0,0.01,0.1,4.0,0.0,0.1,0.0,128.0,86.0,10.9,0.13,0.0045,403.0,3.0,0.01,1.0,0.013,0.00049,0.05,4.0,0.0,0.01,0.0026,83.5,0.29,Side Dish,Generic,True,"Cheese, cottage, lowfat, 1% milkfat, with vegetables",Generic
167719,Breaded Fried Chicken,Legumes and Legume Products,42.0,8.51,0.0,46.3,0.5,234.0,1.13,0.0,4.3,0.0,0.056,3.83,12.0,0.0,12.766,0.0,245.0,300.0,21.28,0.362,0.0074,400.0,0.0,1.277,12.77,0.0,0.00511,0.851,0.0,0.0,1.95,0.0,56.44,0.65,Main Course,Generic,True,"Chicken, meatless, breaded, fried",Western
167721,Juice Cream Novelties,Sweets,141.0,24.11,7.0,15.6,0.013,115.0,0.705,0.0,0.1,0.0,0.011,0.28,9.0,0.059,0.151,0.195,41.0,120.0,1.41,0.101,0.0008,42.0,20.61,0.025,1.41,0.019,0.00014,0.029,21.2,0.0,0.06,0.0002,72.57,0.27,Snack,Generic,True,"Frozen novelties, juice type, juice with cream",Generic
167722,Tofu Yogurt,Legumes and Legume Products,118.0,15.96,0.0,48.4,0.075,94.0,0.259,0.0,0.2,0.0,0.006,1.06,40.0,0.0,0.24,0.0,38.0,47.0,3.5,0.02,0.013,35.0,1.24,0.06,1.8,0.002,0.0,0.02,2.5,0.0,0.31,0.0035,77.5,0.31,Snack,Generic,True,Tofu yogurt,Generic
167734,Fruit Breakfast Bar,Snacks,41.0,72.8,0.0,34.3,0.1,376.0,1.5,0.0,2.1,0.0,0.174,4.86,27.0,0.0,13.5,0.0,103.0,197.0,4.4,1.1,0.015,337.0,35.1,1.0,7.5,0.608,0.0,1.4,0.0,0.0,0.76,0.0138,14.5,4.1,Snack,Generic,True,"Breakfast bar, corn flake crust with fruit",Generic
167735,Low Sodium Mozzarella Cheese,Dairy and Egg Products,731.0,3.1,54.0,18.4,0.027,280.0,10.867,0.0,0.0,0.0,0.009,0.25,26.0,0.0,0.12,0.0,524.0,95.0,27.5,0.34,0.0157,16.0,1.23,0.02,17.1,0.137,0.00092,0.08,0.0,0.0003,0.15,0.0018,49.9,3.13,Side Dish,Generic,True,"Cheese, mozzarella, low sodium",Generic
167742,Steamed Scallops,Finfish and Shellfish Products,10.0,5.41,41.0,110.7,0.033,111.0,0.218,0.009,0.0,0.0,0.02,0.58,37.0,0.029,1.076,0.366,426.0,314.0,20.54,0.024,0.0217,667.0,0.0,0.012,0.84,0.002,0.00215,0.112,0.0,0.0,0.0,0.0,70.25,1.55,Main Course,Generic,True,"Mollusks, scallop, (bay and sea), cooked, steamed",Generic
167746,Raw Lemons,Fruits and Fruit Juices,26.0,9.32,0.0,5.1,0.037,29.0,0.039,0.0,2.8,0.0,0.011,0.6,8.0,0.03,0.1,0.19,16.0,138.0,1.1,0.02,0.0004,2.0,2.5,0.04,0.3,0.001,0.0,0.08,53.0,0.0,0.15,0.0,88.98,0.06,Snack,Generic,True,"Lemons, raw, without peel",Generic
167747,Fresh Lemon Juice,Fruits and Fruit Juices,6.0,6.9,0.0,5.1,0.016,22.0,0.04,0.0,0.3,0.0,0.02,0.08,6.0,0.012,0.091,0.131,8.0,103.0,0.35,0.015,0.0001,1.0,2.52,0.024,0.24,0.0,0.0,0.046,38.7,0.0,0.15,0.0,92.31,0.05,Drink,Generic,True,"Lemon juice, raw",Generic
167748,Lemon Juice,Fruits and Fruit Juices,10.0,5.62,0.0,5.1,0.018,17.0,0.027,0.0,0.7,0.0,0.009,0.06,7.0,0.016,0.18,0.08,9.0,109.0,0.45,0.017,0.0001,24.0,1.53,0.021,0.07,0.002,0.0,0.037,14.3,0.0,0.23,0.0001,93.64,0.19,Drink,Generic,True,"Lemon juice from concentrate, canned or bottled",Generic
167749,Raw Lemon Peel,Fruits and Fruit Juices,134.0,16.0,0.0,8.5,0.092,47.0,0.039,0.0,10.6,0.0,0.013,0.8,15.0,0.0,0.4,0.319,12.0,160.0,1.5,0.08,0.0007,6.0,4.17,0.06,0.3,0.003,0.0,0.172,129.0,0.0,0.25,0.0,81.6,0.25,Side Dish,Generic,True,"Lemon peel, raw",Generic
167751,Stewed Dried Plums,Fruits and Fruit Juices,19.0,28.08,0.0,4.4,0.123,107.0,0.01,0.0,3.1,0.0,0.0,0.41,18.0,0.131,0.723,0.107,30.0,321.0,0.96,0.1,0.0001,1.0,24.98,0.024,0.16,0.017,0.0,0.218,2.9,0.0,0.19,0.0261,69.73,0.19,Snack,Generic,True,"Plums, dried (prunes), stewed, without added sugar",Generic
167752,Stewed Dried Plums,Fruits and Fruit Juices,21.0,32.88,0.0,0.0,0.18,124.0,0.017,0.0,3.8,0.0,0.0,1.04,19.0,0.092,0.675,0.1,33.0,312.0,1.09,0.093,0.001,2.0,0.0,0.022,0.22,0.014,0.0,0.203,2.7,0.0,0.0,0.0,65.08,0.22,Snack,Generic,True,"Plums, dried (prunes), stewed, with added sugar",Generic
167753,Canned Prune Juice,Fruits and Fruit Juices,12.0,17.45,0.0,2.7,0.068,71.0,0.003,0.0,1.0,0.0602,0.0,1.18,14.0,0.151,0.785,0.107,25.0,276.0,0.61,0.07,0.0006,4.0,16.45,0.016,0.03,0.0,0.0,0.218,4.1,0.0,0.12,0.0034,81.24,0.21,Drink,Generic,True,"Prune juice, canned",Generic
167755,Raw Raspberries,Fruits and Fruit Juices,25.0,11.94,0.0,12.3,0.09,52.0,0.019,0.0,6.5,0.0,0.021,0.69,22.0,0.67,0.598,0.329,29.0,151.0,1.2,0.038,0.0002,1.0,4.42,0.032,0.65,0.002,0.0,0.055,26.2,0.0,0.87,0.0078,85.75,0.42,Snack,Generic,True,"Raspberries, raw",Generic
167756,Canned Raspberries in Syrup,Fruits and Fruit Juices,11.0,23.36,0.0,8.2,0.057,91.0,0.005,0.0,3.3,0.0,0.011,0.42,12.0,0.233,0.443,0.245,9.0,94.0,0.83,0.031,0.0001,3.0,20.06,0.02,0.12,0.002,0.0,0.042,8.7,0.0,0.59,0.0052,75.33,0.16,Snack,Generic,True,"Raspberries, canned, red, heavy syrup pack, solids and liquids",Generic
167757,Sweetened Frozen Raspberries,Fruits and Fruit Juices,15.0,26.16,0.0,10.2,0.105,103.0,0.005,0.0,4.4,0.0,0.026,0.65,13.0,0.65,0.23,0.15,17.0,114.0,0.7,0.045,0.0003,1.0,21.76,0.019,0.16,0.003,0.0,0.034,16.5,0.0,0.72,0.0065,72.75,0.18,Snack,Generic,True,"Raspberries, frozen, red, sweetened",Generic
167758,Raw Rhubarb,Fruits and Fruit Juices,86.0,4.54,0.0,6.1,0.021,21.0,0.053,0.0,1.8,0.0,0.007,0.22,12.0,0.196,0.3,0.085,14.0,288.0,0.9,0.03,0.0011,4.0,1.1,0.02,0.2,0.005,0.0,0.024,8.0,0.0,0.27,0.0293,93.61,0.1,Snack,Generic,True,"Rhubarb, raw",Generic
167759,Raw Sapodilla,Fruits and Fruit Juices,21.0,19.96,0.0,0.0,0.086,83.0,0.194,0.0,5.3,0.0,0.014,0.8,12.0,0.0,0.2,0.252,12.0,193.0,0.44,0.02,0.0006,12.0,0.0,0.0,1.1,0.003,0.0,0.037,14.7,0.0,0.0,0.0,78.0,0.1,Snack,Generic,True,"Sapodilla, raw",Generic
167760,Mamey Sapote,Fruits and Fruit Juices,18.0,32.1,0.0,0.0,0.213,124.0,0.169,0.0,5.4,0.0,0.0,0.78,11.0,0.204,1.432,0.397,26.0,454.0,1.45,0.116,0.0,7.0,20.14,0.013,0.46,0.007,0.0,0.72,23.0,0.0,2.11,0.0,64.87,0.19,Snack,Generic,True,"Sapote, mamey, raw",Generic
167761,Raw Soursop,Fruits and Fruit Juices,14.0,16.84,0.0,7.6,0.086,66.0,0.051,0.0,3.3,0.0,0.014,0.6,21.0,0.0,0.9,0.253,27.0,278.0,1.0,0.05,0.0006,14.0,13.54,0.07,0.3,0.0,0.0,0.059,20.6,0.0,0.08,0.0004,81.16,0.1,Snack,Generic,True,"Soursop, raw",Generic
167762,Fresh Strawberries,Fruits and Fruit Juices,16.0,7.68,0.0,5.7,0.048,32.0,0.015,0.0,2.0,0.0044,0.024,0.41,13.0,0.386,0.386,0.125,24.0,153.0,0.67,0.022,0.0004,1.0,4.89,0.024,0.3,0.001,0.0,0.047,58.8,0.0,0.29,0.0022,90.95,0.14,Snack,Generic,True,"Strawberries, raw",Generic
167763,Raw Tamarinds,Fruits and Fruit Juices,74.0,62.5,0.0,8.6,0.086,239.0,0.272,0.0,5.1,0.0,0.014,2.8,92.0,0.0,1.938,0.143,113.0,628.0,2.8,0.152,0.0013,28.0,38.8,0.428,0.6,0.002,0.0,0.066,3.5,0.0,0.1,0.0028,31.4,0.1,Snack,Generic,True,"Tamarinds, raw",Generic
167764,Tropical Fruit Salad,Fruits and Fruit Juices,13.0,22.36,0.0,0.0,0.08,86.0,0.019,0.0,1.3,0.0,0.009,0.52,13.0,0.0,0.562,0.0,7.0,131.0,0.41,0.045,0.0005,2.0,0.0,0.054,0.1,0.006,0.0,0.12,17.5,0.0,0.0,0.0,76.78,0.11,Snack,Generic,True,"Fruit salad, (pineapple and papaya and banana and guava), tropical, canned, heavy syrup, solids and liquids",Generic
167765,Fresh Watermelon,Fruits and Fruit Juices,7.0,7.55,0.0,4.1,0.042,30.0,0.016,0.0,0.4,0.0015,0.003,0.24,10.0,0.038,0.178,0.221,11.0,112.0,0.61,0.021,0.0004,1.0,6.2,0.033,0.15,0.028,0.0,0.045,8.1,0.0,0.05,0.0001,91.45,0.1,Snack,Generic,True,"Watermelon, raw",Generic
167767,Drained Canned Pineapple,Fruits and Fruit Juices,16.0,15.56,0.0,5.5,0.107,60.0,0.008,0.0,1.3,0.0,0.005,0.28,15.0,0.0,0.284,0.0,7.0,124.0,0.51,0.021,0.0004,1.0,14.26,0.102,0.11,0.003,0.0,0.075,9.4,0.0,0.02,0.0007,83.51,0.1,Snack,Generic,True,"Pineapple, canned, juice pack, drained",Generic
167768,Canned Apricots,Fruits and Fruit Juices,10.0,21.31,0.0,2.8,0.097,83.0,0.007,0.0,2.7,0.0,0.002,0.3,7.0,0.0,0.376,0.0,13.0,143.0,0.64,0.024,0.0001,4.0,18.65,0.021,0.11,0.146,0.0,0.055,3.1,0.0,0.89,0.0033,77.56,0.11,Snack,Generic,True,"Apricots, canned, heavy syrup, drained",Generic
167769,Canned Sour Cherries,Fruits and Fruit Juices,11.0,10.45,0.0,0.0,0.0,42.0,0.0,0.0,1.2,0.0,0.0,0.64,8.0,0.059,0.26,0.041,16.0,115.0,0.69,0.065,0.0,4.0,6.99,0.025,0.21,0.0,0.0,0.047,0.3,0.0,0.0,0.0081,88.31,0.07,Snack,Generic,True,"Cherries, sour, canned, water pack, drained",Generic
167770,Canned Sweet Cherries,Fruits and Fruit Juices,10.0,21.07,0.0,2.7,0.176,83.0,0.041,0.0,2.3,0.0,0.005,0.35,9.0,0.048,0.396,0.06,20.0,148.0,0.73,0.043,0.0,3.0,16.18,0.022,0.21,0.012,0.0,0.022,3.6,0.0,0.17,0.0009,77.61,0.1,Snack,Generic,True,"Cherries, sweet, canned, pitted, heavy syrup, drained",Generic
167771,Unsweetened Apple Juice,Fruits and Fruit Juices,8.0,11.3,0.0,1.8,0.012,46.0,0.022,0.0,0.2,0.0391,0.0,0.12,5.0,0.074,0.073,0.049,7.0,101.0,0.1,0.017,0.0001,4.0,9.62,0.021,0.13,0.0,0.0,0.018,38.5,0.0,0.01,0.0,88.24,0.02,Drink,Generic,True,"Apple juice, canned or bottled, unsweetened, with added ascorbic acid",Generic
167772,Unsweetened Applesauce,Fruits and Fruit Juices,4.0,11.27,0.0,2.2,0.027,42.0,0.008,0.0,1.1,0.0,0.003,0.23,3.0,0.025,0.084,0.041,5.0,74.0,0.17,0.03,0.0003,2.0,9.39,0.026,0.1,0.001,0.0,0.027,21.2,0.0,0.16,0.0005,88.22,0.03,Snack,Generic,True,"Applesauce, canned, unsweetened, with added ascorbic acid",Generic
167773,Sweetened Applesauce,Fruits and Fruit Juices,4.0,19.91,0.0,0.0,0.043,76.0,0.03,0.0,1.2,0.0,0.001,0.35,3.0,0.075,0.188,0.052,7.0,61.0,0.18,0.028,0.0003,28.0,0.0,0.013,0.18,0.001,0.0,0.026,1.7,0.0,0.0,0.0,79.58,0.04,Snack,Generic,True,"Applesauce, canned, sweetened, with salt",Generic
167774,Pink Grapefruit Juice,Fruits and Fruit Juices,9.0,9.2,0.0,0.0,0.033,39.0,0.014,0.0,0.0,0.0,0.01,0.2,12.0,0.02,0.2,0.189,15.0,162.0,0.5,0.02,0.0,1.0,0.0,0.04,0.1,0.022,0.0,0.044,38.0,0.0,0.0,0.0,90.0,0.05,Drink,Generic,True,"Grapefruit juice, pink, raw",Generic
167775,Unsweetened Frozen Apple Juice,Fruits and Fruit Juices,6.0,11.54,0.0,0.0,0.014,47.0,0.018,0.0,0.1,0.0,0.0,0.26,5.0,0.063,0.038,0.063,7.0,126.0,0.14,0.015,0.0001,7.0,0.0,0.003,0.1,0.0,0.0,0.033,25.0,0.0,0.0,0.0,87.9,0.04,Drink,Generic,True,"Apple juice, frozen concentrate, unsweetened, diluted with 3 volume water, with added ascorbic acid",Generic
167776,Raw Bartlett Pears,Fruits and Fruit Juices,9.0,15.01,0.0,5.1,0.078,63.0,0.0,0.0,3.1,0.0,0.0,0.19,6.0,0.037,0.164,0.042,11.0,101.0,0.39,0.026,0.0001,1.0,9.69,0.012,0.16,0.001,0.0,0.026,4.4,0.0,0.12,0.0038,84.14,0.08,Snack,Generic,True,"Pears, raw, bartlett (Includes foods for USDA's Food Distribution Program)",Generic
167777,Red Anjou Pears,Fruits and Fruit Juices,11.0,14.94,0.0,5.1,0.07,62.0,0.0,0.0,3.0,0.0,0.0,0.19,7.0,0.056,0.162,0.053,13.0,123.0,0.33,0.028,0.0001,1.0,9.54,0.012,0.14,0.001,0.0,0.039,5.2,0.0,0.12,0.0049,84.24,0.13,Snack,Generic,True,"Pears, raw, red anjou",Generic
167778,Bosc Pears,Fruits and Fruit Juices,10.0,16.1,0.0,5.1,0.104,67.0,0.0,0.0,3.1,0.0,0.0,0.15,7.0,0.047,0.152,0.057,14.0,122.0,0.36,0.023,0.0,1.0,10.23,0.012,0.09,0.001,0.0,0.021,2.8,0.0,0.12,0.0052,83.18,0.13,Snack,Generic,True,"Pears, raw, bosc (Includes foods for USDA's Food Distribution Program)",Generic
167779,Green Anjou Pears,Fruits and Fruit Juices,11.0,15.79,0.0,5.1,0.077,66.0,0.0,0.0,3.1,0.0,0.0,0.24,7.0,0.048,0.151,0.043,13.0,127.0,0.44,0.022,0.0,1.0,9.73,0.01,0.1,0.001,0.0,0.026,4.4,0.0,0.12,0.0043,83.31,0.1,Snack,Generic,True,"Pears, raw, green anjou (Includes foods for USDA's Food Distribution Program)",Generic
167781,Candied Fruit,Fruits and Fruit Juices,18.0,82.74,0.0,2.2,0.029,322.0,0.01,0.0,1.6,0.0,0.0,0.17,4.0,0.111,0.0,0.0,5.0,56.0,0.34,0.0,0.0006,98.0,80.68,0.0,0.07,0.001,0.0,0.0,0.0,0.0,0.04,0.0003,16.7,0.05,Snack,Generic,True,Candied fruit,Generic
167784,Guava Nectar,Fruits and Fruit Juices,8.0,16.25,0.0,1.1,0.017,63.0,0.02,0.0,1.0,0.0,0.003,0.38,2.0,0.058,0.17,0.08,2.0,39.0,0.09,0.003,0.0,6.0,12.95,0.003,0.06,0.0,0.0,0.01,21.1,0.0,0.05,0.001,83.51,0.03,Drink,Generic,True,"Guava nectar, canned, with added ascorbic acid",Generic
167785,Canned Mango Nectar,Fruits and Fruit Juices,17.0,13.12,0.0,1.5,0.015,51.0,0.014,0.0,0.3,0.0,0.007,0.36,3.0,0.028,0.08,0.07,2.0,24.0,0.11,0.003,0.0004,5.0,12.45,0.003,0.06,0.035,0.0,0.015,15.2,0.0,0.21,0.0008,86.63,0.02,Drink,Generic,True,"Mango nectar, canned",Generic
167786,Canned Tamarind Nectar,Fruits and Fruit Juices,10.0,14.73,0.0,1.3,0.014,57.0,0.0,0.0,0.5,0.0,0.001,0.75,4.0,0.02,0.07,0.037,2.0,27.0,0.09,0.003,0.0,7.0,12.7,0.003,0.12,0.0,0.0,0.007,7.1,0.0,0.12,0.0001,84.97,0.02,Drink,Generic,True,"Tamarind nectar, canned",Generic
167787,Bottled Pomegranate Juice,Fruits and Fruit Juices,11.0,13.13,0.0,4.8,0.021,54.0,0.077,0.0,0.1,0.0,0.024,0.1,7.0,0.095,0.233,0.285,11.0,214.0,0.15,0.015,0.0003,9.0,12.65,0.015,0.29,0.0,0.0,0.04,0.1,0.0,0.38,0.0104,85.95,0.09,Drink,Generic,True,"Pomegranate juice, bottled",Generic
167789,Frozen Nance Fruit,Fruits and Fruit Juices,46.0,16.97,0.0,0.0,0.041,73.0,0.0,0.0,7.5,0.0,0.008,0.38,20.0,0.248,0.29,0.18,10.0,244.0,0.66,0.018,0.0004,3.0,8.31,0.015,1.16,0.004,0.0,0.021,92.5,0.0,1.25,0.0119,80.64,0.09,Snack,Generic,True,"Nance, frozen, unsweetened",Generic
167790,Unsweetened Naranjilla Pulp,Fruits and Fruit Juices,8.0,5.9,0.0,0.0,0.028,25.0,0.0,0.0,1.1,0.0,0.003,0.35,11.0,0.067,1.45,0.22,12.0,200.0,0.44,0.0,0.0004,4.0,3.74,0.045,0.22,0.028,0.0,0.107,3.2,0.0,0.75,0.0146,93.05,0.1,Snack,Generic,True,"Naranjilla (lulo) pulp, frozen, unsweetened",Generic
167791,Horned Melon,Fruits and Fruit Juices,13.0,7.56,0.0,0.0,0.02,44.0,0.0,0.0,0.0,0.0,0.003,1.13,40.0,0.039,0.565,0.183,37.0,123.0,1.78,0.015,0.0,2.0,0.0,0.025,1.26,0.007,0.0,0.063,5.3,0.0,0.0,0.0,88.97,0.48,Snack,Generic,True,Horned melon (Kiwano),Generic
167792,Tropical Citrus Juice,Fruits and Fruit Juices,8.0,12.2,0.0,3.8,0.034,51.0,0.011,0.0,0.2,0.0,0.01,0.18,10.0,0.378,0.173,0.0,11.0,150.0,0.41,0.025,0.0001,4.0,10.57,0.04,0.08,0.001,0.0,0.061,40.7,0.0,0.07,0.0001,87.24,0.06,Drink,Generic,True,Orange Pineapple Juice Blend,Generic
167793,Fuji Apples,Fruits and Fruit Juices,7.0,15.22,0.0,3.4,0.025,63.0,0.0,0.0,2.1,0.0,0.0,0.1,5.0,0.031,0.07,0.051,13.0,109.0,0.2,0.026,0.0,1.0,11.68,0.013,0.18,0.002,0.0,0.045,0.0,0.0,0.18,0.001,84.16,0.04,Snack,Generic,True,"Apples, raw, fuji, with skin (Includes foods for USDA's Food Distribution Program)",Generic
167794,Chilled Orange Juice,Fruits and Fruit Juices,146.0,11.54,0.0,6.2,0.042,49.0,0.014,0.0,0.3,0.0,0.019,0.13,11.0,0.023,0.28,0.195,17.0,178.0,0.68,0.039,0.0001,2.0,8.31,0.046,0.12,0.114,0.0,0.076,33.6,0.001,1.13,0.0,87.22,0.07,Drink,Generic,True,"Orange juice, chilled, includes from concentrate, with added calcium and vitamins A, D, E",Generic
167796,Green Machine Smoothie,Fruits and Fruit Juices,11.0,12.53,0.0,4.3,0.053,53.0,0.053,0.0,0.7,0.0,0.015,0.42,10.0,0.215,0.29,0.0,15.0,165.0,0.6,0.09,0.0004,6.0,11.15,0.07,0.26,0.021,0.00063,0.075,8.2,0.0,0.3,0.0212,86.25,0.06,Drink,Generic,True,"Fruit juice smoothie, NAKED JUICE, GREEN MACHINE",Generic
167798,Green Goodness Smoothie,Fruits and Fruit Juices,18.0,13.04,0.0,4.5,0.049,56.0,0.068,0.003,0.6,0.0,0.017,0.34,15.0,1.357,0.333,0.0,16.0,177.0,0.63,0.08,0.0002,11.0,11.46,0.06,0.33,0.021,0.00055,0.08,6.2,0.0,0.18,0.0081,85.61,0.08,Drink,Generic,True,"Fruit juice smoothie, BOLTHOUSE FARMS, GREEN GOODNESS",Generic
167799,Strawberry Banana Smoothie,Fruits and Fruit Juices,11.0,12.37,0.0,5.3,0.038,52.0,0.055,0.001,0.6,0.0,0.024,0.32,13.0,0.194,0.287,0.092,16.0,184.0,0.44,0.053,0.0004,5.0,10.33,0.035,0.3,0.001,0.0,0.075,47.3,0.0,0.16,0.0009,86.6,0.07,Drink,Generic,True,"Fruit juice smoothie, BOLTHOUSE FARMS, strawberry banana",Generic
167800,Unsweetened Apple Juice,Fruits and Fruit Juices,70.0,11.49,0.0,1.8,0.01,48.0,0.029,0.0,0.3,0.0,0.0,0.13,5.0,0.035,0.067,0.049,9.0,184.0,0.12,0.015,0.0001,5.0,9.47,0.004,0.17,0.0,0.0,0.018,30.3,0.0,0.01,0.0,87.92,0.04,Drink,Generic,True,"Apple juice, canned or bottled, unsweetened, with added ascorbic acid, calcium, and potassium",Generic
167802,Real Lemon Juice,Fruits and Fruit Juices,9.0,5.66,0.0,0.0,0.018,17.0,0.027,0.0,0.7,0.0,0.0,0.06,6.0,0.016,0.18,0.09,9.0,109.0,0.47,0.017,0.0,26.0,1.59,0.02,0.07,0.002,0.0,0.037,16.6,0.0,0.23,0.0001,93.57,0.23,Drink,Generic,True,"Lemon juice from concentrate, bottled, REAL LEMON",Generic
167808,Seedless Raspberry Puree,Fruits and Fruit Juices,14.0,7.99,0.0,0.0,0.068,41.0,0.064,0.0,0.9,0.0,0.0,1.08,15.0,0.343,0.49,0.31,20.0,169.0,1.02,0.1,0.0,4.0,6.04,0.09,0.87,0.002,0.0,0.06,6.4,0.0,1.54,0.0,89.7,0.18,Side Dish,Generic,True,"Raspberries, puree, seedless",Generic
167809,Raspberry Puree,Fruits and Fruit Juices,23.0,11.51,0.0,0.0,0.086,55.0,0.062,0.0,4.3,0.0,0.0,0.69,25.0,0.676,0.46,0.31,30.0,195.0,1.1,0.09,0.0,4.0,6.56,0.08,0.97,0.005,0.0,0.037,14.6,0.0,0.77,0.0,85.88,0.31,Side Dish,Generic,True,"Raspberries, puree, with seeds",Generic
167924,Fat Free Devil's Food Cookie Cakes,Baked Products,30.0,74.25,0.0,0.0,0.168,305.0,0.427,0.0,1.6,0.0,0.0,2.78,25.0,0.0,1.345,0.057,71.0,111.0,5.0,0.171,0.0017,174.0,43.38,0.087,1.09,0.0,7.000000000000001e-05,0.021,0.1,0.0,0.0,0.0,17.65,0.46,Snack,Generic,True,"Nabisco, Nabisco Snackwell's Fat Free Devil's Food Cookie Cakes",Western
167925,Cheese Crackers,Baked Products,89.0,58.76,6.0,27.5,0.242,490.0,4.81,0.0,1.9,0.0,0.128,2.13,28.0,0.497,3.478,0.855,288.0,295.0,8.92,0.457,0.01,878.0,12.33,0.508,24.41,0.011,0.0008,0.114,2.6,0.0,1.99,0.0205,4.81,0.57,Snack,Generic,True,"Crackers, cheese, sandwich-type with cheese filling",Generic
167926,Frozen Buttermilk Pancakes,Baked Products,72.0,43.33,0.0,28.1,0.035,239.0,0.855,0.0,2.5,0.0,0.086,1.64,16.0,0.141,3.345,0.177,350.0,122.0,5.88,0.335,0.0074,566.0,7.06,0.363,4.73,0.216,0.0,0.278,0.0,0.0,0.38,0.0074,43.8,0.44,Main Course,Generic,True,"Pancakes, plain, frozen, ready-to-heat, microwave (includes buttermilk)",Western
167929,Low-Fat Blueberry Muffin,Baked Products,35.0,50.05,28.0,51.7,0.08,255.0,1.549,0.0,4.2,0.0,0.073,2.0,10.0,0.785,1.375,0.251,125.0,96.0,4.23,0.175,0.0098,413.0,27.05,0.163,4.22,0.01,0.00016,0.042,0.9,0.0001,0.39,0.0057,39.94,1.27,Snack,Generic,True,"Muffin, blueberry, commercially prepared, low-fat",Western
167933,Reduced Fat Whole Wheat Crackers,Baked Products,39.0,75.52,0.0,29.5,0.447,416.0,1.067,0.096,10.9,0.0,0.03,3.56,120.0,2.285,5.225,0.902,364.0,373.0,11.34,0.022,0.0141,745.0,1.22,0.185,7.59,0.0,0.0,0.197,0.0,0.0,1.08,0.0125,2.59,2.99,Snack,Generic,True,"Crackers, whole-wheat, reduced fat",Generic
167934,Reduced Fat Wheat Crackers,Baked Products,80.0,71.52,0.0,29.5,0.223,444.0,2.112,0.201,3.4,0.0,0.197,5.02,47.0,2.127,5.123,0.51,258.0,210.0,9.34,0.27,0.0104,776.0,15.01,0.625,13.37,0.0,0.00014,0.15,0.0,0.0,1.18,0.0247,2.73,1.74,Snack,Generic,True,"Crackers, wheat, reduced fat",Generic
167940,Frosted Cinnamon Buns,Baked Products,183.0,48.6,5.0,10.6,0.062,452.0,12.649,0.295,1.2,0.0,0.109,1.37,14.0,0.292,2.404,0.337,131.0,102.0,4.45,0.138,0.013,305.0,25.7,0.211,26.61,0.0,0.00016,0.038,0.3,0.0,1.15,0.0152,18.98,0.53,Snack,Generic,True,"Cinnamon buns, frosted (includes honey buns)",Western
167941,Reduced Fat Cheese Crackers,Baked Products,67.0,68.19,0.0,2.5,0.118,418.0,3.333,0.0,3.3,0.0,0.349,4.8,22.0,0.517,7.17,0.528,162.0,141.0,10.0,0.75,0.0262,1167.0,0.0,1.087,11.67,0.009,3e-05,0.044,0.0,0.0,1.88,0.0038,7.3,0.9,Snack,Generic,True,"Crackers, cheese, reduced fat",Generic
167942,Whole Wheat Saltines,Baked Products,0.0,68.25,0.0,8.1,0.266,398.0,0.0,0.0,6.7,0.0,0.119,5.14,70.0,1.494,4.427,0.654,196.0,221.0,7.14,0.225,0.0258,1214.0,0.0,0.465,10.71,0.0,0.0,0.213,0.0,0.0,1.19,0.0183,9.85,1.46,Snack,Generic,True,"Crackers, saltines, whole wheat (includes multi-grain)",Generic
167946,Tiger's Milk Bar,Sweets,429.0,56.46,2.0,42.3,0.269,387.0,2.073,0.036,2.3,0.0004,0.055,10.28,336.0,0.944,4.039,4.2,560.0,294.0,16.8,0.319,0.0059,168.0,36.4,1.47,14.29,0.001,0.0042,1.68,16.8,0.0,2.48,0.0046,10.28,1.44,Snack,Generic,True,"SCHIFF,TIGER'S MILK BAR",Generic
167947,Toblerone Chocolate,Sweets,126.0,61.21,14.0,60.5,0.34,489.0,17.143,0.0,2.5,0.0033,0.009,1.6,47.0,0.361,0.353,0.316,145.0,260.0,5.71,0.237,0.0036,54.0,55.74,0.076,28.57,0.037,0.00047,0.027,0.0,0.0,1.77,0.0194,3.28,1.53,Snack,Generic,True,"Candies, TOBLERONE, milk chocolate with honey and almond nougat",Generic
167948,Onion-Flavored Corn Snacks,Snacks,29.0,65.1,0.0,21.3,0.118,499.0,4.34,0.0,3.9,0.0,0.176,3.72,28.0,0.202,3.18,0.262,72.0,143.0,7.7,0.31,0.0106,950.0,4.83,0.22,22.6,0.008,0.0,0.148,1.8,0.0,2.69,0.0050999999999999,2.0,0.33,Snack,Generic,True,"Snacks, corn-based, extruded, onion-flavor",Generic
167949,Cheese Puffs,Snacks,53.0,54.54,7.0,11.6,0.041,567.0,3.749,0.272,0.8,0.0066,0.08,1.69,18.0,0.059,2.627,0.98,126.0,180.0,5.46,0.38,0.0081,928.0,3.57,0.18,36.54,0.013,0.0002,0.116,0.1,0.0001,4.18,0.0013,0.56,0.37,Snack,Generic,True,"Snacks, corn-based, extruded, puffs or twists, cheese-flavor",Generic
167950,Plain Cornnuts,Snacks,9.0,71.86,0.0,20.6,0.115,446.0,2.43,0.0,6.9,0.0,0.0,1.67,113.0,0.455,1.694,0.366,275.0,278.0,8.5,0.13,0.0148,564.0,0.61,0.041,15.64,0.0,0.0,0.229,0.0,0.0,1.98,0.0093,1.3,1.78,Snack,Generic,True,"Snacks, KRAFT, CORNNUTS, plain",Generic
167951,Chocolate Chip Rice Bar,Snacks,21.0,73.0,0.0,0.0,0.31,404.0,5.24,0.0,2.2,0.0,0.14,6.3,48.0,0.999,7.05,0.0,134.0,168.0,5.1,0.6,0.0097,278.0,0.0,0.53,13.5,0.0,0.0,0.705,0.0,0.0,0.0,0.0,7.0,0.86,Snack,Generic,True,"Snacks, crisped rice bar, chocolate chip",Generic
167952,Chocolate Chip Granola Bars,Snacks,77.0,72.1,0.0,0.0,0.261,438.0,11.41,0.0,4.4,0.0,0.013,3.05,72.0,1.507,0.555,0.506,204.0,251.0,7.3,0.1,0.0125,344.0,0.0,0.18,16.3,0.002,1e-05,0.058,0.1,0.0,0.0,0.0,2.4,1.93,Snack,Generic,True,"Snacks, granola bars, hard, chocolate chip",Generic
167954,Plain Granola Bars,Snacks,105.0,67.3,0.0,0.0,0.27,443.0,7.25,0.0,4.6,0.0,0.024,2.56,74.0,1.53,0.515,0.52,230.0,325.0,7.4,0.165,0.0162,278.0,0.0,0.295,17.2,0.0,0.00039,0.1,0.0,0.0,0.0,0.0,6.4,1.5,Snack,Generic,True,"Snacks, granola bars, soft, uncoated, plain",Generic
167955,Peanut Butter Granola Bars,Snacks,91.0,64.4,0.0,0.0,0.66,426.0,3.65,0.0,4.3,0.0,0.032,2.13,86.0,1.4,3.142,0.54,250.0,291.0,10.5,0.148,0.0189,409.0,0.0,0.228,15.8,0.002,0.0002,0.103,0.0,0.0,0.0,0.0,7.3,1.86,Snack,Generic,True,"Snacks, granola bars, soft, uncoated, peanut butter",Generic
167956,Magic Shell Topping,Sweets,0.0,50.07,2.0,9.4,0.133,609.0,20.59,0.017,2.9,0.0,0.006,0.0,15.0,0.148,0.105,0.077,54.0,73.0,2.94,0.058,0.001,29.0,47.06,0.016,44.1,0.006,8e-05,0.013,0.0,0.0,9.85,0.0018,0.25,0.45,Side Dish,Generic,True,"Topping, SMUCKER'S MAGIC SHELL",Generic
167958,Oriental Rice Snack Mix,Snacks,54.0,51.62,0.0,18.1,0.134,506.0,3.785,0.0,13.2,0.0,0.038,2.44,118.0,1.273,3.081,0.475,262.0,328.0,17.31,0.141,0.0081,413.0,3.0,0.311,25.58,0.0,0.0,0.072,0.3,0.0,5.6,0.0024,2.55,2.66,Snack,Generic,True,"Snacks, oriental mix, rice-based",Asian
167959,Air-Popped Popcorn,Snacks,7.0,77.78,0.0,21.2,0.262,387.0,0.637,0.0,14.5,0.0,0.031,3.19,144.0,1.113,2.308,0.51,358.0,329.0,12.94,0.083,0.0,8.0,0.87,0.104,4.54,0.01,0.0,0.157,0.0,0.0,0.29,0.0012,3.32,3.08,Snack,Generic,True,"Snacks, popcorn, air-popped",Generic
167960,Cheese Popcorn Snacks,Snacks,113.0,51.6,11.0,15.3,0.14,526.0,6.41,0.0,9.9,0.0,0.011,2.24,91.0,0.713,1.453,0.461,361.0,261.0,9.3,0.241,0.012,889.0,0.79,0.124,33.2,0.008,0.00053,0.235,0.5,0.0,3.82,0.0081999999999999,2.5,2.01,Snack,Generic,True,"Snacks, popcorn, cheese-flavor",Generic
167962,Barbecue Potato Chips,Snacks,32.0,55.92,0.0,11.5,0.247,487.0,4.002,0.124,3.8,0.0,0.064,1.36,58.0,0.385,4.957,0.85,145.0,1186.0,6.51,0.119,0.0004,545.0,5.47,0.221,31.06,0.02,0.0,0.375,62.4,0.0,4.42,0.0161,2.48,0.98,Snack,Generic,True,"Snacks, potato chips, barbecue-flavor",Generic
167963,Sour Cream and Onion Potato Chips,Snacks,72.0,51.5,7.0,0.0,0.299,531.0,8.89,0.0,5.2,0.0,0.062,1.6,74.0,0.405,4.029,0.827,176.0,1331.0,8.1,0.2,0.0081,549.0,0.0,0.189,33.9,0.014,0.001,0.665,37.3,0.0,0.0,0.0,1.8,0.98,Snack,Generic,True,"Snacks, potato chips, sour-cream-and-onion-flavor",Generic
167964,Cheddar Cheese Pretzel Snacks,Snacks,197.0,66.5,5.0,21.0,0.119,463.0,9.656,0.043,3.6,0.0,0.008,0.92,22.0,0.448,3.183,0.481,143.0,130.0,9.85,0.557,0.0057,1117.0,17.6,0.3,16.92,0.056,0.00012,0.046,0.0,0.0001,0.67,0.0033,1.67,0.73,Snack,Generic,True,"Snacks, M&M MARS, COMBOS Snacks Cheddar Cheese Pretzel",Generic
167965,Whole Wheat Pretzels,Snacks,28.0,81.3,0.0,0.0,0.28,362.0,0.56,0.0,7.7,0.0,0.054,2.69,30.0,2.662,6.537,0.812,125.0,430.0,11.1,0.291,0.0,203.0,0.0,0.44,2.6,0.0,0.0,0.274,1.0,0.0,0.0,0.0,3.9,0.62,Snack,Generic,True,"Snacks, pretzels, hard, whole-wheat including both salted and unsalted",Generic
167966,Plain Brown Rice Crackers,Snacks,11.0,81.5,0.0,32.1,0.445,387.0,0.57,0.0,4.2,0.0,0.021,1.49,131.0,3.73,7.806,1.0,360.0,290.0,8.2,0.165,0.0246,166.0,0.89,0.061,2.8,0.0,0.0,0.15,0.0,0.0,0.62,0.0019,5.8,3.0,Snack,Generic,True,"Snacks, rice cracker brown rice, plain",Generic
167967,Brown Rice Rice Cakes,Snacks,11.0,80.1,0.0,0.0,0.38,380.0,0.64,0.0,3.8,0.0,0.021,1.14,151.0,6.18,8.096,1.16,380.0,299.0,9.0,0.103,0.0163999999999999,116.0,0.0,0.056,3.5,0.0,0.0,0.13,0.0,0.0,0.0,0.0,5.9,2.5,Snack,Generic,True,"Snacks, rice cakes, brown rice, buckwheat",Generic
167968,Tropical Trail Mix,Snacks,57.0,65.6,0.0,0.0,0.528,442.0,8.48,0.0,0.0,0.0,0.042,2.64,96.0,0.966,1.482,1.218,186.0,709.0,6.3,0.115,0.0,95.0,0.0,0.45,17.1,0.002,0.0,0.327,7.6,0.0,0.0,0.0,9.0,1.17,Snack,Generic,True,"Snacks, trail mix, tropical",Generic
167969,Trail Mix with Chocolate,Snacks,109.0,44.9,4.0,30.7,0.844,484.0,6.09,0.0,5.0,0.0,0.052,3.39,161.0,1.062,4.405,0.964,387.0,648.0,14.2,0.224,0.0154,121.0,23.88,0.413,31.9,0.0,0.0,0.259,1.3,0.0,8.4,0.0065,6.6,3.14,Snack,Generic,True,"Snacks, trail mix, regular, with chocolate chips, salted nuts and seeds",Generic
167970,Taco-Flavored Tortilla Chips,Snacks,155.0,63.1,0.0,0.0,0.186,480.0,4.64,0.0,5.3,0.0,0.021,2.02,88.0,0.442,1.999,0.29,239.0,217.0,7.9,0.204,0.0067,787.0,0.0,0.242,24.2,0.045,0.0,0.297,0.9,0.0,0.0,0.0,1.6,1.27,Snack,Generic,True,"Snacks, tortilla chips, taco-flavor",Generic
167971,Chocolate Tootsie Roll,Sweets,36.0,87.73,2.0,0.0,0.13,387.0,0.967,0.0,0.1,0.0,0.011,0.8,22.0,0.047,0.21,0.29,57.0,116.0,1.59,0.07,0.0022,44.0,56.32,0.056,3.31,0.0,0.0,0.01,0.0,0.0,0.65,0.0096,6.69,0.4,Snack,Generic,True,"Candies, TOOTSIE ROLL, chocolate-flavor roll",Generic
167973,Unsweetened Carob Candies,Sweets,303.0,56.29,1.0,19.0,0.183,540.0,29.018,0.0,3.8,0.0,0.021,1.29,36.0,0.14,1.04,0.75,126.0,633.0,8.15,0.178,0.0052,107.0,34.11,0.1,31.36,0.001,0.00028,0.13,0.5,0.0,1.57,0.0077,1.54,3.53,Snack,Generic,True,"Candies, carob, unsweetened",Generic
167976,Semisweet Chocolate,Sweets,32.0,63.9,0.0,22.0,0.7,480.0,17.75,0.0,5.9,0.0,0.013,3.13,115.0,0.8,0.427,0.105,132.0,365.0,4.2,0.09,0.0042,11.0,54.5,0.055,30.0,0.0,0.0,0.035,0.0,0.0,0.26,0.0056,0.7,1.62,Snack,Generic,True,"Candies, semisweet chocolate",Generic
167977,Sweet Chocolate Candies,Sweets,24.0,60.4,0.0,29.9,0.574,507.0,20.08,0.0,5.5,0.0,0.003,2.76,113.0,0.494,0.67,0.071,147.0,290.0,3.9,0.24,0.0028,16.0,51.48,0.02,34.2,0.0,0.0,0.043,0.0,0.0,0.26,0.0063,0.5,1.5,Snack,Generic,True,"Candies, sweet chocolate",Generic
167978,Chocolate Coated Candies,Sweets,17.0,80.4,0.0,2.8,0.43,366.0,5.46,0.0,2.1,0.0,0.003,1.56,63.0,0.4,0.575,0.024,95.0,168.0,2.2,0.058,0.0016,26.0,71.42,0.026,9.3,0.0,0.0,0.01,0.0,0.0,0.13,0.0021,7.7,0.45,Snack,Generic,True,"Candies, sweet chocolate coated fondant",Generic
167992,Kit Kat Bar,Sweets,125.0,64.59,11.0,31.0,0.22,518.0,17.953,0.099,1.0,0.0,0.018,1.0,37.0,0.1,0.5,0.64,135.0,231.0,6.51,0.21,0.005,54.0,48.68,0.117,25.99,0.024,0.00056,0.02,0.0,0.0,0.34,0.0052,1.63,0.09,Snack,Generic,True,"Candies, KIT KAT Wafer Bar",Generic
167993,Krackel Chocolate Bar,Sweets,158.0,64.34,11.0,0.0,0.02,523.0,15.92,0.0,2.2,0.0,0.0,1.06,13.0,0.0,0.26,0.42,123.0,325.0,6.62,0.19,0.0035,196.0,52.53,0.05,26.58,0.0,0.0,0.04,0.8,0.0,0.0,0.0,1.17,0.49,Snack,Generic,True,"Candies, KRACKEL Chocolate Bar",Generic
167994,Mars Almond Bar,Sweets,168.0,62.7,17.0,37.1,0.25,467.0,7.268,0.0,2.0,0.0,0.009,1.1,72.0,0.367,0.945,0.404,234.0,325.0,8.1,0.312,0.0016,170.0,52.1,0.041,23.0,0.015,0.0003599999999999,0.06,0.7,0.0,7.75,0.0109,4.5,1.11,Snack,Generic,True,"Candies, MARS SNACKFOOD US, MARS Almond Bar",Generic
167996,Plain Halavah,Sweets,33.0,60.49,0.0,0.0,1.202,469.0,4.127,0.0,4.5,0.0,0.065,4.53,218.0,0.873,2.856,0.174,607.0,187.0,12.49,0.088,0.0115,195.0,0.0,0.424,21.52,0.0,4e-05,0.348,0.1,0.0,0.0,0.0,3.67,4.32,Snack,Generic,True,"Candies, halavah, plain",Mediterranean
167997,OH HENRY! Bar,Sweets,69.0,65.5,7.0,37.1,0.353,462.0,9.6,0.05,1.9,0.0,0.044,0.5,51.0,0.535,2.545,0.539,140.0,259.0,7.7,0.121,0.0032,193.0,46.2,0.149,23.0,0.0,0.0002,0.086,0.0,0.0,2.21,0.0012,2.3,1.19,Snack,Generic,True,"Candies, NESTLE, OH HENRY! Bar",Generic
167999,Mexican Baking Chocolate,Sweets,34.0,77.41,0.0,45.6,0.67,426.0,8.606,0.0,4.0,0.0,0.005,2.18,95.0,0.449,1.829,0.18,142.0,397.0,3.64,0.105,0.0018,3.0,69.4,0.057,15.59,0.0,0.0,0.034,0.1,0.0,0.36,0.0022,1.59,1.26,Snack,Generic,True,"Baking chocolate, mexican, squares",Generic
168000,Chocolate Hazelnut Spread,Sweets,108.0,62.36,0.0,17.6,0.469,539.0,28.423,0.0,5.4,0.0,0.014,4.38,64.0,0.868,0.427,0.357,152.0,407.0,5.41,0.17,0.0036,41.0,54.05,0.085,29.73,0.001,0.00027,0.082,0.0,0.0,4.96,0.0019,1.07,1.06,Snack,Generic,True,Chocolate-flavored hazelnut spread,Generic
168001,Chocolate-Covered Peanuts,Sweets,104.0,49.7,9.0,47.8,0.544,519.0,14.6,0.0,4.7,0.0,0.051,1.31,96.0,0.945,4.249,0.744,212.0,502.0,13.1,0.174,0.0054,41.0,37.59,0.116,33.5,0.041,0.00053,0.1,0.0,0.0,2.4,0.004,1.9,2.6,Snack,Generic,True,"Candies, milk chocolate coated peanuts",Generic
168008,Gluten-Free Classic White Rolls,Baked Products,180.0,50.47,0.0,0.0,0.096,239.0,0.215,0.008,5.1,0.0,0.0,3.57,13.0,0.207,3.875,0.0,50.0,76.0,3.34,0.48,0.0004,593.0,6.87,0.615,2.65,0.0,0.0,0.037,0.0,0.0,0.0,0.0,42.0,0.56,Snack,Generic,True,"Schar, Gluten-Free, Classic White Rolls",Generic
168014,Animal Cookies,Baked Products,43.0,74.1,0.0,12.0,0.157,446.0,3.463,0.0,1.1,0.0,0.165,2.75,18.0,0.423,3.47,0.376,114.0,100.0,6.9,0.326,0.007,335.0,23.3,0.35,13.8,0.0,5e-05,0.022,0.0,0.0,0.12,0.0059,3.9,0.64,Snack,Generic,True,"Cookies, animal crackers (includes arrowroot, tea biscuits)",Generic
168062,Chicken Parmesan,Restaurant Foods,106.0,10.92,54.0,0.0,0.071,204.0,2.55,0.108,0.9,0.0,0.0,0.68,26.0,0.149,6.013,1.052,227.0,293.0,16.17,0.193,0.0247,536.0,2.79,0.08,10.64,0.045,0.0004,0.205,0.0,0.0,1.74,0.0,59.88,0.95,Main Course,Generic,True,"Restaurant, Italian, chicken parmesan without pasta",Western
168063,Arroz con Leche,Restaurant Foods,90.0,24.92,8.0,0.0,0.031,146.0,1.899,0.145,0.5,0.0,0.0,0.23,11.0,0.129,0.31,0.53,83.0,142.0,3.2,0.097,0.0037,106.0,15.26,0.025,3.69,0.0,8e-05,0.025,0.0,0.0,0.21,0.0,67.39,0.5,Main Course,Generic,True,"Restaurant, Latino, arroz con leche (rice pudding)",Mediterranean
168064,Rice and Black Beans,Restaurant Foods,37.0,24.4,0.0,0.0,0.161,151.0,0.729,0.047,3.4,0.0,0.0,1.57,26.0,0.443,1.017,0.263,87.0,224.0,4.64,0.021,0.0048,420.0,0.86,0.122,3.85,0.0,0.0,0.062,0.0,0.0,0.47,0.0103,65.47,0.74,Main Course,Generic,True,"Restaurant, Latino, Arroz con frijoles negros (rice and black beans)",Generic
168065,Arroz con Habichuelas,Restaurant Foods,15.0,23.74,0.0,0.0,0.139,142.0,0.502,0.012,2.6,0.0,0.0,1.22,21.0,0.419,0.813,0.22,75.0,194.0,3.96,0.015,0.0056,370.0,0.15,0.043,3.46,0.0,0.0,0.047,0.0,0.0,0.23,0.0078,67.27,0.71,Main Course,Generic,True,"Restaurant, Latino, Arroz con habichuelas colorados (Rice And Red Beans)",Mediterranean
168068,Latino Black Bean Soup,Restaurant Foods,42.0,14.79,1.0,35.2,0.161,103.0,0.535,0.018,4.9,0.0,0.0,1.76,41.0,0.326,0.675,0.17,109.0,340.0,5.1,0.025,0.0091,311.0,0.89,0.06,2.57,0.001,0.0,0.096,0.0,0.0,0.07,0.006,75.91,0.67,Main Course,Generic,True,"Restaurant, Latino, black bean soup",Mediterranean
168069,Tripe Soup,Restaurant Foods,22.0,4.07,59.0,12.7,0.022,74.0,1.045,0.111,0.0,0.0,0.0,0.68,10.0,0.064,0.523,0.133,42.0,81.0,8.61,0.02,0.0056,411.0,0.0,0.015,2.58,0.0,0.00045,0.038,0.0,0.0,0.38,0.0023,83.41,1.06,Main Course,Generic,True,"Restaurant, Latino, tripe soup",Generic
168072,Beef and Vegetable Stir-Fry,Restaurant Foods,22.0,7.29,14.0,34.5,0.049,105.0,0.978,0.058,1.5,0.0,0.045,1.11,15.0,0.147,1.32,0.443,76.0,204.0,7.08,0.055,0.0067,409.0,2.41,0.033,5.3,0.063,0.00048,0.161,11.6,0.0001,0.82,0.0513,78.82,1.5,Main Course,Generic,True,"Restaurant, Chinese, beef and vegetables",Asian
168073,Chicken Tenderloin Platter,Restaurant Foods,12.0,20.24,42.0,0.0,0.069,294.0,2.83,0.126,1.0,0.0,0.0,0.58,29.0,0.266,7.01,1.39,275.0,330.0,18.67,0.137,0.0152,871.0,0.19,0.093,15.41,0.002,0.00013,0.444,0.0,0.0,1.27,0.0332999999999999,42.61,0.67,Main Course,Generic,True,"CRACKER BARREL, chicken tenderloin platter, fried, from kid's menu",Western
168075,Catfish Platter,Restaurant Foods,43.0,5.31,67.0,0.0,0.048,266.0,3.249,0.193,1.6,0.0,0.0,0.71,34.0,0.075,3.06,0.61,470.0,434.0,22.94,0.09,0.0,414.0,0.0,0.112,17.05,0.0,0.0031,0.182,0.0,0.0,0.0,0.0247,52.32,0.94,Main Course,Generic,True,"CRACKER BARREL, farm raised catfish platter",Western
168076,Mozzarella Cheese Sticks,Restaurant Foods,331.0,27.22,32.0,0.0,0.067,324.0,6.643,0.372,1.6,0.0,0.0,0.84,21.0,0.363,0.98,0.38,358.0,121.0,13.56,0.257,0.0162,1008.0,2.83,0.15,17.87,0.096,0.00095,0.084,0.0,0.0,0.74,0.0254,37.63,1.98,Snack,Generic,True,"DENNY'S, mozzarella cheese sticks",Western
168077,Golden Fried Shrimp,Restaurant Foods,47.0,20.93,83.0,0.0,0.183,319.0,3.515,0.178,1.5,0.0,0.0,1.54,26.0,0.247,2.467,0.36,498.0,128.0,13.88,0.25,0.0185,1400.0,0.75,0.18,20.01,0.002,0.0004,0.085,0.0,0.0,2.61,0.0353,41.05,0.85,Main Course,Generic,True,"DENNY'S, golden fried shrimp",Western
168078,Kid's Macaroni & Cheese,Restaurant Foods,83.0,21.16,7.0,0.0,0.066,150.0,1.384,0.07,1.2,0.0,0.0,0.79,23.0,0.26,0.87,0.49,113.0,165.0,5.19,0.283,0.0208,300.0,4.2,0.1,4.92,0.015,0.00019,0.077,0.0,0.0,0.53,0.003,67.38,0.58,Main Course,Generic,True,"DENNY'S, macaroni & cheese, from kid's menu",Western
168079,Star Shaped Chicken Nuggets,Restaurant Foods,16.0,13.59,57.0,0.0,0.059,377.0,5.606,0.213,0.8,0.0,0.0,1.34,22.0,0.212,6.353,1.155,254.0,244.0,16.27,0.193,0.0173,644.0,0.0,0.137,28.57,0.017,0.00016,0.382,0.0,0.0,1.91,0.0366,39.25,0.73,Main Course,Generic,True,"DENNY'S, chicken nuggets, star shaped, from kid's menu",Western
168080,Shrimp and Vegetables,Restaurant Foods,36.0,4.52,36.0,42.1,0.084,78.0,0.633,0.021,1.4,0.0,0.0,0.72,16.0,0.158,0.935,0.323,74.0,192.0,5.9,0.033,0.0056,375.0,2.16,0.03,4.05,0.066,0.00021,0.125,11.3,0.0,0.99,0.052,84.06,0.49,Main Course,Generic,True,"Restaurant, Chinese, shrimp and vegetables",Asian
168081,Sweet and Sour Chicken,Restaurant Foods,45.0,23.86,27.0,24.2,0.039,250.0,1.933,0.077,1.0,0.0,0.015,2.12,15.0,0.152,3.657,0.56,135.0,158.0,10.1,0.043,0.0115,246.0,11.47,0.053,12.65,0.018,8.999999999999999e-05,0.257,2.4,0.0002,0.82,0.0225,52.17,0.42,Main Course,Generic,True,"Restaurant, Chinese, sweet and sour chicken",Asian
168083,Chicken Chow Mein,Restaurant Foods,21.0,8.29,16.0,24.0,0.029,85.0,0.49,0.017,1.0,0.0,0.0,0.67,11.0,0.099,1.468,0.26,54.0,124.0,6.76,0.023,0.0060999999999999,311.0,1.74,0.031,2.8,0.019,7.000000000000001e-05,0.175,2.0,0.0,0.43,0.022,81.01,0.32,Main Course,Generic,True,"Restaurant, Chinese, chicken chow mein",Asian
168085,Spaghetti with Meat Sauce,Restaurant Foods,15.0,17.19,8.0,15.0,0.098,121.0,1.024,0.064,1.7,0.0,0.0,1.03,18.0,0.221,1.69,0.25,60.0,164.0,5.8,0.143,0.0168,209.0,1.67,0.09,3.28,0.01,0.00013,0.098,0.6,0.0,0.58,0.0043,72.75,0.68,Main Course,Generic,True,"OLIVE GARDEN, spaghetti with meat sauce",Western
168086,Spaghetti with Meat Sauce,Restaurant Foods,15.0,15.71,9.0,16.2,0.088,122.0,1.1,0.068,1.5,0.0,0.0,0.89,15.0,0.187,1.597,0.28,58.0,187.0,5.87,0.15,0.0095,270.0,1.96,0.09,3.92,0.014,0.00021,0.121,0.8,0.0,0.68,0.0033,73.32,0.7,Main Course,Generic,True,"CARRABBA'S ITALIAN GRILL, spaghetti with meat sauce",Western
168087,Sesame Chicken,Restaurant Foods,12.0,26.88,59.0,61.1,0.051,293.0,2.41,0.045,0.7,0.0,0.008,1.09,22.0,0.083,3.96,0.0,130.0,204.0,14.33,0.225,0.0167,482.0,15.98,0.04,14.25,0.083,0.00025,0.267,1.0,0.0001,1.31,0.0271,42.8,0.91,Main Course,Generic,True,"Restaurant, Chinese, sesame chicken",Asian
168095,Peanut Butter Granola Bar,Snacks,108.0,54.1,12.0,24.7,0.323,536.0,17.065,0.0,3.8,0.0,0.025,1.45,67.0,0.0,3.29,0.0,227.0,339.0,9.6,0.21,0.0157,193.0,23.63,0.1,31.2,0.008,0.00046,0.11,0.6,0.0,4.59,0.0057,3.2,1.47,Snack,Generic,True,"Granola bar, soft, milk chocolate coated, peanut butter",Generic
168097,Light Cream Substitute,Dairy and Egg Products,1.0,9.1,0.0,0.0,0.0,71.0,0.896,0.0,0.0,0.0,0.0,0.56,0.0,0.0,0.0,0.0,75.0,177.0,0.8,0.0,0.0009,60.0,9.1,0.0,3.5,0.0,0.0,0.0,0.0,0.0,0.28,0.0009,86.2,0.05,Side Dish,Generic,True,"Cream substitute, liquid, light",Generic
168098,Low-Fat Monterey Cheese,Dairy and Egg Products,705.0,0.7,65.0,15.4,0.032,313.0,14.04,0.0,0.0,0.0,0.018,0.72,27.0,0.0,0.09,0.0,444.0,81.0,28.2,0.36,0.0145,781.0,0.56,0.02,21.6,0.142,0.00083,0.08,0.0,0.0004,0.19,0.0018,46.0,3.0,Side Dish,Generic,True,"Cheese, monterey, low fat",Generic
168103,Sugar-Free Chocolate Frozen Yogurt,Sweets,159.0,19.7,4.0,3.1,0.203,107.0,0.505,0.0,2.0,0.0,0.012,0.04,40.0,0.0,0.2,0.0,129.0,339.0,4.4,0.18,0.0028,81.0,12.61,0.04,0.8,0.002,0.00049,0.04,0.7,0.0,0.08,0.0003,73.5,0.49,Snack,Generic,True,"Frozen yogurts, chocolate, nonfat milk, sweetened without sugar",Generic
168104,Chocolate Frozen Yogurt,Sweets,100.0,21.6,13.0,14.1,0.054,131.0,2.272,0.0,2.3,0.04,0.012,0.46,25.0,0.0,0.14,0.0,89.0,234.0,3.0,0.18,0.0019,63.0,19.24,0.04,3.6,0.039,7.000000000000001e-05,0.04,0.0,0.0001,0.09,0.0003,71.2,0.28,Snack,Generic,True,"Frozen yogurts, chocolate",Generic
168105,Frozen Yogurt,Sweets,100.0,21.6,13.0,23.1,0.009,127.0,2.326,0.0,0.0,0.0257,0.004,0.46,10.0,0.0,0.07,0.0,89.0,156.0,3.0,0.18,0.0019,63.0,19.92,0.04,3.6,0.049,7.000000000000001e-05,0.04,0.7,0.0001,0.09,0.0003,71.2,0.28,Snack,Generic,True,"Frozen yogurts, flavors other than chocolate",Generic
168106,Papad,Legumes and Legume Products,143.0,59.87,4.0,0.4,0.998,371.0,1.084,0.0,18.6,0.0119,0.219,7.8,271.0,1.562,1.472,0.917,385.0,1000.0,25.56,0.258,0.0083,1745.0,0.0,0.277,3.25,0.013,0.0,0.285,0.0,0.0,0.05,0.0004,3.49,3.4,Side Dish,Generic,True,Papad,Asian
168107,Rice Cakes,Snacks,11.0,81.1,0.0,18.9,0.445,392.0,0.875,0.0,4.2,0.0,0.021,1.49,131.0,0.0,7.81,0.0,360.0,428.0,7.1,0.16,0.0246,71.0,0.88,0.06,4.3,0.0,0.0,0.15,0.0,0.0,1.24,0.0019,5.8,3.0,Snack,Generic,True,"Rice cake, cracker (include hain mini rice cakes)",Generic
168108,Almond M&M's,Sweets,155.0,60.5,8.0,37.7,0.552,522.0,9.435,0.072,5.6,0.0,0.012,1.73,116.0,1.03,0.952,0.286,203.0,381.0,7.53,0.324,0.0027,45.0,49.22,0.11,27.76,0.024,0.00022,0.055,0.6,0.0,9.52,0.002,2.52,1.86,Snack,Generic,True,"Candies, MARS SNACKFOOD US, M&M's Almond Chocolate Candies",Generic
168114,Lowfat Cottage Cheese,Dairy and Egg Products,61.0,2.7,4.0,17.5,0.028,72.0,0.632,0.0,0.0,0.0,0.012,0.14,5.0,0.0,0.13,0.0,134.0,86.0,12.4,0.16,0.0084,13.0,2.7,0.02,1.0,0.011,0.00063,0.07,0.0,0.0,0.01,0.0001,83.5,0.38,Side Dish,Generic,True,"Cheese, cottage, lowfat, 1% milkfat, no sodium added",Generic
168116,Unsalted Tortilla Chips,Snacks,174.0,65.32,0.0,18.1,0.523,503.0,2.458,0.0,5.3,0.0,0.01,2.32,146.0,0.0,1.262,1.185,200.0,215.0,7.79,0.1,0.0067,15.0,1.0,0.015,23.36,0.004,0.0003599999999999,0.213,0.0,0.0,3.53,0.0007,2.09,2.46,Snack,Generic,True,"Snacks, tortilla chips, unsalted, white corn",Generic
168117,Unsweetened Cranberry Juice,Fruits and Fruit Juices,8.0,12.2,0.0,3.3,0.055,46.0,0.01,0.0,0.1,0.0,0.001,0.25,6.0,0.0,0.091,0.0,13.0,77.0,0.39,0.018,0.0001,2.0,12.1,0.009,0.13,0.002,0.0,0.052,9.3,0.0,1.2,0.0050999999999999,87.13,0.1,Drink,Generic,True,"Cranberry juice, unsweetened",Generic
168119,Canned Turnip Greens,Vegetables and Vegetable Products,118.0,2.81,0.0,0.3,0.083,19.0,0.07,0.0,1.3,0.0,0.092,1.51,20.0,0.263,0.36,0.214,21.0,141.0,1.36,0.06,0.0007,29.0,0.42,0.01,0.3,0.298,0.0,0.04,15.5,0.0,1.47,0.287,94.69,0.23,Side Dish,Generic,True,"Turnip greens, canned, no salt added",Generic
168121,Low Sodium Cheddar Cheese,Dairy and Egg Products,616.0,1.6,94.0,36.2,0.03,376.0,19.651,0.0,0.0,0.0,0.008,0.39,22.0,0.0,0.07,0.0,745.0,162.0,22.2,0.35,0.0127,7.0,0.45,0.03,31.19,0.254,0.0007,0.07,0.0,0.0006,0.27,0.0026,42.8,2.99,Side Dish,Generic,True,"Cheese, pasteurized process, cheddar or American, low sodium",Generic
168122,Instant Coffee with Creamer,Beverages,18.0,59.94,0.0,0.7,0.011,509.0,25.128,0.0,0.5,0.0,0.001,0.06,2.0,0.011,0.188,0.001,135.0,909.0,1.96,0.0,0.0009,0.0,59.0,0.0,29.1,0.001,0.0,0.0,0.0,0.0,0.26,0.0038,6.16,0.02,Drink,Generic,True,"Beverages, coffee, instant, with whitener, reduced calorie",Generic
168124,Low Sodium Swiss Cheese,Dairy and Egg Products,961.0,3.4,92.0,15.4,0.032,374.0,17.744,0.0,0.0,0.0,0.006,0.17,36.0,0.0,0.09,0.0,605.0,111.0,28.4,0.37,0.0125,14.0,1.31,0.02,27.4,0.216,0.00168,0.08,0.0,0.0005,0.37,0.0024,37.8,3.9,Side Dish,Generic,True,"Cheese, swiss, low sodium",Generic
168126,Pumpernickel Rolls,Baked Products,67.0,51.87,0.0,14.6,0.287,276.0,0.495,0.0,5.4,0.0,0.125,2.78,54.0,1.909,2.97,0.619,171.0,208.0,10.8,0.3,0.0278,492.0,0.4,0.38,2.8,0.0,0.0,0.1,0.0,0.0,0.63,0.0015,32.0,1.48,Side Dish,Generic,True,"Rolls, pumpernickel",Western
168127,Unsalted Corn Chips,Snacks,124.0,57.4,0.0,18.1,0.249,557.0,4.344,0.0,4.4,0.0,0.007,1.7,70.0,0.0,1.48,0.0,184.0,185.0,6.6,0.16,0.0067,15.0,1.41,0.14,33.4,0.004,0.0,0.21,2.0,0.0,1.36,0.0336,1.0,0.85,Snack,Generic,True,"Snacks, corn-based, extruded, chips, unsalted",Generic
168128,Baked Beans,Legumes and Legume Products,50.0,20.49,0.0,30.8,0.206,105.0,0.103,0.0,5.5,0.0,0.024,0.29,32.0,0.0,0.43,0.0,104.0,296.0,4.8,0.06,0.0045,1.0,7.78,0.15,0.4,0.005,0.0,0.13,3.1,0.0,0.15,0.0008,72.6,1.4,Side Dish,Generic,True,"Beans, baked, canned, no salt added",Generic
168137,Light Tortilla Chips,Snacks,159.0,73.4,0.0,23.4,0.116,465.0,2.837,0.0,5.7,0.0,0.016,1.63,97.0,0.0,0.42,0.0,318.0,272.0,8.7,0.28,0.0157,400.0,0.53,0.22,15.2,0.004,6e-05,0.18,0.2,0.0,3.53,0.0007,1.3,1.15,Snack,Generic,True,"Snacks, tortilla chips, light (baked with less oil)",Generic
168139,Low-Fat Microwave Popcorn,Snacks,11.0,73.39,0.0,20.2,0.545,429.0,1.415,0.0,14.2,0.0,0.017,2.28,151.0,0.0,2.07,0.0,264.0,241.0,12.6,0.11,0.0086,490.0,0.54,0.35,9.5,0.007,0.0,0.17,0.0,0.0,5.01,0.0157,2.8,3.83,Snack,Generic,True,"Popcorn, microwave, low fat and sodium",Generic
168141,Low-Fat Swiss Cheese,Dairy and Egg Products,961.0,3.4,35.0,15.4,0.027,179.0,3.304,0.0,0.0,0.0,0.006,0.17,36.0,0.0,0.09,0.0,605.0,111.0,28.4,0.36,0.0127,199.0,1.33,0.02,5.1,0.04,0.00168,0.08,0.0,0.0001,0.07,0.0005,59.6,3.9,Side Dish,Generic,True,"Cheese, swiss, low fat",Generic
168145,Reduced Sugar Jelly,Sweets,5.0,46.1,0.0,6.9,0.023,179.0,0.009,0.0,0.8,0.0,0.001,0.18,6.0,0.0,0.14,0.0,6.0,71.0,0.3,0.02,0.0014,2.0,45.3,0.01,0.03,0.0,0.0,0.04,0.0,0.0,0.0,0.0002,53.0,0.03,Snack,Generic,True,"Jellies, reduced sugar, home preserved",Generic
168153,Green Kiwifruit,Fruits and Fruit Juices,34.0,14.66,0.0,7.8,0.13,61.0,0.029,0.0,3.0,0.0,0.025,0.31,17.0,0.098,0.341,0.183,34.0,312.0,1.14,0.025,0.0002,3.0,8.99,0.027,0.52,0.004,0.0,0.063,92.7,0.0,1.46,0.0402999999999999,83.07,0.14,Snack,Generic,True,"Kiwifruit, green, raw",Generic
168154,Raw Kumquats,Fruits and Fruit Juices,62.0,15.9,0.0,8.4,0.095,71.0,0.103,0.0,6.5,0.0,0.017,0.86,20.0,0.135,0.429,0.208,19.0,186.0,1.88,0.09,0.0,10.0,9.36,0.037,0.86,0.015,0.0,0.036,43.9,0.0,0.15,0.0,80.85,0.17,Snack,Generic,True,"Kumquats, raw",Generic
168155,Fresh Limes,Fruits and Fruit Juices,33.0,10.54,0.0,5.1,0.065,30.0,0.022,0.0,2.8,0.0,0.008,0.6,6.0,0.008,0.2,0.217,18.0,102.0,0.7,0.02,0.0004,2.0,1.69,0.03,0.2,0.002,0.0,0.043,29.1,0.0,0.22,0.0006,88.26,0.11,Snack,Generic,True,"Limes, raw",Generic
168156,Fresh Lime Juice,Fruits and Fruit Juices,14.0,8.42,0.0,5.1,0.027,25.0,0.008,0.0,0.4,0.0,0.01,0.09,8.0,0.018,0.142,0.123,14.0,117.0,0.42,0.015,0.0001,2.0,1.69,0.025,0.07,0.002,0.0,0.038,30.0,0.0,0.22,0.0006,90.79,0.08,Drink,Generic,True,"Lime juice, raw",Generic
168157,Unsweetened Lime Juice,Fruits and Fruit Juices,12.0,6.69,0.0,5.1,0.03,21.0,0.026,0.0,0.4,0.0,0.008,0.23,7.0,0.008,0.163,0.066,10.0,75.0,0.25,0.003,0.0001,16.0,1.37,0.033,0.23,0.001,0.0,0.027,6.4,0.0,0.12,0.0005,92.52,0.06,Drink,Generic,True,"Lime juice, canned or bottled, unsweetened",Generic
168158,Sweetened Dried Blueberries,Fruits and Fruit Juices,19.0,80.0,0.0,18.5,0.16,317.0,0.2,0.0,7.5,0.0,0.012,0.9,18.0,0.0,1.154,0.0,36.0,214.0,2.5,0.127,0.0006,3.0,67.5,0.092,2.5,0.007,0.0,0.152,23.8,0.0,2.35,0.0594,14.8,0.49,Snack,Generic,True,"Blueberries, dried, sweetened",Generic
168159,Canned Prunes,Fruits and Fruit Juices,17.0,27.8,0.0,0.0,0.118,105.0,0.016,0.0,3.8,0.0,0.0,0.41,15.0,0.098,0.866,0.1,26.0,226.0,0.87,0.122,0.0,3.0,0.0,0.034,0.2,0.04,0.0,0.203,2.8,0.0,0.0,0.0,70.67,0.19,Snack,Generic,True,"Prunes, canned, heavy syrup pack, solids and liquids",Generic
168163,Fresh Quinces,Fruits and Fruit Juices,11.0,15.3,0.0,0.0,0.13,57.0,0.01,0.0,1.9,0.0,0.003,0.7,8.0,0.0,0.2,0.081,17.0,197.0,0.4,0.03,0.0006,4.0,0.0,0.02,0.1,0.002,0.0,0.04,15.0,0.0,0.0,0.0,83.8,0.04,Snack,Generic,True,"Quinces, raw",Generic
168164,Golden Seedless Raisins,Fruits and Fruit Juices,64.0,80.02,0.0,11.1,0.228,301.0,0.065,0.0,3.3,0.0,0.003,0.98,35.0,0.226,1.142,0.0,101.0,746.0,3.28,0.191,0.0007,24.0,65.7,0.008,0.2,0.0,0.0,0.323,3.2,0.0,0.12,0.0035,14.9,0.37,Snack,Generic,True,"Raisins, golden, seedless",Generic
168165,Dark Seedless Raisins,Fruits and Fruit Juices,62.0,79.32,0.0,11.1,0.272,299.0,0.094,0.001,4.5,0.2339,0.005,1.79,36.0,0.281,0.766,0.0,98.0,744.0,3.3,0.125,0.0006,26.0,65.18,0.106,0.25,0.0,0.0,0.174,2.3,0.0,0.12,0.0035,15.46,0.36,Snack,Generic,True,"Raisins, dark, seedless (Includes foods for USDA's Food Distribution Program)",Generic
168166,Seeded Raisins,Fruits and Fruit Juices,28.0,78.47,0.0,0.0,0.302,296.0,0.178,0.0,6.8,0.0,0.003,2.59,30.0,0.267,1.114,0.045,75.0,825.0,2.52,0.182,0.0006,28.0,0.0,0.112,0.54,0.0,0.0,0.188,5.4,0.0,0.0,0.0,16.57,0.18,Snack,Generic,True,"Raisins, seeded",Generic
168167,Canned Rambutan,Fruits and Fruit Juices,22.0,20.87,0.0,0.0,0.066,82.0,0.0,0.0,0.9,0.0,0.008,0.35,7.0,0.343,1.352,0.018,9.0,42.0,0.65,0.022,0.0,11.0,0.0,0.013,0.21,0.0,0.0,0.02,4.9,0.0,0.0,0.0,78.04,0.08,Snack,Generic,True,"Rambutan, canned, syrup pack",Asian
168169,Cooked Rhubarb,Fruits and Fruit Juices,145.0,31.2,0.0,4.4,0.027,116.0,0.014,0.0,2.0,0.0,0.005,0.21,12.0,0.073,0.2,0.05,8.0,96.0,0.39,0.023,0.0009,1.0,28.7,0.018,0.05,0.004,0.0,0.02,3.3,0.0,0.19,0.0211,67.79,0.08,Snack,Generic,True,"Rhubarb, frozen, cooked, with sugar",Generic
168172,Canned Strawberries in Syrup,Fruits and Fruit Juices,13.0,23.53,0.0,3.8,0.063,92.0,0.014,0.0,1.7,0.0,0.028,0.49,8.0,0.2,0.057,0.179,12.0,86.0,0.56,0.034,0.0003,4.0,21.83,0.021,0.26,0.001,0.0,0.049,31.7,0.0,0.19,0.0015,75.35,0.09,Snack,Generic,True,"Strawberries, canned, heavy syrup pack, solids and liquids",Generic
168173,Frozen Strawberries,Fruits and Fruit Juices,16.0,9.13,0.0,5.7,0.049,35.0,0.006,0.0,2.1,0.0,0.017,0.75,11.0,0.29,0.462,0.108,13.0,148.0,0.43,0.037,0.0007,2.0,4.56,0.022,0.11,0.002,0.0,0.028,41.2,0.0,0.29,0.0022,89.97,0.13,Snack,Generic,True,"Strawberries, frozen, unsweetened (Includes foods for USDA's Food Distribution Program)",Generic
168174,Sweetened Sliced Strawberries,Fruits and Fruit Juices,11.0,25.92,0.0,4.6,0.02,96.0,0.007,0.0,1.9,0.0,0.015,0.59,7.0,0.25,0.401,0.108,13.0,98.0,0.53,0.051,0.0007,3.0,24.01,0.016,0.13,0.001,0.0,0.03,41.4,0.0,0.23,0.0017,73.18,0.06,Snack,Generic,True,"Strawberries, frozen, sweetened, sliced",Generic
168175,Raw Sugar Apples,Fruits and Fruit Juices,24.0,23.64,0.0,0.0,0.086,94.0,0.048,0.0,4.4,0.0,0.014,0.6,21.0,0.0,0.883,0.226,32.0,247.0,2.06,0.113,0.0006,9.0,0.0,0.11,0.29,0.0,0.0,0.2,36.3,0.0,0.0,0.0,73.23,0.1,Snack,Generic,True,"Sugar-apples, (sweetsop), raw",Generic
168176,Raw Feijoa,Fruits and Fruit Juices,17.0,15.21,0.0,0.0,0.036,61.0,0.104,0.0,6.4,0.0,0.023,0.14,9.0,0.084,0.295,0.233,19.0,172.0,0.71,0.018,0.0,3.0,8.2,0.006,0.42,0.0,0.0,0.067,32.9,0.0,0.16,0.0035,83.28,0.06,Snack,Generic,True,"Feijoa, raw",Generic
168177,Raw Asian Pears,Fruits and Fruit Juices,4.0,10.65,0.0,5.1,0.05,42.0,0.012,0.0,3.6,0.0,0.008,0.0,8.0,0.06,0.219,0.07,11.0,121.0,0.5,0.01,0.0001,0.0,7.05,0.009,0.23,0.0,0.0,0.022,3.8,0.0,0.12,0.0045,88.25,0.02,Snack,Generic,True,"Pears, asian, raw",Asian
168179,Canned Blueberries,Fruits and Fruit Juices,6.0,22.66,0.0,4.0,0.053,88.0,0.028,0.0,2.6,0.0,0.002,0.43,4.0,0.44,0.363,0.041,12.0,54.0,1.04,0.132,0.0001,3.0,17.45,0.046,0.4,0.002,0.0,0.049,0.5,0.0,1.38,0.0198999999999999,75.72,0.09,Snack,Generic,True,"Blueberries, canned, light syrup, drained",Generic
168180,Canned Wild Blueberries,Fruits and Fruit Juices,19.0,28.32,0.0,0.0,0.0,107.0,0.0,0.0,4.9,0.0,0.008,2.2,6.0,2.3,0.469,0.041,14.0,46.0,0.56,0.313,0.0,1.0,19.28,0.033,0.34,0.0,0.0,0.035,0.3,0.0,0.0,0.0148,70.63,0.12,Snack,Generic,True,"Blueberries, wild, canned, heavy syrup, drained",Generic
168181,Canned Peaches,Fruits and Fruit Juices,3.0,18.43,0.0,3.8,0.063,72.0,0.013,0.0,1.2,0.0068,0.009,0.27,5.0,0.0,0.625,0.024,12.0,94.0,0.52,0.02,0.0,6.0,14.66,0.02,0.18,0.031,0.0,0.013,0.7,0.0,1.19,0.0024,80.62,0.09,Snack,Generic,True,"Peaches, canned, heavy syrup, drained",Generic
168182,Canned Pears,Fruits and Fruit Juices,6.0,19.08,0.0,1.3,0.061,74.0,0.01,0.0,2.7,0.0075,0.001,0.22,4.0,0.0,0.242,0.0,8.0,66.0,0.24,0.024,0.0001,5.0,16.42,0.011,0.18,0.0,0.0,0.014,1.1,0.0,0.12,0.0003,80.35,0.08,Snack,Generic,True,"Pears, canned, heavy syrup, drained",Generic
168183,Canned Plums in Syrup,Fruits and Fruit Juices,10.0,23.12,0.0,0.8,0.046,89.0,0.011,0.0,1.5,0.0,0.003,0.84,5.0,0.0,0.291,0.0,15.0,93.0,0.44,0.041,0.0,19.0,21.58,0.017,0.14,0.02,0.0,0.028,0.4,0.0,0.26,0.0064,76.06,0.07,Snack,Generic,True,"Plums, canned, heavy syrup, drained",Generic
168184,Canned Tangerines,Fruits and Fruit Juices,12.0,9.41,0.0,6.0,0.041,38.0,0.004,0.0,1.2,0.0,0.005,0.27,11.0,0.0,0.445,0.0,11.0,136.0,0.75,0.031,0.0004,5.0,8.25,0.088,0.04,0.066,0.0,0.043,33.9,0.0,0.15,0.0,89.51,0.53,Snack,Generic,True,"Tangerines, (mandarin oranges), canned, juice pack, drained",Generic
168185,Canned Peach Nectar,Fruits and Fruit Juices,6.0,11.93,0.0,0.0,0.018,50.0,0.224,0.0,0.1,0.0,0.001,0.07,5.0,0.014,0.2,0.05,5.0,50.0,0.21,0.02,0.0,8.0,11.16,0.06,0.51,0.028,0.0,0.037,30.2,0.0,0.61,0.0,87.28,0.02,Drink,Generic,True,"Peach nectar, canned, with added ascorbic acid",Generic
168186,Pear Nectar,Fruits and Fruit Juices,5.0,15.76,0.0,0.0,0.067,60.0,0.001,0.0,0.6,0.0119,0.001,0.26,3.0,0.03,0.128,0.022,3.0,13.0,0.11,0.013,0.0005,4.0,15.16,0.002,0.01,0.0,0.0,0.014,27.0,0.0,0.0,0.0,84.01,0.07,Drink,Generic,True,"Pear nectar, canned, with added ascorbic acid",Generic
168187,Unsweetened Pineapple Juice,Fruits and Fruit Juices,13.0,12.87,0.0,3.3,0.069,53.0,0.008,0.0,0.2,0.0055,0.018,0.31,12.0,0.504,0.199,0.056,8.0,130.0,0.36,0.021,0.0001,2.0,9.98,0.058,0.12,0.0,0.0,0.1,43.8,0.0,0.02,0.0003,86.37,0.11,Drink,Generic,True,"Pineapple juice, canned or bottled, unsweetened, with added ascorbic acid",Generic
168189,Unsweetened White Grapefruit Juice,Fruits and Fruit Juices,15.0,7.51,0.0,0.0,0.032,37.0,0.0,0.0,0.6,0.0,0.0,0.08,9.0,0.019,0.263,0.28,17.0,142.0,0.54,0.02,0.0,2.0,7.69,0.065,0.64,0.002,0.0,0.037,31.1,0.0,0.21,0.0,91.0,0.05,Drink,Generic,True,"Grapefruit juice, white, bottled, unsweetened, OCEAN SPRAY",Generic
168190,Canned Jackfruit in Syrup,Fruits and Fruit Juices,44.0,23.94,0.0,0.0,0.05,92.0,0.0,0.0,0.9,0.0,0.014,0.29,10.0,0.078,0.677,0.072,6.0,96.0,0.36,0.036,0.0,11.0,0.0,0.033,0.14,0.0,0.0,0.044,0.5,0.0,0.0,0.0,75.28,0.11,Snack,Generic,True,"Jackfruit, canned, syrup pack",Asian
168191,Medjool Dates,Fruits and Fruit Juices,64.0,74.97,0.0,9.9,0.362,277.0,0.0,0.0,6.7,0.0,0.015,0.9,54.0,0.296,1.61,0.805,62.0,696.0,1.81,0.06,0.0,1.0,66.47,0.05,0.15,0.007,0.0,0.249,0.0,0.0,0.0,0.0027,21.32,0.44,Snack,Generic,True,"Dates, medjool",Generic
168193,Raw Pineapple,Fruits and Fruit Juices,13.0,11.82,0.0,5.6,0.081,45.0,0.0,0.0,0.0,0.0,0.0,0.25,12.0,1.593,0.47,0.193,9.0,125.0,0.55,0.029,0.0,1.0,8.29,0.078,0.13,0.003,0.0,0.106,16.9,0.0,0.0,0.0007,87.24,0.08,Snack,Generic,True,"Pineapple, raw, traditional varieties",Generic
168194,Extra Sweet Pineapple,Fruits and Fruit Juices,13.0,13.5,0.0,5.4,0.113,51.0,0.0,0.0,1.4,0.0,0.019,0.28,12.0,0.818,0.507,0.217,8.0,108.0,0.53,0.033,0.0001,1.0,10.32,0.08,0.11,0.003,0.0,0.114,56.4,0.0,0.02,0.0007,85.66,0.12,Snack,Generic,True,"Pineapple, raw, extra sweet variety",Generic
168195,Clementines,Fruits and Fruit Juices,30.0,12.02,0.0,14.0,0.043,47.0,0.0,0.0,1.7,0.0,0.024,0.14,10.0,0.023,0.636,0.151,21.0,177.0,0.85,0.03,0.0001,1.0,9.18,0.086,0.15,0.0,0.0,0.075,48.8,0.0,0.2,0.0,86.58,0.06,Snack,Generic,True,"Clementines, raw",Generic
168196,Guanabana Nectar,Fruits and Fruit Juices,7.0,14.93,0.0,2.2,0.01,59.0,0.029,0.0,0.1,0.0,0.006,0.36,3.0,0.01,0.12,0.07,2.0,25.0,0.11,0.011,0.0004,8.0,13.07,0.003,0.17,0.0,0.0,0.007,11.1,0.0,0.01,0.0,84.72,0.02,Drink,Generic,True,"Guanabana nectar, canned",Generic
168197,Apple Grape Juice,Fruits and Fruit Juices,11.0,12.46,0.0,2.4,0.01,50.0,0.023,0.0,0.2,0.0721,0.0,0.11,7.0,0.041,0.087,0.035,9.0,96.0,0.16,0.015,0.0001,7.0,10.92,0.006,0.12,0.0,0.0,0.021,28.2,0.0,0.01,0.0002,87.05,0.05,Drink,Generic,True,"Juice, apple and grape blend, with added ascorbic acid",Generic
168198,Apple Grape Pear Juice,Fruits and Fruit Juices,72.0,12.96,0.0,1.8,0.013,52.0,0.021,0.0,0.2,0.0435,0.0,0.14,6.0,0.086,0.094,0.03,11.0,89.0,0.17,0.015,0.0001,5.0,9.95,0.005,0.12,0.0,0.0,0.018,50.7,0.0,0.01,0.0,86.44,0.06,Drink,Generic,True,"Juice, apple, grape and pear blend, with added ascorbic acid and calcium",Generic
168199,Fried Green Plantains,Fruits and Fruit Juices,4.0,49.17,0.0,0.0,0.183,309.0,3.69,0.159,3.5,0.0,0.0,0.67,58.0,0.188,0.818,0.388,44.0,482.0,1.5,0.102,0.0,2.0,3.63,0.047,11.81,0.06,0.0,0.264,3.4,0.0,0.0,0.0,36.08,0.23,Main Course,Generic,True,"Plantains, green, fried",Generic
168200,Fried Yellow Plantains,Fruits and Fruit Juices,6.0,40.77,0.0,0.0,0.116,236.0,1.816,0.111,3.2,0.0,0.0,0.62,45.0,0.28,0.837,0.6,43.0,507.0,1.42,0.02,0.0004,6.0,21.76,0.07,7.51,0.066,0.0,0.29,0.0,0.0,1.1,0.0318,49.04,0.24,Side Dish,Generic,True,"Plantains, yellow, fried, Latino restaurant",Generic
168201,Red Delicious Apples,Fruits and Fruit Juices,6.0,14.06,0.0,3.4,0.027,59.0,0.0,0.0,2.3,0.0,0.0,0.11,5.0,0.034,0.075,0.051,12.0,104.0,0.27,0.025,0.0,1.0,10.48,0.015,0.2,0.003,0.0,0.034,0.0,0.0,0.24,0.0026,85.33,0.04,Snack,Generic,True,"Apples, raw, red delicious, with skin (Includes foods for USDA's Food Distribution Program)",Generic
168202,Golden Delicious Apples,Fruits and Fruit Juices,6.0,13.6,0.0,5.1,0.03,57.0,0.0,0.0,2.4,0.0,0.0,0.13,5.0,0.035,0.094,0.074,10.0,100.0,0.28,0.026,0.0,2.0,10.04,0.018,0.15,0.003,0.0,0.051,0.0,0.0,0.18,0.0018,85.81,0.04,Snack,Generic,True,"Apples, raw, golden delicious, with skin",Generic
168203,Granny Smith Apples,Fruits and Fruit Juices,5.0,13.61,0.0,3.4,0.031,58.0,0.0,0.0,2.8,0.0,0.0,0.15,5.0,0.044,0.126,0.056,12.0,120.0,0.44,0.025,0.0001,1.0,9.59,0.019,0.19,0.005,0.0,0.037,0.0,0.0,0.18,0.0032,85.46,0.04,Snack,Generic,True,"Apples, raw, granny smith, with skin (Includes foods for USDA's Food Distribution Program)",Generic
168204,Gala Apples,Fruits and Fruit Juices,7.0,13.68,0.0,3.4,0.021,57.0,0.0,0.0,2.3,0.0,0.0,0.12,5.0,0.037,0.075,0.055,11.0,108.0,0.25,0.029,0.0,1.0,10.37,0.017,0.12,0.001,0.0,0.049,0.0,0.0,0.18,0.0013,85.76,0.05,Snack,Generic,True,"Apples, raw, gala, with skin (Includes foods for USDA's Food Distribution Program)",Generic
168205,Unsweetened Canned Pineapple Juice,Fruits and Fruit Juices,14.0,12.18,0.0,0.0,0.028,50.0,0.0,0.0,0.2,0.0,0.012,0.26,11.0,0.504,0.141,0.056,9.0,132.0,0.36,0.016,0.0,3.0,9.98,0.058,0.14,0.0,0.0,0.1,31.3,0.0,0.63,0.0,87.06,0.11,Drink,Generic,True,"Pineapple juice, canned, not from concentrate, unsweetened, with added vitamins A, C and E",Generic
168207,Unsweetened Grape Juice,Fruits and Fruit Juices,42.0,14.77,0.0,3.2,0.018,62.0,0.025,0.0,0.2,0.138,0.0,0.25,10.0,0.239,0.133,0.048,14.0,104.0,0.37,0.015,0.0,5.0,14.2,0.017,0.13,0.0,0.0,0.032,25.0,0.0,0.0,0.0004,84.51,0.07,Drink,Generic,True,"Grape juice, canned or bottled, unsweetened, with added ascorbic acid and calcium",Generic
168209,Frozen Raspberries,Fruits and Fruit Juices,24.0,12.55,0.0,0.0,0.09,56.0,0.064,0.0,4.3,0.0,0.028,0.76,23.0,0.61,0.675,0.402,30.0,184.0,1.15,0.1,0.0,4.0,6.54,0.089,0.81,0.004,0.0,0.062,17.6,0.0,0.75,0.0,85.01,0.31,Snack,Generic,True,"Raspberries, frozen, red, unsweetened",Generic
168210,Guava Nectar,Fruits and Fruit Juices,8.0,13.3,0.0,1.1,0.025,48.0,0.023,0.0,1.2,0.0,0.004,0.54,2.0,0.058,0.17,0.0,3.0,33.0,0.3,0.005,0.0001,6.0,10.15,0.005,0.07,0.002,0.0,0.009,21.3,0.0,0.06,0.001,86.23,0.02,Drink,Generic,True,"Guava nectar, with sucralose, canned",Generic
168211,SunGold Kiwifruit,Fruits and Fruit Juices,17.0,15.79,0.0,1.9,0.151,63.0,0.065,0.0,1.4,0.0,0.031,0.21,12.0,0.048,0.231,0.12,25.0,315.0,1.02,0.074,0.0004,3.0,12.3,0.0,0.28,0.001,8e-05,0.079,161.3,0.0,1.4,0.0060999999999999,82.44,0.08,Snack,Generic,True,"Kiwifruit, ZESPRI SunGold, raw",Generic
168212,Cranberry Juice Blend,Fruits and Fruit Juices,19.0,10.91,0.0,1.8,0.016,45.0,0.002,0.0,0.1,0.0,0.018,0.08,5.0,0.067,0.094,0.0,8.0,76.0,0.27,0.015,0.0001,6.0,9.8,0.005,0.12,0.001,0.0,0.018,31.5,0.0,0.01,0.0,88.6,0.05,Drink,Generic,True,"Cranberry juice blend, 100% juice, bottled, with added vitamin C and calcium",Generic
168213,Strawberry Banana Smoothie,Fruits and Fruit Juices,10.0,11.05,0.0,3.8,0.04,48.0,0.059,0.0,0.6,0.0,0.03,0.2,14.0,0.18,0.285,0.21,18.0,201.0,0.5,0.05,0.0002,2.0,9.9,0.05,0.32,0.011,0.0,0.065,38.4,0.0,8.93,0.0008,87.74,0.08,Drink,Generic,True,"Fruit juice smoothie, ODWALLA, strawberry banana",Generic
168214,Strawberry Banana Smoothie,Fruits and Fruit Juices,10.0,11.66,0.0,3.8,0.04,50.0,0.061,0.002,0.6,0.0,0.035,0.2,14.0,0.18,0.31,0.0,18.0,201.0,0.48,0.057,0.0004,2.0,10.05,0.04,0.27,0.002,0.0,0.115,8.4,0.0,0.13,0.0021,87.28,0.08,Drink,Generic,True,"Fruit juice smoothie, NAKED JUICE, strawberry banana",Generic
168216,Boiled Green Plantains,Fruits and Fruit Juices,3.0,29.15,0.0,0.0,0.08,121.0,0.072,0.001,2.6,0.0,0.0,0.3,28.0,0.109,0.39,0.38,24.0,289.0,1.09,0.065,0.0,2.0,2.25,0.05,0.08,0.0,0.0,0.22,9.1,0.0,0.0,0.0038,69.08,0.14,Side Dish,Generic,True,"Plantains, green, boiled",Generic
168217,Raspberry Juice,Fruits and Fruit Juices,97.0,53.19,0.0,0.0,0.138,221.0,0.056,0.0,1.1,0.0,0.0,1.16,112.0,4.67,3.89,2.7,100.0,1178.0,3.04,0.34,0.0,10.0,38.21,0.25,1.34,0.0,0.0,0.25,38.1,0.0,0.06,0.0,41.15,1.29,Drink,Generic,True,Raspberry juice concentrate,Generic
168384,Sprouted Alfalfa Greens,Vegetables and Vegetable Products,32.0,2.1,0.0,14.4,0.157,23.0,0.069,0.0,1.9,0.0,0.036,0.96,27.0,0.188,0.481,0.563,70.0,79.0,3.99,0.126,0.0006,6.0,0.2,0.076,0.69,0.008,0.0,0.034,8.2,0.0,0.02,0.0305,92.82,0.92,Snack,Generic,True,"Alfalfa seeds, sprouted, raw",Generic
168385,Raw Amaranth Leaves,Vegetables and Vegetable Products,215.0,4.02,0.0,0.0,0.162,23.0,0.091,0.0,0.0,0.0,0.085,2.32,55.0,0.885,0.658,0.064,50.0,611.0,2.46,0.158,0.0009,20.0,0.0,0.027,0.33,0.146,0.0,0.192,43.3,0.0,0.0,1.14,91.69,0.9,Side Dish,Generic,True,"Amaranth leaves, raw",Generic
168386,Cooked Artichokes,Vegetables and Vegetable Products,21.0,11.95,0.0,34.4,0.127,53.0,0.079,0.0,5.7,0.0,0.089,0.61,42.0,0.225,1.11,0.24,73.0,286.0,2.89,0.089,0.0002,60.0,0.99,0.05,0.34,0.001,0.0,0.081,7.4,0.0,0.19,0.0148,84.08,0.4,Side Dish,Generic,True,"Artichokes, (globe or french), cooked, boiled, drained, without salt",Mediterranean
168388,Cooked Artichokes,Vegetables and Vegetable Products,21.0,9.18,0.0,29.2,0.061,45.0,0.119,0.0,4.6,0.0,0.119,0.56,31.0,0.273,0.915,0.2,61.0,264.0,3.11,0.158,0.0002,53.0,0.84,0.062,0.5,0.001,0.0,0.087,5.0,0.0,0.16,0.0126,86.5,0.36,Side Dish,Generic,True,"Artichokes, (globe or french), frozen, cooked, boiled, drained, without salt",Mediterranean
168389,Raw Asparagus,Vegetables and Vegetable Products,24.0,3.88,0.0,16.0,0.189,20.0,0.04,0.0,2.1,0.0,0.052,2.14,14.0,0.158,0.978,0.274,52.0,202.0,2.2,0.141,0.0023,2.0,1.88,0.143,0.12,0.038,0.0,0.091,5.6,0.0,1.13,0.0416,93.22,0.54,Side Dish,Generic,True,"Asparagus, raw",Generic
168390,Boiled Asparagus,Vegetables and Vegetable Products,23.0,4.11,0.0,26.1,0.165,22.0,0.048,0.0,2.0,0.0219,0.149,0.91,14.0,0.154,1.084,0.225,54.0,224.0,2.4,0.139,0.0060999999999999,14.0,1.3,0.162,0.22,0.05,0.0,0.079,7.7,0.0,1.5,0.0506,92.63,0.6,Side Dish,Generic,True,"Asparagus, cooked, boiled, drained",Generic
168391,Raw Balsam-Pear Tips,Vegetables and Vegetable Products,84.0,3.29,0.0,0.0,0.201,30.0,0.0,0.0,0.0,0.0,0.128,2.04,85.0,0.536,1.11,0.063,99.0,608.0,5.3,0.362,0.0009,11.0,0.0,0.181,0.69,0.087,0.0,0.803,88.0,0.0,0.0,0.0,89.25,0.3,Side Dish,Generic,True,"Balsam-pear (bitter gourd), leafy tips, raw",Generic
168392,Cooked Bitter Gourd Tips,Vegetables and Vegetable Products,42.0,6.68,0.0,21.0,0.201,34.0,0.032,0.0,1.9,0.0,0.088,1.02,94.0,0.536,0.995,0.06,77.0,602.0,3.6,0.282,0.0009,13.0,1.04,0.147,0.2,0.121,0.0,0.76,55.6,0.0,1.45,0.1631,88.69,0.3,Side Dish,Generic,True,"Balsam-pear (bitter gourd), leafy tips, cooked, boiled, drained, without salt",Asian
168393,Bitter Gourd,Vegetables and Vegetable Products,19.0,3.7,0.0,0.0,0.034,17.0,0.0,0.0,2.8,0.0,0.072,0.43,17.0,0.089,0.4,0.212,31.0,296.0,1.0,0.04,0.0002,5.0,0.0,0.04,0.17,0.024,0.0,0.043,84.0,0.0,0.0,0.0,94.03,0.8,Side Dish,Generic,True,"Balsam-pear (bitter gourd), pods, raw",Asian
168394,Cooked Bitter Gourd,Vegetables and Vegetable Products,9.0,4.32,0.0,10.8,0.033,19.0,0.014,0.0,2.0,0.0,0.051,0.38,16.0,0.086,0.28,0.193,36.0,319.0,0.84,0.053,0.0002,6.0,1.95,0.051,0.18,0.006,0.0,0.041,33.0,0.0,0.14,0.0048,93.95,0.77,Side Dish,Generic,True,"Balsam-pear (bitter gourd), pods, cooked, boiled, drained, without salt",Asian
168395,Cooked Kidney Beans,Vegetables and Vegetable Products,19.0,4.72,0.0,0.0,0.174,33.0,0.083,0.0,0.0,0.0,0.047,0.89,23.0,0.199,3.024,0.381,38.0,194.0,4.83,0.273,0.0006,7.0,0.0,0.362,0.58,0.0,0.0,0.093,35.6,0.0,0.0,0.0,89.3,0.44,Main Course,Generic,True,"Beans, kidney, mature seeds, sprouted, cooked, boiled, drained, without salt",Generic
168397,Sweet Yellow Corn,Vegetables and Vegetable Products,2.0,13.02,0.0,0.0,0.031,64.0,0.219,0.0,1.7,0.0,0.029,0.22,11.0,0.056,0.78,0.0,41.0,116.0,2.18,0.015,0.0,163.0,4.11,0.015,1.43,0.0,0.0,0.0,1.7,0.0,0.0,0.0,82.8,0.28,Side Dish,Generic,True,"Corn, sweet, yellow, canned, drained solids, rinsed with tap water",Generic
168399,Sweet Corn Kernels,Vegetables and Vegetable Products,3.0,19.3,0.0,22.0,0.048,81.0,0.103,0.0,2.4,0.0,0.035,0.47,28.0,0.155,1.311,0.151,79.0,233.0,2.55,0.062,0.0007,1.0,3.07,0.03,0.67,0.01,0.0,0.099,3.5,0.0,0.07,0.0003,77.03,0.63,Side Dish,Generic,True,"Corn, sweet, yellow, frozen, kernels cut off cob, boiled, drained, without salt",Generic
168401,Boiled Sweet Corn on the Cob,Vegetables and Vegetable Products,3.0,22.33,0.0,0.0,0.046,94.0,0.114,0.0,2.8,0.0,0.031,0.61,29.0,0.142,1.517,0.25,75.0,251.0,3.11,0.069,0.0007,4.0,3.59,0.174,0.74,0.012,0.0,0.224,4.8,0.0,0.08,0.0004,73.2,0.63,Side Dish,Generic,True,"Corn, sweet, yellow, frozen, kernels on cob, cooked, boiled, drained, without salt",Generic
168402,Cowpeas,Vegetables and Vegetable Products,128.0,20.32,0.0,32.9,0.133,97.0,0.096,0.0,5.0,0.0,0.127,1.12,52.0,0.572,1.403,0.154,51.0,418.0,3.17,0.148,0.0025,4.0,3.23,0.101,0.38,0.04,0.0,0.065,2.2,0.0,0.22,0.0266,75.48,1.03,Side Dish,Generic,True,"Cowpeas (blackeyes), immature seeds, cooked, boiled, drained, without salt",Generic
168404,Cooked Cowpeas,Vegetables and Vegetable Products,23.0,23.76,0.0,45.6,0.184,132.0,0.175,0.0,6.4,0.0,0.141,2.12,50.0,0.791,0.728,0.213,122.0,375.0,8.49,0.064,0.0034,5.0,4.46,0.26,0.66,0.004,0.0,0.095,2.6,0.0,0.3,0.0368,66.1,1.42,Main Course,Generic,True,"Cowpeas (blackeyes), immature seeds, frozen, cooked, boiled, drained, without salt",Generic
168406,Cooked Cowpeas,Vegetables and Vegetable Products,69.0,2.8,0.0,0.0,0.154,22.0,0.026,0.0,0.0,0.0,0.06,1.09,62.0,0.412,1.008,0.046,42.0,351.0,4.67,0.142,0.0009,6.0,0.0,0.256,0.1,0.029,0.0,0.135,18.4,0.0,0.0,0.0,91.3,0.24,Main Course,Generic,True,"Cowpeas, leafy tips, cooked, boiled, drained, without salt",Generic
168407,Raw Garden Cress,Vegetables and Vegetable Products,81.0,5.5,0.0,19.5,0.17,32.0,0.023,0.0,1.1,0.0,0.08,1.3,38.0,0.553,1.0,0.242,76.0,606.0,2.6,0.26,0.0009,14.0,4.4,0.08,0.7,0.346,0.0,0.247,69.0,0.0,0.7,0.5418999999999999,89.4,0.23,Side Dish,Generic,True,"Cress, garden, raw",Generic
168408,Boiled Garden Cress,Vegetables and Vegetable Products,61.0,3.8,0.0,13.8,0.114,23.0,0.02,0.0,0.7,0.0,0.037,0.8,26.0,0.372,0.8,0.163,48.0,353.0,1.9,0.16,0.0009,8.0,3.11,0.06,0.6,0.232,0.0,0.157,23.0,0.0,0.5,0.3833999999999999,92.5,0.15,Side Dish,Generic,True,"Cress, garden, cooked, boiled, drained, without salt",Generic
168409,Raw Cucumber,Vegetables and Vegetable Products,16.0,3.63,0.0,6.0,0.041,15.0,0.037,0.0,0.5,0.0013,0.007,0.28,13.0,0.079,0.098,0.259,24.0,147.0,0.65,0.033,0.0003,2.0,1.67,0.027,0.11,0.005,0.0,0.04,2.8,0.0,0.03,0.0163999999999999,95.23,0.2,Side Dish,Generic,True,"Cucumber, with peel, raw",Generic
168411,Prepared Edamame,Vegetables and Vegetable Products,63.0,8.91,0.0,56.3,0.345,121.0,0.62,0.009,5.2,0.0,0.311,2.27,64.0,1.024,0.915,0.395,169.0,436.0,11.91,0.155,0.0008,6.0,2.18,0.2,5.2,0.015,0.0,0.1,6.1,0.0,0.68,0.0267,72.77,1.37,Side Dish,Generic,True,"Edamame, frozen, prepared",Asian
168412,Raw Endive,Vegetables and Vegetable Products,52.0,3.35,0.0,16.8,0.099,17.0,0.048,0.0,3.1,0.0,0.142,0.83,15.0,0.42,0.4,0.9,28.0,314.0,1.25,0.075,0.0002,22.0,0.25,0.08,0.2,0.108,0.0,0.02,6.5,0.0,0.44,0.231,93.79,0.79,Side Dish,Generic,True,"Endive, raw",Generic
168413,Boiled Escarole,Vegetables and Vegetable Products,46.0,3.07,0.0,15.4,0.087,15.0,0.042,0.0,2.8,0.0067,0.078,0.72,13.0,0.385,0.312,0.826,22.0,245.0,1.15,0.062,0.0002,19.0,0.23,0.059,0.18,0.094,0.0,0.016,3.3,0.0,0.4,0.2119,94.29,0.69,Side Dish,Generic,True,"Escarole, cooked, boiled, drained, no salt added",Generic
168415,Cooked Dishcloth Gourd,Vegetables and Vegetable Products,9.0,14.34,0.0,0.0,0.085,56.0,0.027,0.0,2.9,0.0,0.012,0.36,20.0,0.223,0.26,0.501,31.0,453.0,0.66,0.042,0.0002,21.0,5.17,0.046,0.34,0.0,0.0,0.099,5.7,0.0,0.24,0.0017,84.29,0.17,Side Dish,Generic,True,"Gourd, dishcloth (towelgourd), cooked, boiled, drained, without salt",Generic
168420,Cooked Jute,Vegetables and Vegetable Products,211.0,7.29,0.0,12.8,0.255,37.0,0.03,0.0,2.0,0.0,0.104,3.14,62.0,0.123,0.89,0.072,72.0,550.0,3.68,0.192,0.0009,11.0,1.0,0.091,0.2,0.259,0.0,0.57,33.0,0.0,0.7,0.108,87.15,0.79,Side Dish,Generic,True,"Jute, potherb, cooked, boiled, drained, without salt",Generic
168423,Raw Morel Mushrooms,Vegetables and Vegetable Products,43.0,5.1,0.0,0.0,0.625,31.0,0.065,0.0,2.8,0.0,0.009,12.18,19.0,0.587,2.252,0.44,194.0,411.0,3.12,0.205,0.0022,21.0,0.6,0.069,0.57,0.0,0.0,0.136,0.0,0.0050999999999999,0.0,0.0,89.61,2.03,Side Dish,Generic,True,"Mushrooms, morel, raw",Generic
168424,Raw Kohlrabi,Vegetables and Vegetable Products,24.0,6.2,0.0,12.3,0.129,27.0,0.013,0.0,3.6,0.0,0.016,0.4,19.0,0.139,0.4,0.165,46.0,350.0,1.7,0.02,0.0007,20.0,2.6,0.05,0.1,0.002,0.0,0.15,62.0,0.0,0.48,0.0001,91.0,0.03,Side Dish,Generic,True,"Kohlrabi, raw",Generic
168425,Cooked Kohlrabi,Vegetables and Vegetable Products,25.0,6.69,0.0,13.2,0.132,29.0,0.014,0.0,1.1,0.0,0.012,0.4,19.0,0.142,0.39,0.16,45.0,340.0,1.8,0.02,0.0008,21.0,2.8,0.04,0.11,0.002,0.0,0.154,54.0,0.0,0.52,0.0001,90.3,0.31,Side Dish,Generic,True,"Kohlrabi, cooked, boiled, drained, without salt",Generic
168426,Cooked Leeks,Vegetables and Vegetable Products,30.0,7.62,0.0,0.0,0.062,31.0,0.027,0.0,1.0,0.0,0.024,1.1,14.0,0.247,0.2,0.072,17.0,87.0,0.81,0.02,0.0005,10.0,2.11,0.026,0.2,0.041,0.0,0.113,4.2,0.0,0.5,0.0254,90.8,0.06,Side Dish,Generic,True,"Leeks, (bulb and lower leaf-portion), cooked, boiled, drained, without salt",Generic
168428,Sprouted Lentils,Vegetables and Vegetable Products,14.0,21.25,0.0,0.0,0.337,101.0,0.053,0.0,0.0,0.0,0.067,3.1,35.0,0.502,1.2,0.571,153.0,284.0,8.8,0.09,0.0006,10.0,0.0,0.22,0.45,0.002,0.0,0.164,12.6,0.0,0.0,0.0,68.7,1.6,Main Course,Generic,True,"Lentils, sprouted, cooked, stir-fried, without salt",Generic
168429,Butterhead Lettuce,Vegetables and Vegetable Products,35.0,2.23,0.0,8.4,0.016,13.0,0.029,0.0,1.1,0.0,0.073,1.24,13.0,0.179,0.357,0.15,33.0,238.0,1.35,0.062,0.0006,5.0,0.94,0.057,0.22,0.166,0.0,0.082,3.7,0.0,0.18,0.1023,95.63,0.2,Side Dish,Generic,True,"Lettuce, butterhead (includes boston and bibb types), raw",Generic
168430,Boiled Lotus Root,Vegetables and Vegetable Products,26.0,16.02,0.0,25.4,0.217,66.0,0.021,0.0,3.1,0.0,0.008,0.9,22.0,0.22,0.3,0.302,78.0,363.0,1.58,0.01,0.0006,45.0,0.5,0.127,0.07,0.0,0.0,0.218,27.4,0.0,0.01,0.0001,81.42,0.33,Side Dish,Generic,True,"Lotus root, cooked, boiled, drained, without salt",Asian
168431,Raw Red Leaf Lettuce,Vegetables and Vegetable Products,33.0,2.26,0.0,11.8,0.028,13.0,0.028,0.0,0.9,0.0,0.036,1.2,12.0,0.203,0.321,0.144,28.0,187.0,1.33,0.077,0.0015,25.0,0.48,0.064,0.22,0.375,0.0,0.1,3.7,0.0,0.15,0.1403,95.64,0.2,Side Dish,Generic,True,"Lettuce, red leaf, raw",Generic
168433,Steamed Mountain Yam,Vegetables and Vegetable Products,8.0,20.0,0.0,0.0,0.129,82.0,0.018,0.0,0.0,0.0,0.012,0.43,10.0,0.283,0.13,0.48,40.0,495.0,1.73,0.014,0.0009,12.0,0.0,0.086,0.08,0.0,0.0,0.209,0.0,0.0,0.0,0.0,77.14,0.32,Side Dish,Generic,True,"Mountain yam, hawaii, cooked, steamed, without salt",Asian
168434,Raw Brown Mushrooms,Vegetables and Vegetable Products,18.0,4.3,0.0,22.1,0.5,22.0,0.014,0.0,0.6,0.0,0.025,0.4,9.0,0.142,3.8,1.5,120.0,448.0,2.5,0.49,0.026,6.0,1.72,0.095,0.1,0.0,0.0001,0.11,0.0,0.0001,0.01,0.0,92.12,1.1,Side Dish,Generic,True,"Mushrooms, brown, italian, or crimini, raw",Generic
168435,Stir-Fried Shiitake Mushrooms,Vegetables and Vegetable Products,2.0,7.68,0.0,59.4,0.163,39.0,0.032,0.0,3.6,0.0,0.014,0.53,19.0,0.223,3.87,1.36,111.0,326.0,3.45,0.274,0.0063,5.0,0.3,0.099,0.35,0.0,0.0,0.174,0.0,0.0005,0.0,0.0,87.74,0.96,Main Course,Generic,True,"Mushrooms, shiitake, stir-fried",Asian
168437,Cooked Shiitake Mushrooms,Vegetables and Vegetable Products,3.0,14.39,0.0,36.8,0.896,56.0,0.05,0.0,2.1,0.0,0.021,0.44,14.0,0.204,1.5,3.594,29.0,117.0,1.56,0.17,0.0248,4.0,3.84,0.037,0.22,0.0,0.0,0.159,0.3,0.0007,0.0,0.0,83.48,1.33,Side Dish,Generic,True,"Mushrooms, shiitake, cooked, without salt",Asian
168438,Raw Mustard Spinach,Vegetables and Vegetable Products,210.0,3.9,0.0,0.0,0.075,22.0,0.015,0.0,2.8,0.0,0.159,1.5,11.0,0.407,0.678,0.178,28.0,449.0,2.2,0.093,0.0008,21.0,0.0,0.068,0.3,0.495,0.0,0.153,130.0,0.0,0.0,0.0,92.2,0.17,Side Dish,Generic,True,"Mustard spinach, (tendergreen), raw",Generic
168439,Cooked Mustard Spinach,Vegetables and Vegetable Products,158.0,2.8,0.0,0.0,0.05,16.0,0.0,0.0,2.0,0.0,0.073,0.8,7.0,0.27,0.43,0.119,18.0,285.0,1.7,0.062,0.0006,14.0,0.0,0.041,0.2,0.41,0.0,0.097,65.0,0.0,0.0,0.0,94.5,0.11,Side Dish,Generic,True,"Mustard spinach, (tendergreen), cooked, boiled, drained, without salt",Generic
168440,Raw New Zealand Spinach,Vegetables and Vegetable Products,58.0,2.5,0.0,0.0,0.093,14.0,0.032,0.0,1.5,0.0,0.015,0.8,39.0,0.639,0.5,0.312,28.0,130.0,1.5,0.13,0.0007,130.0,0.29,0.04,0.2,0.0,0.0,0.304,30.0,0.0,1.42,0.337,94.0,0.38,Side Dish,Generic,True,"New Zealand spinach, raw",Generic
168441,Cooked New Zealand Spinach,Vegetables and Vegetable Products,48.0,2.13,0.0,0.0,0.077,12.0,0.027,0.0,1.4,0.0,0.008,0.66,32.0,0.526,0.39,0.256,22.0,102.0,1.3,0.107,0.0009,107.0,0.25,0.03,0.17,0.0,0.0,0.237,16.0,0.0,1.23,0.292,94.8,0.31,Side Dish,Generic,True,"New Zealand spinach, cooked, boiled, drained, without salt",Generic
168444,Frozen Steak Fries,Vegetables and Vegetable Products,9.0,23.51,0.0,0.0,0.092,130.0,0.688,0.0,1.9,0.0,0.0,0.65,21.0,0.161,2.005,0.473,78.0,400.0,2.19,0.072,0.0004,317.0,0.2,0.098,3.39,0.0,0.0,0.168,18.4,0.0,0.08,0.0018,69.29,0.36,Snack,Generic,True,"Potatoes, french fried, steak fries, salt added in processing, frozen, as purchased",Generic
168445,Steak Fries,Vegetables and Vegetable Products,10.0,26.98,0.0,0.0,0.095,148.0,0.737,0.0,2.6,0.0,0.0,0.64,23.0,0.189,2.24,0.522,90.0,459.0,2.57,0.029,0.0,373.0,0.25,0.132,3.76,0.0,0.0,0.192,14.0,0.0,0.08,0.0023,64.85,0.41,Snack,Generic,True,"Potatoes, french fried, steak fries, salt added in processing, frozen, oven-heated",Generic
168447,Cooked Pumpkin Leaves,Vegetables and Vegetable Products,43.0,3.39,0.0,21.0,0.133,21.0,0.114,0.0,2.7,0.0,0.025,3.2,38.0,0.355,0.85,0.042,79.0,438.0,2.72,0.136,0.0009,8.0,0.69,0.068,0.22,0.08,0.0,0.196,1.0,0.0,0.96,0.108,92.51,0.2,Side Dish,Generic,True,"Pumpkin leaves, cooked, boiled, drained, without salt",Asian
168449,Boiled Pumpkin,Vegetables and Vegetable Products,15.0,4.9,0.0,6.2,0.091,20.0,0.037,0.0,1.1,0.0,0.009,0.57,9.0,0.089,0.413,0.201,30.0,230.0,0.72,0.078,0.0002,1.0,2.08,0.031,0.07,0.288,0.0,0.044,4.7,0.0,0.8,0.0008,93.69,0.23,Side Dish,Generic,True,"Pumpkin, cooked, boiled, drained, without salt",Generic
168450,Canned Pumpkin,Vegetables and Vegetable Products,26.0,8.09,0.0,9.8,0.107,34.0,0.146,0.0,2.9,0.0,0.012,1.39,23.0,0.149,0.367,0.4,35.0,206.0,1.1,0.054,0.0004,5.0,3.3,0.024,0.28,0.778,0.0,0.056,4.2,0.0,1.06,0.016,89.97,0.17,Side Dish,Generic,True,"Pumpkin, canned, without salt",Generic
168451,Oriental Radishes,Vegetables and Vegetable Products,27.0,4.1,0.0,7.3,0.115,18.0,0.03,0.0,1.6,0.0,0.028,0.4,16.0,0.038,0.2,0.138,23.0,227.0,0.6,0.02,0.0007,21.0,2.5,0.02,0.1,0.0,0.0,0.046,22.0,0.0,0.0,0.0003,94.62,0.15,Side Dish,Generic,True,"Radishes, oriental, raw",Asian
168452,Oriental Radishes,Vegetables and Vegetable Products,17.0,3.43,0.0,6.8,0.101,17.0,0.073,0.0,1.6,0.0,0.017,0.15,9.0,0.033,0.15,0.114,24.0,285.0,0.67,0.023,0.0007,13.0,1.83,0.0,0.24,0.0,0.0,0.038,15.1,0.0,0.0,0.0003,95.04,0.13,Side Dish,Generic,True,"Radishes, oriental, cooked, boiled, drained, without salt",Asian
168455,Rutabagas,Vegetables and Vegetable Products,18.0,6.84,0.0,15.2,0.029,30.0,0.029,0.0,1.8,0.0,0.015,0.18,10.0,0.097,0.715,0.155,41.0,216.0,0.93,0.041,0.0007,5.0,3.95,0.082,0.18,0.0,0.0,0.102,18.8,0.0,0.24,0.0002,91.54,0.12,Side Dish,Generic,True,"Rutabagas, cooked, boiled, drained, without salt",Generic
168460,Cooked Sprouted Soybeans,Vegetables and Vegetable Products,59.0,6.53,0.0,41.2,0.33,81.0,0.617,0.0,0.8,0.0,0.08,1.31,60.0,0.71,1.092,0.743,135.0,355.0,8.47,0.053,0.0006,10.0,0.52,0.205,4.45,0.002,0.0,0.105,8.3,0.0,0.21,0.0706,79.45,1.04,Side Dish,Generic,True,"Soybeans, mature seeds, sprouted, cooked, steamed",Asian
168461,Stir-Fried Sprouted Soybeans,Vegetables and Vegetable Products,82.0,9.4,0.0,0.0,0.527,125.0,0.985,0.0,0.8,0.0,0.127,0.4,96.0,1.133,1.1,1.186,216.0,567.0,13.1,0.19,0.0006,14.0,0.0,0.42,7.1,0.001,0.0,0.168,12.0,0.0,0.0,0.0,67.2,2.1,Side Dish,Generic,True,"Soybeans, mature seeds, sprouted, cooked, stir-fried",Asian
168462,Fresh Spinach,Vegetables and Vegetable Products,99.0,3.63,0.0,19.3,0.13,23.0,0.063,0.0,2.2,0.0,0.194,2.71,79.0,0.897,0.724,0.065,49.0,558.0,2.86,0.189,0.001,79.0,0.42,0.078,0.39,0.469,0.0,0.195,28.1,0.0,2.03,0.4829,91.4,0.53,Side Dish,Generic,True,"Spinach, raw",Generic
168463,Boiled Spinach,Vegetables and Vegetable Products,136.0,3.75,0.0,19.7,0.174,23.0,0.043,0.0,2.4,0.0378,0.146,3.57,87.0,0.935,0.49,0.145,56.0,466.0,2.97,0.236,0.0015,70.0,0.43,0.095,0.26,0.524,0.0,0.242,9.8,0.0,2.08,0.4936,91.21,0.76,Side Dish,Generic,True,"Spinach, cooked, boiled, drained, without salt",Generic
168465,Cooked Summer Squash,Vegetables and Vegetable Products,22.0,3.79,0.0,7.9,0.065,19.0,0.064,0.0,1.1,0.0,0.023,0.37,16.0,0.157,0.507,0.323,29.0,177.0,1.04,0.025,0.0002,1.0,2.48,0.043,0.39,0.056,0.0,0.078,11.6,0.0,0.12,0.0044,94.25,0.22,Side Dish,Generic,True,"Squash, summer, crookneck and straightneck, cooked, boiled, drained, without salt",Generic
168466,Canned Crookneck Squash,Vegetables and Vegetable Products,12.0,2.96,0.0,4.9,0.08,13.0,0.015,0.0,1.4,0.0,0.01,0.71,13.0,0.097,0.418,0.048,21.0,96.0,0.61,0.027,0.0002,5.0,1.19,0.016,0.07,0.005,0.0,0.042,2.7,0.0,0.12,0.0028,96.04,0.29,Side Dish,Generic,True,"Squash, summer, crookneck and straightneck, canned, drained, solid, without salt",Generic
168468,Cooked Summer Squash,Vegetables and Vegetable Products,20.0,5.54,0.0,9.7,0.073,25.0,0.04,0.0,1.4,0.0,0.013,0.52,27.0,0.263,0.44,0.102,41.0,253.0,1.28,0.047,0.0003,6.0,2.33,0.036,0.2,0.01,0.0,0.099,6.8,0.0,0.15,0.0054,92.24,0.34,Side Dish,Generic,True,"Squash, summer, crookneck and straightneck, frozen, cooked, boiled, drained, without salt",Generic
168470,Cooked Zucchini,Vegetables and Vegetable Products,17.0,3.56,0.0,9.4,0.047,17.0,0.027,0.0,1.3,0.0,0.008,0.48,13.0,0.23,0.386,0.265,25.0,194.0,1.15,0.04,0.0002,2.0,1.69,0.041,0.13,0.009,0.0,0.045,3.7,0.0,0.12,0.0042,94.74,0.2,Side Dish,Generic,True,"Squash, summer, zucchini, includes skin, frozen, cooked, boiled, drained, without salt",Generic
168471,Canned Italian Zucchini,Vegetables and Vegetable Products,17.0,6.85,0.0,0.0,0.098,29.0,0.023,0.0,0.0,0.0,0.03,0.68,14.0,0.24,0.528,0.274,29.0,274.0,1.03,0.04,0.0004,374.0,0.0,0.042,0.11,0.027,0.0,0.152,2.3,0.0,0.0,0.0,90.61,0.26,Side Dish,Generic,True,"Squash, summer, zucchini, italian style, canned",Generic
168474,Boiled Butternut Squash,Vegetables and Vegetable Products,19.0,10.05,0.0,0.0,0.036,39.0,0.014,0.0,0.0,0.0,0.016,0.58,9.0,0.173,0.464,0.154,14.0,133.0,1.23,0.039,0.0005,2.0,0.0,0.05,0.07,0.167,0.0,0.069,3.5,0.0,0.0,0.0,87.8,0.12,Side Dish,Generic,True,"Squash, winter, butternut, frozen, cooked, boiled, without salt",Generic
168476,Baked Hubbard Squash,Vegetables and Vegetable Products,17.0,10.81,0.0,14.6,0.045,50.0,0.128,0.0,4.9,0.0,0.016,0.47,22.0,0.17,0.558,0.447,23.0,358.0,2.48,0.047,0.0006,8.0,4.9,0.074,0.62,0.335,0.0,0.172,9.5,0.0,0.2,0.0016,85.1,0.15,Side Dish,Generic,True,"Squash, winter, hubbard, baked, without salt",Generic
168477,Succotash,Vegetables and Vegetable Products,17.0,24.38,0.0,0.0,0.179,115.0,0.148,0.0,4.5,0.0,0.033,1.52,53.0,0.769,1.327,0.567,117.0,410.0,5.07,0.096,0.0006,17.0,0.0,0.168,0.8,0.015,0.0,0.116,8.2,0.0,0.0,0.0,68.37,0.63,Side Dish,Generic,True,"Succotash, (corn and limas), cooked, boiled, drained, without salt",Generic
168478,Creamy Succotash,Vegetables and Vegetable Products,11.0,17.61,0.0,0.0,0.178,77.0,0.101,0.0,3.0,0.0,0.044,0.55,1.0,0.645,0.607,0.218,59.0,183.0,2.64,0.065,0.0006,245.0,0.0,0.027,0.54,0.007,0.0,0.128,6.4,0.0,0.0,0.0,78.17,0.43,Side Dish,Generic,True,"Succotash, (corn and limas), canned, with cream style corn",Generic
168479,Succotash,Vegetables and Vegetable Products,11.0,13.98,0.0,0.0,0.109,63.0,0.092,0.0,2.6,0.0,0.032,0.53,19.0,0.366,0.64,0.309,55.0,163.0,2.6,0.058,0.0006,221.0,0.0,0.029,0.49,0.007,0.0,0.049,4.6,0.0,0.0,0.0,81.96,0.5,Side Dish,Generic,True,"Succotash, (corn and limas), canned, with whole kernel corn, solids and liquids",Generic
168481,Frozen Cooked Succotash,Vegetables and Vegetable Products,15.0,19.95,0.0,29.1,0.06,93.0,0.166,0.0,4.1,0.0,0.033,0.89,23.0,0.28,1.306,0.232,70.0,265.0,4.31,0.068,0.0006,45.0,2.21,0.074,0.89,0.01,0.0,0.095,5.9,0.0,0.18,0.0027,74.1,0.45,Side Dish,Generic,True,"Succotash, (corn and limas), frozen, cooked, boiled, drained, without salt",Generic
168483,Baked Sweet Potato,Vegetables and Vegetable Products,38.0,20.71,0.0,13.1,0.161,90.0,0.052,0.0,3.3,0.0,0.006,0.69,27.0,0.497,1.487,0.884,54.0,475.0,2.01,0.106,0.0002,36.0,6.48,0.107,0.15,0.961,0.0,0.286,19.6,0.0,0.71,0.0023,75.78,0.32,Side Dish,Generic,True,"Sweet potato, cooked, baked in skin, flesh, without salt",Generic
168484,Boiled Sweet Potatoes,Vegetables and Vegetable Products,27.0,17.72,0.0,10.8,0.094,76.0,0.031,0.0,2.5,0.0,0.006,0.72,18.0,0.266,0.538,0.581,32.0,230.0,1.37,0.047,0.0002,27.0,5.74,0.056,0.14,0.787,0.0,0.165,12.8,0.0,0.94,0.0021,80.13,0.2,Side Dish,Generic,True,"Sweet potato, cooked, boiled, without skin",Generic
168485,Canned Sweet Potatoes,Vegetables and Vegetable Products,22.0,21.12,0.0,13.0,0.139,91.0,0.041,0.0,1.8,0.0,0.017,0.89,22.0,0.455,0.741,0.523,49.0,312.0,1.65,0.057,0.0007,53.0,5.0,0.037,0.2,0.399,0.0,0.19,26.4,0.0,1.0,0.0022,76.03,0.18,Side Dish,Generic,True,"Sweet potato, canned, vacuum pack",Generic
168486,Cooked Taro,Vegetables and Vegetable Products,18.0,34.6,0.0,21.3,0.201,142.0,0.023,0.0,5.1,0.0,0.019,0.72,30.0,0.449,0.51,0.336,76.0,484.0,0.52,0.028,0.0009,15.0,0.49,0.107,0.11,0.004,0.0,0.331,5.0,0.0,2.93,0.0012,63.8,0.27,Side Dish,Generic,True,"Taro, cooked, without salt",Asian
168488,Steamed Taro Leaves,Vegetables and Vegetable Products,86.0,4.02,0.0,21.0,0.14,24.0,0.083,0.0,2.0,0.0,0.048,1.18,20.0,0.371,1.267,0.044,27.0,460.0,2.72,0.38,0.0009,2.0,0.0,0.139,0.41,0.212,0.0,0.072,35.5,0.0,0.0,0.0,92.15,0.21,Side Dish,Generic,True,"Taro leaves, cooked, steamed, without salt",Asian
168492,Cooked Amaranth Leaves,Vegetables and Vegetable Products,209.0,4.11,0.0,0.0,0.158,21.0,0.05,0.0,0.0,0.0,0.057,2.26,55.0,0.861,0.559,0.062,72.0,641.0,2.11,0.134,0.0009,257.0,0.0,0.02,0.18,0.139,0.0,0.177,41.1,0.0,0.0,0.0,91.49,0.88,Side Dish,Generic,True,"Amaranth leaves, cooked, boiled, drained, with salt",Asian
168493,Boiled Safflower Seeds,Vegetables and Vegetable Products,7.0,16.14,0.0,0.0,0.135,78.0,0.0,0.0,0.0,0.0,0.009,1.21,49.0,0.285,1.16,0.449,197.0,881.0,4.49,0.06,0.0006,254.0,0.0,0.144,0.1,0.0,0.0,0.206,0.3,0.0,0.0,0.0,77.08,0.22,Side Dish,Generic,True,"Arrowhead, cooked, boiled, drained, with salt",Generic
168494,Cooked Asparagus,Vegetables and Vegetable Products,18.0,1.92,0.0,20.9,0.105,18.0,0.096,0.0,1.6,0.0,0.135,0.56,10.0,0.14,1.038,0.158,49.0,172.0,2.95,0.103,0.0039,240.0,0.32,0.065,0.42,0.04,0.0,0.02,24.4,0.0,1.2,0.08,94.1,0.41,Side Dish,Generic,True,"Asparagus, frozen, cooked, boiled, drained, with salt",Generic
168495,Bitter Gourd Tips,Vegetables and Vegetable Products,42.0,6.16,0.0,21.0,0.201,32.0,0.0,0.0,1.9,0.0,0.088,1.02,94.0,0.536,0.995,0.06,77.0,602.0,3.6,0.282,0.0009,249.0,1.04,0.147,0.2,0.121,0.0,0.76,55.6,0.0,1.45,0.1631,88.69,0.3,Side Dish,Generic,True,"Balsam-pear (bitter gourd), leafy tips, cooked, boiled, drained, with salt",Asian
168496,Cooked Bitter Gourd,Vegetables and Vegetable Products,9.0,4.32,0.0,10.8,0.033,19.0,0.0,0.0,2.0,0.0,0.051,0.38,16.0,0.086,0.28,0.193,36.0,319.0,0.84,0.053,0.0002,242.0,1.95,0.051,0.18,0.006,0.0,0.041,33.0,0.0,0.14,0.0048,93.95,0.77,Side Dish,Generic,True,"Balsam-pear (bitter gourd), pods, cooked, boiled, drained, with salt",Asian
168497,Salted cooked bamboo shoots,Vegetables and Vegetable Products,12.0,1.52,0.0,0.0,0.082,11.0,0.051,0.0,1.0,0.0,0.002,0.24,3.0,0.113,0.3,0.066,20.0,533.0,1.53,0.05,0.0004,240.0,0.0,0.02,0.22,0.0,0.0,0.098,0.0,0.0,0.0,0.0,95.92,0.47,Side Dish,Generic,True,"Bamboo shoots, cooked, boiled, drained, with salt",Asian
168498,Fordhook Lima Beans,Vegetables and Vegetable Products,30.0,19.32,0.0,36.3,0.17,103.0,0.077,0.0,5.3,0.0,0.021,1.82,42.0,0.648,1.069,0.163,97.0,304.0,6.07,0.061,0.0006,289.0,1.34,0.074,0.34,0.01,0.0,0.122,12.8,0.0,0.29,0.0,72.98,0.74,Side Dish,Generic,True,"Lima beans, immature seeds, frozen, fordhook, cooked, boiled, drained, with salt",Generic
168499,Cooked Mung Beans,Vegetables and Vegetable Products,12.0,3.6,0.0,9.9,0.122,19.0,0.025,0.0,0.8,0.0,0.029,0.65,14.0,0.14,0.817,0.243,28.0,101.0,2.03,0.102,0.0006,246.0,2.84,0.05,0.09,0.001,0.0,0.054,11.4,0.0,0.07,0.0227,93.39,0.47,Side Dish,Generic,True,"Mung beans, mature seeds, sprouted, cooked, boiled, drained, with salt",Asian
168500,Cooked Sprouted Navy Beans,Vegetables and Vegetable Products,16.0,15.01,0.0,0.0,0.389,78.0,0.098,0.0,0.0,0.0,0.106,2.11,111.0,0.446,1.263,0.854,103.0,317.0,7.07,0.235,0.0006,250.0,0.0,0.381,0.81,0.0,0.0,0.198,17.3,0.0,0.0,0.0,76.02,0.97,Side Dish,Generic,True,"Beans, navy, mature seeds, sprouted, cooked, boiled, drained, with salt",Generic
168501,Cooked Pinto Beans,Vegetables and Vegetable Products,52.0,30.87,0.0,0.0,0.088,162.0,0.058,0.0,5.4,0.0,0.034,2.71,54.0,0.493,0.632,0.258,100.0,646.0,9.31,0.108,0.0014,319.0,0.0,0.274,0.48,0.0,0.0,0.194,0.7,0.0,0.0,0.0,58.01,0.69,Main Course,Generic,True,"Beans, pinto, immature seeds, frozen, cooked, boiled, drained, with salt",Generic
168502,Canned No-Salt Green Beans,Vegetables and Vegetable Products,24.0,3.5,0.0,0.0,0.07,15.0,0.023,0.0,1.5,0.0,0.018,0.9,13.0,0.335,0.2,0.106,19.0,92.0,0.8,0.051,0.0002,14.0,0.0,0.025,0.1,0.016,0.0,0.03,3.4,0.0,0.14,0.0,94.68,0.2,Side Dish,Generic,True,"Beans, snap, green, canned, no salt added, solids and liquids",Generic
168503,Canned Yellow Snap Beans,Vegetables and Vegetable Products,24.0,3.5,0.0,11.8,0.07,15.0,0.023,0.0,1.5,0.0,0.018,0.9,13.0,0.335,0.2,0.106,19.0,98.0,0.8,0.051,0.0002,259.0,0.62,0.025,0.1,0.004,0.0,0.03,3.4,0.0,0.03,0.0312,94.68,0.2,Side Dish,Generic,True,"Beans, snap, yellow, canned, regular pack, solids and liquids",Generic
168504,Yellow Snap Beans,Vegetables and Vegetable Products,24.0,3.5,0.0,8.3,0.07,15.0,0.023,0.0,1.5,0.0,0.018,0.9,13.0,0.335,0.2,0.106,19.0,98.0,0.8,0.051,0.0002,14.0,0.62,0.025,0.1,0.004,0.0,0.03,4.0,0.0,0.23,0.0312,94.68,0.2,Side Dish,Generic,True,"Beans, snap, yellow, canned, no salt added, solids and liquids",Generic
168505,Canned Green Snap Beans,Vegetables and Vegetable Products,38.0,4.32,0.0,14.7,0.034,22.0,0.103,0.0,1.9,0.0,0.028,1.06,13.0,0.163,0.206,0.2,20.0,96.0,1.12,0.046,0.0004,2.0,0.78,0.016,0.46,0.018,0.0,0.03,2.8,0.0,0.03,0.0389,93.38,0.2,Side Dish,Generic,True,"Beans, snap, green, canned, no salt added, drained solids",Generic
168506,Salted Cooked Beets,Vegetables and Vegetable Products,16.0,9.96,0.0,6.3,0.074,44.0,0.028,0.0,2.0,0.0,0.08,0.79,23.0,0.326,0.331,0.145,38.0,305.0,1.68,0.04,0.0007,285.0,7.96,0.027,0.18,0.002,0.0,0.067,3.6,0.0,0.04,0.0002,87.06,0.35,Side Dish,Generic,True,"Beets, cooked, boiled. drained, with salt",Generic
168507,Canned Beets,Vegetables and Vegetable Products,13.0,6.57,0.0,6.9,0.097,28.0,0.011,0.0,1.2,0.0,0.029,0.63,16.0,0.241,0.151,0.15,16.0,142.0,0.8,0.038,0.0005,21.0,5.38,0.01,0.07,0.001,0.0,0.055,2.8,0.0,0.03,0.0001,91.62,0.23,Side Dish,Generic,True,"Beets, canned, no salt added, solids and liquids",Generic
168508,Cooked Beet Greens,Vegetables and Vegetable Products,114.0,5.46,0.0,42.5,0.251,27.0,0.031,0.0,2.9,0.0,0.014,1.9,68.0,0.514,0.499,0.329,41.0,909.0,2.57,0.289,0.0009,477.0,0.6,0.117,0.2,0.383,0.0,0.132,24.9,0.0,1.81,0.484,89.13,0.5,Side Dish,Generic,True,"Beet greens, cooked, boiled, drained, with salt",Generic
168509,Cooked Borage,Vegetables and Vegetable Products,102.0,3.55,0.0,0.0,0.143,25.0,0.197,0.0,0.0,0.0,0.01,3.64,57.0,0.385,0.94,0.045,55.0,491.0,2.09,0.165,0.0009,324.0,0.0,0.059,0.81,0.219,0.0,0.088,32.5,0.0,0.0,0.0,91.88,0.22,Side Dish,Generic,True,"Borage, cooked, boiled, drained, with salt",Generic
168510,Cooked Broccoli,Vegetables and Vegetable Products,40.0,7.18,0.0,40.1,0.061,35.0,0.079,0.0,3.3,0.004,0.108,0.67,21.0,0.194,0.553,0.616,67.0,293.0,2.38,0.123,0.0016,262.0,1.39,0.063,0.41,0.077,0.0,0.2,64.9,0.0,1.45,0.1411,89.25,0.45,Side Dish,Generic,True,"Broccoli, cooked, boiled, drained, with salt",Generic
168511,Frozen Chopped Broccoli,Vegetables and Vegetable Products,33.0,5.35,0.0,16.2,0.034,28.0,0.018,0.0,3.0,0.0,0.056,0.61,13.0,0.223,0.458,0.274,49.0,142.0,3.1,0.081,0.0007,260.0,1.47,0.055,0.12,0.051,0.0,0.13,40.1,0.0,1.32,0.0881,90.72,0.28,Side Dish,Generic,True,"Broccoli, frozen, chopped, cooked, boiled, drained, with salt",Generic
168512,Cooked Broccoli Spears,Vegetables and Vegetable Products,51.0,5.35,0.0,0.0,0.043,28.0,0.018,0.0,3.0,0.0,0.03,0.61,20.0,0.325,0.458,0.274,55.0,180.0,3.1,0.081,0.0019,260.0,1.44,0.055,0.11,0.056,0.0,0.13,40.1,0.0,1.32,0.0995,90.72,0.3,Side Dish,Generic,True,"Broccoli, frozen, spears, cooked, boiled, drained, with salt",Generic
168513,Salted boiled Brussels sprouts,Vegetables and Vegetable Products,36.0,7.1,0.0,40.6,0.083,36.0,0.102,0.0,2.6,0.0,0.06,1.2,20.0,0.227,0.607,0.252,56.0,317.0,2.55,0.08,0.0015,257.0,1.74,0.107,0.5,0.039,0.0,0.178,62.0,0.0,0.43,0.1403,88.9,0.33,Side Dish,Generic,True,"Brussels sprouts, cooked, boiled, drained, with salt",Generic
168514,Cooked Cabbage,Vegetables and Vegetable Products,48.0,5.51,0.0,20.3,0.017,23.0,0.0,0.0,1.9,0.001,0.03,0.17,15.0,0.205,0.248,0.174,33.0,196.0,1.27,0.038,0.0006,255.0,2.79,0.061,0.06,0.004,0.0,0.112,37.5,0.0,0.14,0.1087,92.57,0.2,Side Dish,Generic,True,"Cabbage, common, cooked, boiled, drained, with salt",Generic
168515,Cooked Red Cabbage,Vegetables and Vegetable Products,42.0,6.94,0.0,0.0,0.054,29.0,0.011,0.0,2.6,0.0,0.024,0.66,17.0,0.223,0.382,0.154,33.0,262.0,1.51,0.06,0.0023,244.0,3.32,0.071,0.09,0.002,0.0,0.225,10.8,0.0,0.12,0.0476,90.84,0.25,Side Dish,Generic,True,"Cabbage, red, cooked, boiled, drained, with salt",Generic
168516,Cooked Savoy Cabbage,Vegetables and Vegetable Products,30.0,5.41,0.0,0.0,0.052,24.0,0.012,0.0,2.8,0.0,0.046,0.38,24.0,0.152,0.024,0.159,33.0,184.0,1.8,0.02,0.0007,260.0,0.0,0.051,0.09,0.044,0.0,0.152,17.0,0.0,0.0,0.0,92.0,0.23,Side Dish,Generic,True,"Cabbage, savoy, cooked, boiled, drained, with salt",Generic
168517,Cooked Chinese Cabbage,Vegetables and Vegetable Products,93.0,1.78,0.0,12.1,0.019,12.0,0.021,0.0,1.0,0.0,0.041,1.04,11.0,0.144,0.428,0.079,29.0,371.0,1.56,0.063,0.0004,270.0,0.83,0.032,0.16,0.212,0.0,0.166,26.0,0.0,0.09,0.034,95.55,0.17,Side Dish,Generic,True,"Cabbage, chinese (pak-choi), cooked, boiled, drained, with salt",Asian
168518,Canned Carrots,Vegetables and Vegetable Products,25.0,5.54,0.0,0.0,0.104,25.0,0.036,0.0,1.5,0.0,0.009,0.64,8.0,0.45,0.552,0.135,24.0,179.0,0.64,0.03,0.0004,42.0,2.48,0.018,0.19,0.558,0.0,0.112,2.7,0.0,0.74,0.0098,92.95,0.26,Side Dish,Generic,True,"Carrots, canned, no salt added, drained solids",Generic
168519,Boiled Carrots,Vegetables and Vegetable Products,35.0,7.73,0.0,8.6,0.082,37.0,0.132,0.0,3.3,0.0,0.011,0.53,11.0,0.167,0.416,0.174,31.0,192.0,0.58,0.037,0.0006,295.0,4.08,0.03,0.68,0.846,0.0,0.084,2.3,0.0,1.01,0.0136,90.32,0.35,Side Dish,Generic,True,"Carrots, frozen, cooked, boiled, drained, with salt",Generic
168520,Boiled Cauliflower,Vegetables and Vegetable Products,16.0,4.11,0.0,39.1,0.018,23.0,0.07,0.0,2.3,0.001,0.044,0.32,9.0,0.132,0.41,0.508,32.0,142.0,1.84,0.052,0.0006,242.0,1.86,0.042,0.45,0.001,0.0,0.173,44.3,0.0,0.07,0.0138,93.0,0.17,Side Dish,Generic,True,"Cauliflower, cooked, boiled, drained, with salt",Generic
168521,Frozen Cooked Cauliflower,Vegetables and Vegetable Products,17.0,3.16,0.0,33.5,0.024,17.0,0.034,0.0,2.7,0.0,0.041,0.41,9.0,0.15,0.31,0.098,24.0,139.0,1.61,0.053,0.0006,254.0,0.46,0.037,0.22,0.0,0.0,0.088,31.3,0.0,0.06,0.0119,94.0,0.13,Side Dish,Generic,True,"Cauliflower, frozen, cooked, boiled, drained, with salt",Generic
168522,Boiled Garland Chrysanthemum,Vegetables and Vegetable Products,69.0,4.31,0.0,12.8,0.133,20.0,0.0,0.0,2.3,0.0,0.05,3.74,18.0,0.355,0.72,0.042,43.0,569.0,1.64,0.16,0.0003,289.0,2.01,0.021,0.09,0.129,0.0,0.118,23.9,0.0,2.5,0.1427,92.49,0.2,Side Dish,Generic,True,"Chrysanthemum, garland, cooked, boiled, drained, with salt",Asian
168525,Sweet Corn,Vegetables and Vegetable Products,3.0,20.98,0.0,29.1,0.049,96.0,0.197,0.0,2.4,0.0,0.023,0.45,26.0,0.167,1.683,0.792,77.0,218.0,3.41,0.057,0.0002,253.0,4.54,0.093,1.5,0.013,0.0,0.139,5.5,0.0,0.09,0.0004,73.41,0.62,Side Dish,Generic,True,"Corn, sweet, yellow, cooked, boiled, drained, with salt",Generic
168526,Cooked Blackeye Cowpeas,Vegetables and Vegetable Products,128.0,19.73,0.0,32.9,0.133,94.0,0.096,0.0,5.0,0.0,0.127,1.12,52.0,0.572,1.403,0.154,51.0,418.0,3.17,0.148,0.0025,240.0,3.23,0.101,0.38,0.04,0.0,0.065,2.2,0.0,0.22,0.0,75.48,1.03,Side Dish,Generic,True,"Cowpeas (blackeyes), immature seeds, cooked, boiled, drained, with salt",Generic
168527,Cooked Blackeye Peas,Vegetables and Vegetable Products,23.0,23.5,0.0,45.6,0.184,131.0,0.175,0.0,6.4,0.0,0.141,2.12,50.0,0.791,0.728,0.213,122.0,375.0,8.49,0.064,0.0034,241.0,4.46,0.26,0.66,0.004,0.0,0.095,2.6,0.0,0.3,0.0368,66.1,1.42,Side Dish,Generic,True,"Cowpeas (blackeyes), immature seeds, frozen, cooked, boiled, drained, with salt",Generic
168528,Salted Cooked Cowpeas,Vegetables and Vegetable Products,55.0,7.0,0.0,0.0,0.071,34.0,0.079,0.0,0.0,0.0,0.026,0.7,41.0,0.219,0.8,0.638,49.0,196.0,2.6,0.09,0.0007,239.0,0.0,0.09,0.3,0.07,0.0,0.123,17.0,0.0,0.0,0.0,89.5,0.24,Side Dish,Generic,True,"Cowpeas, young pods with seeds, cooked, boiled, drained, with salt",Generic
168529,Cooked Cowpeas,Vegetables and Vegetable Products,69.0,2.8,0.0,0.0,0.154,22.0,0.026,0.0,0.0,0.0,0.06,1.09,62.0,0.412,1.008,0.046,42.0,351.0,4.67,0.142,0.0009,242.0,0.0,0.256,0.1,0.029,0.0,0.135,18.4,0.0,0.0,0.0,91.3,0.24,Main Course,Generic,True,"Cowpeas, leafy tips, cooked, boiled, drained, with salt",Generic
168530,Dishcloth Gourd,Vegetables and Vegetable Products,9.0,13.75,0.0,0.0,0.085,54.0,0.027,0.0,2.9,0.0,0.012,0.36,20.0,0.223,0.26,0.501,31.0,453.0,0.66,0.042,0.0002,257.0,5.17,0.046,0.34,0.0,0.0,0.099,5.7,0.0,0.24,0.0017,84.29,0.17,Side Dish,Generic,True,"Gourd, dishcloth (towelgourd), cooked, boiled, drained, with salt",Generic
168533,Cooked Hyacinth Beans,Vegetables and Vegetable Products,41.0,9.2,0.0,0.0,0.048,50.0,0.119,0.0,0.0,0.0,0.047,0.76,42.0,0.21,0.48,0.053,49.0,262.0,2.95,0.088,0.0016,238.0,0.0,0.056,0.27,0.007,0.0,0.023,5.1,0.0,0.0,0.0,86.9,0.38,Main Course,Generic,True,"Hyacinth-beans, immature seeds, cooked, boiled, drained, with salt",Asian
168535,Salted boiled leeks,Vegetables and Vegetable Products,30.0,7.62,0.0,0.0,0.062,31.0,0.027,0.0,1.0,0.0,0.024,1.1,14.0,0.247,0.2,0.072,17.0,87.0,0.81,0.02,0.0005,246.0,2.11,0.026,0.2,0.041,0.0,0.113,4.2,0.0,0.5,0.0254,90.8,0.06,Side Dish,Generic,True,"Leeks, (bulb and lower leaf-portion), cooked, boiled, drained, with salt",Generic
168536,Cooked Lotus Root,Vegetables and Vegetable Products,26.0,16.02,0.0,25.4,0.217,66.0,0.021,0.0,3.1,0.0,0.008,0.9,22.0,0.22,0.3,0.302,78.0,363.0,1.58,0.01,0.0006,281.0,0.0,0.127,0.07,0.0,0.0,0.218,27.4,0.0,0.0,0.0,81.42,0.33,Side Dish,Generic,True,"Lotus root, cooked, boiled, drained, with salt",Asian
168537,Cooked White Mushrooms,Vegetables and Vegetable Products,6.0,5.29,0.0,20.4,0.504,28.0,0.061,0.0,2.2,0.0,0.018,1.74,12.0,0.115,4.46,2.16,87.0,356.0,2.17,0.3,0.0134,238.0,2.34,0.073,0.47,0.0,0.0,0.095,4.0,0.0002,0.01,0.0,91.08,0.87,Side Dish,Generic,True,"Mushrooms, white, cooked, boiled, drained, with salt",Generic
168539,Boiled Sweet Corn,Vegetables and Vegetable Products,2.0,21.71,0.0,29.1,0.057,97.0,0.197,0.0,2.7,0.0,0.02,0.55,31.0,0.214,1.666,0.749,92.0,252.0,3.34,0.053,0.0008,3.0,7.73,0.09,1.41,0.0,0.0,0.127,6.2,0.0,0.09,0.0004,72.84,0.54,Side Dish,Generic,True,"Corn, sweet, white, cooked, boiled, drained, without salt",Generic
168540,Sweet Corn,Vegetables and Vegetable Products,2.0,21.71,0.0,29.1,0.057,97.0,0.197,0.0,2.7,0.0,0.02,0.55,31.0,0.214,1.666,0.749,92.0,252.0,3.34,0.053,0.0008,253.0,7.73,0.09,1.41,0.0,0.0,0.127,6.2,0.0,0.09,0.0004,72.84,0.54,Side Dish,Generic,True,"Corn, sweet, white, cooked, boiled, drained, with salt",Generic
168541,Canned Sweet Corn,Vegetables and Vegetable Products,4.0,15.41,0.0,0.0,0.056,64.0,0.077,0.0,1.7,0.018,0.038,0.41,16.0,0.033,0.939,0.522,51.0,164.0,1.95,0.061,0.0006,213.0,0.0,0.026,0.5,0.0,0.0,0.037,5.5,0.0,0.0,0.0,81.34,0.36,Side Dish,Generic,True,"Corn, sweet, white, canned, whole kernel, regular pack, solids and liquids",Generic
168542,Canned Sweet Corn,Vegetables and Vegetable Products,5.0,19.44,0.0,0.0,0.048,79.0,0.077,0.0,2.0,0.0,0.049,0.42,23.0,0.067,1.167,0.675,64.0,186.0,2.41,0.073,0.0007,272.0,0.0,0.041,0.5,0.0,0.0,0.055,8.1,0.0,0.0,0.0,76.58,0.46,Side Dish,Generic,True,"Corn, sweet, white, canned, vacuum pack, regular pack",Generic
168543,Canned Sweet Corn,Vegetables and Vegetable Products,5.0,19.44,0.0,0.0,0.048,79.0,0.077,0.0,2.0,0.0,0.049,0.42,23.0,0.067,1.167,0.675,64.0,186.0,2.41,0.073,0.0007,3.0,0.0,0.041,0.5,0.0,0.0,0.055,8.1,0.0,0.0,0.0,76.58,0.46,Side Dish,Generic,True,"Corn, sweet, white, canned, vacuum pack, no salt added",Generic
168545,Frozen Sweet Corn,Vegetables and Vegetable Products,4.0,19.56,0.0,22.0,0.037,80.0,0.066,0.0,2.4,0.0,0.031,0.35,19.0,0.127,1.299,0.18,57.0,147.0,2.75,0.071,0.0007,5.0,3.12,0.083,0.43,0.0,0.0,0.129,3.1,0.0,0.07,0.0003,76.73,0.4,Side Dish,Generic,True,"Corn, sweet, white, frozen, kernels cut off cob, boiled, drained, without salt",Generic
168548,Boiled Red Bell Peppers,Vegetables and Vegetable Products,8.0,3.31,0.0,3.8,0.044,16.0,0.027,0.0,0.8,0.0,0.01,0.52,7.0,0.097,1.082,0.023,13.0,72.0,0.95,0.031,0.0002,4.0,2.86,0.051,0.18,0.096,0.0,0.108,41.2,0.0,1.08,0.0034,94.7,0.05,Side Dish,Generic,True,"Peppers, sweet, red, frozen, chopped, boiled, drained, without salt",Generic
168549,Chopped Red Peppers,Vegetables and Vegetable Products,8.0,3.31,0.0,3.8,0.044,16.0,0.027,0.0,0.8,0.0,0.01,0.52,7.0,0.097,1.082,0.023,13.0,72.0,0.95,0.031,0.0002,240.0,2.86,0.051,0.18,0.096,0.0,0.108,41.2,0.0,1.08,0.0034,94.7,0.05,Side Dish,Generic,True,"Peppers, sweet, red, frozen, chopped, boiled, drained, with salt",Generic
168550,Sautéed Red Bell Peppers,Vegetables and Vegetable Products,7.0,6.57,0.0,6.1,0.017,133.0,1.557,0.0,1.8,0.0,0.002,0.47,12.0,0.115,0.954,0.244,23.0,193.0,1.04,0.109,0.0,21.0,4.28,0.056,12.75,0.138,0.0,0.364,162.8,0.0,3.09,0.0163999999999999,78.95,0.15,Snack,Generic,True,"Peppers, sweet, red, sauteed",Generic
168551,Sprouted Lentils,Vegetables and Vegetable Products,14.0,21.25,0.0,0.0,0.337,101.0,0.053,0.0,0.0,0.0,0.067,3.1,35.0,0.502,1.2,0.571,153.0,284.0,8.8,0.09,0.0006,246.0,0.0,0.22,0.45,0.002,0.0,0.164,12.6,0.0,0.0,0.0,68.7,1.6,Main Course,Generic,True,"Lentils, sprouted, cooked, stir-fried, with salt",Generic
168552,Steamed Mountain Yam,Vegetables and Vegetable Products,8.0,19.99,0.0,0.0,0.129,82.0,0.018,0.0,0.0,0.0,0.012,0.43,10.0,0.283,0.13,0.48,40.0,495.0,1.73,0.014,0.0009,248.0,0.0,0.086,0.08,0.0,0.0,0.209,0.0,0.0,0.0,0.0,77.14,0.32,Side Dish,Generic,True,"Mountain yam, hawaii, cooked, steamed, with salt",Asian
168553,Cooked Tree Fern,Vegetables and Vegetable Products,8.0,10.78,0.0,0.0,0.202,40.0,0.0,0.0,3.7,0.0,0.015,0.16,5.0,0.539,3.5,0.063,4.0,5.0,0.29,0.3,0.0009,241.0,0.0,0.0,0.07,0.01,0.0,0.179,30.0,0.0,0.0,0.0,88.6,0.31,Side Dish,Generic,True,"Tree fern, cooked, with salt",Generic
168554,Instant Mashed Potatoes,Vegetables and Vegetable Products,35.0,14.4,3.0,0.0,0.022,108.0,1.284,0.0,2.2,0.0,0.007,0.19,19.0,0.003,0.763,0.127,60.0,145.0,2.05,0.077,0.0005,263.0,0.0,0.079,4.93,0.044,0.0,0.01,6.0,0.0,0.0,0.0,77.48,0.24,Side Dish,Generic,True,"Potatoes, mashed, prepared from granules, without milk, whole milk and margarine",Western
168555,Homemade Mashed Potatoes,Vegetables and Vegetable Products,24.0,16.81,11.0,13.5,0.138,113.0,2.613,0.149,1.5,0.0,0.008,0.26,18.0,0.114,1.072,0.468,45.0,284.0,1.86,0.041,0.0008,317.0,1.43,0.086,4.22,0.038,7.000000000000001e-05,0.222,6.0,0.0002,0.12,0.002,75.61,0.27,Side Dish,Generic,True,"Potatoes, mashed, home-prepared, whole milk and butter added",Western
168556,Ketchup,Vegetables and Vegetable Products,15.0,27.4,0.0,12.5,0.085,101.0,0.014,0.0,0.3,0.0151,0.009,0.35,13.0,0.084,1.434,0.047,26.0,281.0,1.04,0.166,0.0007,907.0,21.27,0.011,0.1,0.026,0.0,0.158,4.1,0.0,1.46,0.003,68.51,0.17,Side Dish,Generic,True,Catsup,Generic
168557,Brown Mushrooms,Vegetables and Vegetable Products,18.0,4.3,0.0,22.1,0.5,22.0,0.014,0.0,0.6,0.0,0.028,0.4,9.0,0.142,3.8,1.5,120.0,448.0,2.5,0.49,0.026,6.0,1.72,0.095,0.1,0.0,0.0001,0.11,0.0,0.0319,0.01,0.0,92.12,1.1,Snack,Generic,True,"Mushrooms, brown, italian, or crimini, exposed to ultraviolet light, raw",Generic
168558,Dill Pickles,Vegetables and Vegetable Products,57.0,2.41,0.0,3.4,0.028,12.0,0.079,0.0,1.0,0.0301,0.008,0.26,7.0,0.062,0.109,0.201,16.0,117.0,0.5,0.057,0.0,809.0,1.07,0.045,0.3,0.006,0.0,0.035,2.3,0.0,0.03,0.0173,94.34,0.1,Snack,Generic,True,"Pickles, cucumber, dill or kosher dill",Generic
168560,Hot Dog Relish,Vegetables and Vegetable Products,5.0,23.35,0.0,0.0,0.082,91.0,0.044,0.0,1.5,0.0,0.001,1.25,19.0,0.015,0.5,0.007,40.0,78.0,1.5,0.04,0.0,1091.0,0.0,0.04,0.46,0.008,0.0,0.015,1.0,0.0,0.0,0.0,71.65,0.21,Side Dish,Generic,True,"Pickle relish, hot dog",Generic
168561,Sweet Pickle Relish,Vegetables and Vegetable Products,3.0,35.06,0.0,4.9,0.085,130.0,0.054,0.0,1.1,0.0,0.001,0.87,5.0,0.015,0.233,0.007,14.0,25.0,0.37,0.033,0.0,811.0,29.13,0.0,0.47,0.061,0.0,0.015,1.0,0.0,0.58,0.0838,62.07,0.14,Side Dish,Generic,True,"Pickle relish, sweet",Generic
168562,Low Sodium Sour Pickles,Vegetables and Vegetable Products,0.0,2.26,0.0,3.6,0.085,11.0,0.052,0.0,1.2,0.0,0.001,0.4,4.0,0.011,0.0,0.038,14.0,23.0,0.33,0.01,0.0,18.0,1.06,0.0,0.2,0.01,0.0,0.009,1.0,0.0,0.09,0.047,94.08,0.02,Snack,Generic,True,"Pickles, cucumber, sour, low sodium",Generic
168563,Reduced Sodium Dill Pickles,Vegetables and Vegetable Products,57.0,2.41,0.0,3.4,0.028,12.0,0.079,0.0,1.0,0.0301,0.008,0.26,7.0,0.062,0.109,0.201,16.0,117.0,0.5,0.057,0.0,18.0,1.07,0.045,0.3,0.006,0.0,0.035,2.3,0.0,0.03,0.0173,94.34,0.1,Snack,Generic,True,"Pickles, cucumber, dill, reduced sodium",Generic
168564,Raw Radicchio,Vegetables and Vegetable Products,19.0,4.48,0.0,10.9,0.341,23.0,0.06,0.0,0.9,0.0,0.06,0.57,13.0,0.138,0.255,0.269,40.0,302.0,1.43,0.028,0.0009,22.0,0.6,0.016,0.25,0.001,0.0,0.057,8.0,0.0,2.26,0.2552,93.14,0.62,Snack,Generic,True,"Radicchio, raw",Generic
168565,Raw Baby Zucchini,Vegetables and Vegetable Products,21.0,3.11,0.0,0.0,0.097,21.0,0.083,0.0,1.1,0.0,0.02,0.79,33.0,0.196,0.705,0.367,93.0,459.0,2.71,0.036,0.0003,3.0,0.0,0.042,0.4,0.025,0.0,0.142,34.1,0.0,0.0,0.0,92.73,0.83,Snack,Generic,True,"Squash, zucchini, baby, raw",Generic
168566,Raw Tomatillos,Vegetables and Vegetable Products,7.0,5.84,0.0,7.6,0.079,32.0,0.139,0.0,1.9,0.0,0.007,0.62,20.0,0.153,1.85,0.15,39.0,268.0,0.96,0.035,0.0005,1.0,3.93,0.044,1.02,0.006,0.0,0.056,11.7,0.0,0.38,0.0101,91.63,0.22,Snack,Generic,True,"Tomatillos, raw",Generic
168568,Baby Carrots,Vegetables and Vegetable Products,32.0,8.24,0.0,7.5,0.1,35.0,0.023,0.0,2.9,0.0,0.027,0.89,10.0,0.151,0.556,0.401,28.0,237.0,0.64,0.036,0.0009,78.0,4.76,0.03,0.13,0.6900000000000001,0.0,0.105,2.6,0.0,0.0,0.0094,90.35,0.17,Snack,Generic,True,"Carrots, baby, raw",Generic
168569,Canned Hearts of Palm,Vegetables and Vegetable Products,58.0,4.62,0.0,0.0,0.133,28.0,0.13,0.0,2.4,0.0,0.039,3.13,38.0,1.394,0.437,0.126,65.0,177.0,2.52,0.057,0.0007,426.0,0.0,0.011,0.62,0.0,0.0,0.022,7.9,0.0,0.0,0.0,90.2,1.15,Side Dish,Generic,True,"Hearts of palm, canned",Generic
168572,Cooked Napa Cabbage,Vegetables and Vegetable Products,29.0,2.23,0.0,0.0,0.096,12.0,0.0,0.0,0.0,0.0,0.043,0.74,8.0,0.203,0.466,0.035,19.0,87.0,1.1,0.025,0.0004,11.0,0.0,0.005,0.17,0.013,0.0,0.037,3.2,0.0,0.0,0.0,96.33,0.14,Side Dish,Generic,True,"Cabbage, napa, cooked",Asian
168575,Grape Leaves,Vegetables and Vegetable Products,363.0,17.31,0.0,12.8,0.415,93.0,0.336,0.0,11.0,0.0,0.083,2.63,95.0,2.855,2.362,0.231,91.0,272.0,5.6,0.354,0.0009,9.0,6.3,0.04,2.12,1.376,0.0,0.4,11.1,0.0,2.0,0.1086,73.32,0.67,Snack,Generic,True,"Grape leaves, raw",Mediterranean
168576,Raw Jalapeno Peppers,Vegetables and Vegetable Products,12.0,6.5,0.0,7.5,0.046,29.0,0.092,0.0,2.8,0.0,0.027,0.25,15.0,0.097,1.28,0.315,26.0,248.0,0.91,0.07,0.0004,3.0,4.12,0.04,0.37,0.054,0.0,0.419,118.6,0.0,3.58,0.0185,91.69,0.14,Side Dish,Generic,True,"Peppers, jalapeno, raw",Generic
168578,Raw Hungarian Peppers,Vegetables and Vegetable Products,12.0,6.7,0.0,7.7,0.115,29.0,0.046,0.0,1.0,0.0,0.053,0.46,16.0,0.204,1.092,0.205,29.0,202.0,0.8,0.055,0.0003,1.0,3.53,0.079,0.41,0.041,0.0,0.517,92.9,0.0,0.48,0.0099,91.51,0.3,Side Dish,Generic,True,"Peppers, hungarian, raw",Generic
168580,Raw Oyster Mushrooms,Vegetables and Vegetable Products,3.0,6.09,0.0,48.7,0.244,33.0,0.062,0.0,2.3,0.0,0.038,1.33,18.0,0.113,4.956,1.294,120.0,420.0,3.31,0.349,0.0026,18.0,1.11,0.125,0.41,0.002,0.0,0.11,0.0,0.0007,0.0,0.0,89.18,0.77,Side Dish,Generic,True,"Mushrooms, oyster, raw",Generic
168582,Canned Straw Mushrooms,Vegetables and Vegetable Products,10.0,4.64,0.0,0.0,0.133,32.0,0.089,0.0,2.5,0.0,0.038,1.43,7.0,0.098,0.224,0.412,61.0,78.0,3.83,0.07,0.0152,384.0,0.0,0.013,0.68,0.0,0.0,0.014,0.0,0.0,0.0,0.0,89.88,0.67,Side Dish,Generic,True,"Mushrooms, straw, canned, drained solids",Generic
168585,Dried Coconut,Nut and Seed Products,26.0,21.52,0.0,0.0,0.807,684.0,61.257,0.0,0.0,0.0,0.009,3.36,92.0,2.783,0.611,0.811,209.0,551.0,5.3,0.101,0.0,37.0,0.0,0.061,69.08,0.0,0.0,0.304,1.5,0.0,0.0,0.0,1.67,2.04,Snack,Generic,True,"Nuts, coconut meat, dried (desiccated), creamed",Generic
168586,Sweetened Shredded Coconut,Nut and Seed Products,15.0,47.67,0.0,19.3,0.313,501.0,31.468,0.0,4.5,0.0,0.008,1.92,50.0,2.475,0.474,0.722,107.0,337.0,2.88,0.02,0.0167,262.0,43.17,0.031,35.49,0.0,0.0,0.271,0.7,0.0,0.39,0.0003,12.55,1.82,Snack,Generic,True,"Nuts, coconut meat, dried (desiccated), sweetened, shredded",Generic
168588,Plain Almond Butter,Nut and Seed Products,347.0,18.82,0.0,52.1,0.934,614.0,4.152,0.0,10.3,0.0,0.053,3.49,279.0,2.131,3.155,0.318,508.0,748.0,20.96,0.939,0.0024,7.0,4.43,0.041,55.5,0.0,0.0,0.103,0.0,0.0,24.21,0.0,1.64,3.29,Snack,Generic,True,"Nuts, almond butter, plain, without salt added",Generic
168589,Boiled Japanese Chestnuts,Nut and Seed Products,11.0,12.64,0.0,0.0,0.204,56.0,0.028,0.0,0.0,0.0,0.017,0.53,18.0,0.576,0.543,0.075,26.0,119.0,0.82,0.059,0.0,5.0,0.0,0.125,0.19,0.001,0.0,0.102,9.5,0.0,0.0,0.0,86.03,0.4,Snack,Generic,True,"Nuts, chestnuts, japanese, boiled and steamed",Asian
168590,Roasted Chestnuts,Nut and Seed Products,35.0,45.13,0.0,0.0,0.73,201.0,0.118,0.0,0.0,0.0,0.059,2.1,64.0,2.065,0.7,0.466,93.0,427.0,2.97,0.0,0.0,19.0,0.0,0.45,0.8,0.004,0.0,0.418,28.0,0.0,0.0,0.0,49.9,1.43,Snack,Generic,True,"Nuts, chestnuts, japanese, roasted",Generic
168592,Honey Roasted Almonds,Nut and Seed Products,263.0,27.9,0.0,0.0,0.97,594.0,4.73,0.0,13.7,0.0,0.032,2.83,240.0,2.003,2.819,0.258,400.0,560.0,18.17,0.953,0.0,130.0,0.0,0.114,49.9,0.0,0.0,0.085,0.7,0.0,0.0,0.0,1.7,2.6,Snack,Generic,True,"Nuts, almonds, honey roasted, unblanched",Generic
168593,Salted Roasted Sunflower Seeds,Nut and Seed Products,87.0,22.89,0.0,55.1,1.804,592.0,7.068,0.158,10.6,0.0,0.234,4.28,127.0,2.08,4.13,6.942,1139.0,483.0,20.06,0.28,0.0782,303.0,3.11,0.32,51.3,0.0,0.0,0.792,1.1,0.0,36.33,0.0031,1.54,5.21,Snack,Generic,True,"Seeds, sunflower seed kernels, oil roasted, with salt added",Generic
168594,Toasted Sunflower Seeds,Nut and Seed Products,57.0,20.59,0.0,0.0,1.834,619.0,5.953,0.0,11.5,0.0,0.238,6.81,129.0,2.114,4.198,7.056,1158.0,491.0,17.21,0.285,0.0622,613.0,0.0,0.325,56.8,0.0,0.0,0.805,1.4,0.0,0.0,0.0,1.0,5.3,Snack,Generic,True,"Seeds, sunflower seed kernels, toasted, with salt added",Generic
168595,Salted Sunflower Seed Butter,Nut and Seed Products,64.0,23.32,0.0,0.0,1.597,617.0,4.678,0.027,5.7,0.0,0.237,4.12,311.0,2.073,6.747,1.167,666.0,576.0,17.28,0.163,0.1044,331.0,10.54,0.053,55.2,0.0,0.0,0.55,2.7,0.0,22.89,0.0,0.62,4.89,Snack,Generic,True,"Seeds, sunflower seed butter, with salt added (Includes foods for USDA's Food Distribution Program)",Generic
168596,Salted Almonds,Nut and Seed Products,268.0,21.01,0.0,52.1,1.099,598.0,4.092,0.007,10.9,0.0,0.055,3.73,279.0,2.232,3.637,0.321,471.0,713.0,20.96,1.197,0.002,234.0,4.86,0.077,52.54,0.0,0.0,0.136,0.0,0.0,23.9,0.0,2.41,3.31,Snack,Generic,True,"Nuts, almonds, dry roasted, with salt added",Generic
168597,Salted Cashew Butter,Nut and Seed Products,61.0,30.3,0.0,48.3,1.758,609.0,10.606,0.0,3.0,0.0,0.055,4.91,206.0,0.0,1.108,0.0,388.0,447.0,12.12,0.159,0.0093,295.0,9.09,0.158,53.03,0.0,0.0,0.203,0.0,0.0,5.08,0.0303,2.34,4.43,Snack,Generic,True,"Nuts, cashew butter, plain, with salt added",Generic
168598,Dry Roasted Macadamia Nuts,Nut and Seed Products,70.0,12.83,0.0,44.6,0.57,716.0,11.947,0.0,8.0,0.0,0.01,2.65,118.0,3.036,2.274,0.603,198.0,363.0,7.79,0.087,0.0117,353.0,4.14,0.71,76.08,0.0,0.0,0.359,0.7,0.0,0.57,0.0,1.61,1.29,Snack,Generic,True,"Nuts, macadamia nuts, dry roasted, with salt added",Generic
168599,Dry Roasted Mixed Nuts,Nut and Seed Products,70.0,25.35,0.0,54.3,1.279,594.0,6.5,0.0,9.0,0.0,0.05,3.7,225.0,1.937,4.7,1.205,435.0,693.0,17.3,0.2,0.0075,345.0,4.8,0.2,51.45,0.0,0.0,0.296,0.4,0.0,10.94,0.0129,1.75,3.8,Snack,Generic,True,"Nuts, mixed nuts, dry roasted, with peanuts, with salt added",Generic
168600,Oil-Roasted Mixed Nuts,Nut and Seed Products,117.0,21.05,0.0,52.0,0.907,607.0,8.711,0.055,7.0,0.0,0.083,2.61,229.0,2.04,7.709,1.14,456.0,632.0,20.04,0.196,0.0339,273.0,4.15,0.189,53.95,0.0,0.0,0.352,0.5,0.0,7.82,0.0057,2.08,3.36,Snack,Generic,True,"Nuts, mixed nuts, oil roasted, with peanuts, with salt added",Generic
168602,Oil Roasted Almonds,Nut and Seed Products,291.0,17.68,0.0,52.1,0.955,607.0,4.207,0.0,10.5,0.0,0.0,3.68,274.0,2.46,3.665,0.229,466.0,699.0,21.23,0.781,0.0040999999999999,143.0,4.55,0.092,55.17,0.0,0.0,0.118,0.0,0.0,25.97,0.0,2.8,3.07,Snack,Generic,True,"Nuts, almonds, oil roasted, lightly salted",Generic
168603,Salted Almond Butter,Nut and Seed Products,347.0,18.82,0.0,52.1,0.934,614.0,6.55,0.0,10.3,0.0,0.053,3.49,279.0,2.131,3.155,0.318,508.0,748.0,20.96,0.939,0.0024,227.0,6.27,0.041,55.5,0.0,0.0,0.103,0.0,0.0,24.21,0.0,1.64,3.29,Snack,Generic,True,"Nuts, almond butter, plain, with salt added",Generic
168604,Tahini,Nut and Seed Products,141.0,21.5,0.0,0.0,1.61,592.0,7.423,0.0,4.7,0.0,0.098,4.42,95.0,0.0,5.64,0.0,790.0,459.0,17.4,0.12,0.0344,35.0,0.0,1.59,53.01,0.003,0.0,0.15,4.2,0.0,0.0,0.0,3.0,4.62,Snack,Generic,True,"Seeds, sesame butter, tahini, type of kernels unspecified",Mediterranean
168624,Cooked Beef Brain,Beef Products,9.0,1.48,3100.0,490.9,0.23,151.0,2.394,0.51,0.0,0.0,0.005,2.3,12.0,0.028,3.62,1.21,335.0,244.0,11.67,0.217,0.0218,108.0,0.0,0.069,10.53,0.006,0.0101,0.143,10.5,0.0,1.67,0.0001,74.86,1.09,Main Course,Generic,False,"Beef, variety meats and by-products, brain, cooked, simmered",Generic
168626,Braised Beef Liver,Beef Products,6.0,5.13,396.0,426.0,14.283,191.0,2.947,0.365,0.0,0.0,0.253,6.54,21.0,0.356,17.525,7.11,497.0,352.0,29.08,3.425,0.0361,79.0,0.0,0.194,5.26,9.442,0.07058,1.017,1.9,0.0012,0.51,0.0033,58.81,5.3,Main Course,Generic,True,"Beef, variety meats and by-products, liver, cooked, braised",Generic
168627,Pan-Fried Beef Liver,Beef Products,6.0,5.16,381.0,418.2,14.588,175.0,2.53,0.335,0.0,0.005,0.26,6.17,22.0,0.356,17.475,6.943,485.0,351.0,26.52,3.425,0.0327999999999999,77.0,0.0,0.177,4.68,7.744,0.08313,1.027,0.7,0.0012,0.46,0.0039,62.01,5.23,Main Course,Generic,True,"Beef, variety meats and by-products, liver, cooked, pan-fried",Generic
168708,Pan-Fried Top Round Beef,Beef Products,6.0,2.03,102.0,129.2,0.129,228.0,2.399,0.0,0.0,0.0,0.014,3.4,35.0,0.02,5.394,0.458,286.0,484.0,33.93,0.315,0.0345,65.0,0.0,0.12,8.33,0.0,0.0039,0.582,0.0,0.0001,0.17,0.0017,54.18,4.58,Main Course,Generic,True,"Beef, round, top round, separable lean only, trimmed to 1/8"" fat, choice, cooked, pan-fried",Generic
168751,Vanilla Almond Milk,Beverages,188.0,6.59,0.0,1.0,0.017,38.0,0.0,0.0,0.4,0.0,0.001,0.3,7.0,0.033,0.075,0.009,8.0,50.0,0.42,0.177,0.0001,63.0,6.25,0.015,1.04,0.063,0.00125,0.003,0.0,0.001,2.81,0.0,91.8,0.63,Drink,Generic,True,"Beverages, almond milk, sweetened, vanilla flavor, ready-to-drink",Generic
168754,Milk Chocolate Almonds,Sweets,224.0,53.4,19.0,46.8,0.422,526.0,17.701,0.0,6.2,0.0,0.013,1.63,90.0,0.624,0.742,0.455,264.0,444.0,9.0,0.435,0.004,74.0,43.9,0.06,34.4,0.052,0.00067,0.045,0.2,0.0,3.14,0.0050999999999999,1.5,1.34,Snack,Generic,True,"Candies, milk chocolate, with almonds",Generic
168755,Milk Chocolate Rice Crispy Treats,Sweets,187.0,59.67,23.0,45.8,0.488,511.0,15.89,0.0,3.3,0.0050999999999999,0.021,2.65,62.0,0.477,0.672,0.471,207.0,370.0,7.64,0.323,0.0046,86.0,51.06,0.131,29.37,0.065,0.0008,0.055,0.6,0.0,0.5,0.0057,1.52,2.29,Snack,Generic,True,"Candies, milk chocolate, with rice cereal",Generic
168756,Milky Way Bar,Sweets,115.0,71.17,9.0,16.5,0.147,456.0,12.016,0.206,1.0,0.0,0.004,0.49,20.0,0.147,0.154,0.155,67.0,124.0,4.01,0.103,0.002,167.0,59.69,0.046,17.23,0.031,0.0001799999999999,0.014,0.7,0.0004,0.89,0.0036,6.3,0.69,Snack,Generic,True,"Candies, MARS SNACKFOOD US, MILKY WAY Bar",Generic
168757,HERSHEY'S SKOR Bar,Sweets,30.0,63.73,53.0,3.1,0.04,541.0,18.78,0.0,1.3,0.0,0.002,0.57,10.0,0.0,0.13,0.04,61.0,153.0,3.13,0.1,0.0,317.0,59.89,0.02,30.37,0.061,0.00021,0.022,0.5,0.0001,0.58,0.0086,1.57,0.17,Snack,Generic,True,"Candies, HERSHEY'S SKOR Toffee Bar",Generic
168760,Mr. Goodbar Chocolate,Sweets,110.0,54.34,10.0,47.4,0.17,538.0,14.13,0.0,3.8,0.0,0.038,1.39,47.0,0.0,3.44,0.42,163.0,394.0,10.22,0.14,0.0,41.0,47.22,0.14,33.21,0.035,0.00033,0.07,0.9,0.0,3.17,0.0036,0.45,0.93,Snack,Generic,True,"Candies, MR. GOODBAR Chocolate Bar",Generic
168761,100 GRAND Bar,Sweets,76.0,70.97,12.0,24.6,0.185,468.0,11.9,0.0,1.0,0.0,0.005,0.34,25.0,0.172,0.198,0.182,86.0,163.0,2.5,0.119,0.0025,203.0,51.9,0.058,19.33,0.038,0.00029,0.016,0.7,0.0,0.42,0.0062,6.1,0.99,Snack,Generic,True,"Candies, NESTLE, 100 GRAND Bar",Generic
168763,Reese's Peanut Butter Cups,Sweets,78.0,55.36,6.0,35.4,0.24,515.0,10.73,0.0,3.6,0.0,0.05,1.21,62.0,0.0,4.49,0.62,161.0,343.0,10.24,0.11,0.0014,357.0,47.17,0.16,30.53,0.017,0.00026,0.1,0.3,0.0,0.15,0.002,1.44,1.28,Snack,Generic,True,"Candies, REESE'S Peanut Butter Cups",Generic
168767,3 Musketeers Bar,Sweets,54.0,77.77,5.0,12.2,0.155,436.0,8.646,0.129,1.5,0.0,0.004,0.67,29.0,0.16,0.23,0.231,69.0,133.0,2.6,0.056,0.0019,194.0,66.89,0.034,12.75,0.02,0.00016,0.015,0.2,0.0,0.98,0.0029,5.8,0.55,Snack,Generic,True,"Candies, MARS SNACKFOOD US, 3 MUSKETEERS Bar",Generic
168769,Twix Peanut Butter Cookie Bars,Sweets,75.0,54.14,6.0,29.4,0.29,547.0,15.758,0.505,3.1,0.0,0.015,1.32,61.0,0.942,2.379,0.468,173.0,264.0,9.18,0.145,0.0129,226.0,36.13,0.098,32.67,0.02,0.00026,0.114,0.3,0.0,3.42,0.006,1.82,1.61,Snack,Generic,False,"Candies, MARS SNACKFOOD US, TWIX Peanut Butter Cookie Bars",Generic
168776,York Bites,Sweets,10.0,81.64,1.0,0.0,0.0,394.0,4.43,0.0,2.0,0.0,0.0,0.94,1.0,0.0,0.0,0.0,3.0,108.0,1.78,0.0,0.0,46.0,75.0,0.0,7.32,0.0,0.0,0.0,0.0,0.0,0.0,0.0,9.09,0.01,Snack,Generic,True,"Candies, YORK BITES",Generic
168778,Ready-to-Eat Chocolate Pudding,Sweets,51.0,23.01,1.0,9.5,0.092,142.0,1.263,0.0,0.0,0.0,0.003,1.27,18.0,0.118,0.123,0.244,56.0,184.0,2.09,0.072,0.0,152.0,17.17,0.024,4.6,0.014,8.999999999999999e-05,0.018,0.3,0.0,0.31,0.0006,69.46,0.34,Snack,Generic,True,"Puddings, chocolate, ready-to-eat",Generic
168782,Ready-to-Eat Rice Pudding,Sweets,95.0,18.39,12.0,7.8,0.023,108.0,1.208,0.054,0.3,0.0001,0.004,0.11,8.0,0.077,0.217,0.54,82.0,125.0,3.23,0.183,0.0032,97.0,11.59,0.027,2.15,0.019,0.00015,0.052,1.3,0.0,0.07,0.0002,75.15,0.43,Snack,Generic,True,"Puddings, rice, ready-to-eat",Generic
168791,Praline Candies,Sweets,43.0,59.59,0.0,0.0,0.494,485.0,2.224,0.0,3.5,0.0,0.006,1.29,49.0,1.682,0.415,0.332,104.0,217.0,3.3,0.053,0.0018,48.0,55.79,0.203,25.9,0.001,0.0,0.077,0.3,0.0,0.5,0.0013,10.36,1.67,Snack,Generic,True,"Candies, praline, prepared-from-recipe",Generic
168798,Fat Free Tapioca Pudding,Sweets,52.0,21.31,1.0,6.5,0.018,94.0,0.122,0.0,0.0,0.0,0.002,0.11,5.0,0.011,0.101,0.03,66.0,70.0,1.44,0.075,0.0,187.0,14.18,0.013,0.35,0.0,0.00031,0.02,0.3,0.0,0.01,0.0,76.25,0.17,Snack,Generic,True,"Puddings, tapioca, ready-to-eat, fat free",Generic
168799,Fat-Free Ready-to-Eat Chocolate Pudding,Sweets,39.0,20.87,1.0,7.0,0.083,93.0,0.0,0.0,0.3,0.0,0.003,1.69,15.0,0.078,0.087,0.148,54.0,208.0,1.93,0.074,0.0016,154.0,15.75,0.018,0.3,0.0,0.00015,0.016,0.0,0.0,0.0,0.0001,76.23,0.3,Snack,Generic,True,"Puddings, chocolate, ready-to-eat, fat free",Generic
168801,Heath Bites,Sweets,86.0,63.39,19.0,0.0,0.03,530.0,15.62,0.0,2.0,0.0,0.0,0.78,6.0,0.0,0.09,0.01,71.0,210.0,3.94,0.11,0.0,245.0,60.02,0.02,30.38,0.0,0.0,0.0,0.8,0.0,0.0,0.0,0.86,0.11,Snack,Generic,True,"Candies, HEATH BITES",Generic
168812,Italian Ice Treats,Sweets,1.0,13.5,0.0,0.0,0.01,53.0,0.0,0.0,0.0,0.0,0.005,0.09,0.0,0.02,0.715,0.005,0.0,6.0,0.03,0.01,0.0001,4.0,0.0,0.005,0.02,0.0,0.0,0.002,0.5,0.0,0.0,0.0,86.4,0.03,Snack,Generic,True,"Frozen novelties, ice type, italian, restaurant-prepared",Western
168815,Vanilla Soft-Serve Yogurt,Sweets,143.0,24.2,2.0,20.2,0.04,159.0,3.42,0.0,0.0,0.0,0.006,0.3,14.0,0.012,0.287,0.645,129.0,211.0,4.0,0.224,0.0033,87.0,24.0,0.037,5.6,0.059,0.00029,0.08,0.8,0.0001,0.11,0.0003,65.3,0.42,Snack,Generic,True,"Frozen yogurts, vanilla, soft-serve",Western
168816,Apple Butter,Sweets,14.0,42.47,0.0,2.1,0.08,173.0,0.053,0.0,1.5,0.0,0.001,0.31,4.0,0.315,0.076,0.049,8.0,91.0,0.39,0.019,0.0004,15.0,35.3,0.009,0.3,0.001,0.0,0.037,0.6,0.0,0.05,0.0009,56.45,0.06,Snack,Generic,True,"Fruit butters, apple",Western
168834,Chocolate Syrup,Sweets,11.0,34.56,0.0,0.8,0.276,153.0,0.0,0.0,0.0,0.0,0.002,0.0,36.0,0.278,0.178,0.019,54.0,187.0,1.4,0.04,0.0012,100.0,28.57,0.008,0.97,0.0,0.0,0.009,0.0,0.0,0.01,0.0002,62.16,0.48,Drink,Generic,True,"Syrups, chocolate, HERSHEY'S Genuine Chocolate Flavored Lite Syrup",Generic
168848,Chocolate Soft-Serve Yogurt,Sweets,147.0,24.9,5.0,0.0,0.131,160.0,3.63,0.0,2.2,0.0,0.011,1.25,27.0,0.121,0.305,0.674,139.0,261.0,4.0,0.211,0.0024,98.0,0.0,0.036,6.0,0.044,0.00029,0.074,0.3,0.0,0.0,0.0,63.8,0.49,Snack,Generic,True,"Frozen yogurts, chocolate, soft-serve",Western
168849,Banana Chips,Snacks,18.0,58.4,0.0,21.3,0.205,519.0,28.97,0.0,7.7,0.0,0.014,1.25,76.0,1.56,0.71,0.62,56.0,536.0,2.3,0.017,0.0015,6.0,35.34,0.085,33.6,0.004,0.0,0.26,6.3,0.0,0.24,0.0013,4.3,0.75,Snack,Generic,True,"Snacks, banana chips",Generic
168853,Plain Potato Chips,Snacks,17.0,55.38,0.0,32.8,0.136,545.0,8.643,0.227,2.9,0.0,0.019,0.8,40.0,0.26,2.653,0.595,110.0,637.0,4.62,0.07,0.0004,529.0,0.76,0.21,35.28,0.0,0.0,0.493,1.2,0.0,13.72,0.0072,2.37,0.58,Snack,Generic,True,"Snack, potato chips, made from dried potatoes, plain",Generic
168854,Potato Sticks,Snacks,18.0,53.3,0.0,34.9,0.315,522.0,8.88,0.0,3.4,0.0,0.04,2.27,64.0,0.423,4.785,0.403,172.0,1237.0,6.7,0.116,0.0081,633.0,0.22,0.096,34.4,0.0,0.0,0.32,47.3,0.0,9.11,0.0221,2.2,0.99,Snack,Generic,True,"Snacks, potato sticks",Generic
168855,Rye Rice Cakes,Snacks,21.0,79.9,0.0,0.0,0.39,386.0,0.58,0.0,4.0,0.0,0.005,1.8,144.0,2.977,7.04,1.11,380.0,311.0,8.1,0.09,0.0,110.0,0.0,0.091,3.8,0.0,0.0,0.15,0.0,0.0,0.0,0.0,6.8,3.0,Snack,Generic,True,"Snacks, rice cakes, brown rice, rye",Generic
168857,Corn Cakes,Snacks,19.0,83.4,0.0,0.0,0.42,387.0,0.42,0.0,1.9,0.0,0.019,1.4,114.0,1.815,5.15,0.83,157.0,157.0,8.1,0.05,0.0099,488.0,23.47,0.25,2.4,0.07,0.0,0.14,0.0,0.0,0.0,0.0,4.6,2.0,Snack,Generic,True,"Snacks, corn cakes",Generic
168859,Baked Low-Fat Tortilla Chips,Snacks,159.0,80.2,0.0,21.9,0.11,448.0,0.85,0.0,5.3,0.0,0.016,1.6,97.0,0.0,0.42,0.0,318.0,272.0,11.0,0.28,0.0157,517.0,0.67,0.22,5.7,0.005,0.0,0.18,0.2,0.0,0.77,0.0002,1.7,1.15,Snack,Generic,True,"Tortilla chips, low fat, baked without fat",Western
168860,Cheese Puffs,Snacks,357.0,72.35,1.0,13.7,0.085,432.0,2.1,0.0,3.6,0.0,0.097,1.28,41.0,0.0,7.14,0.0,357.0,286.0,8.5,0.61,0.0096,842.0,7.29,0.54,12.1,0.044,0.00214,0.71,21.4,0.0,4.25,0.0011,3.0,2.14,Snack,Generic,True,"Cheese puffs and twists, corn based, baked, low fat",Generic
168861,Fruit-Filled Granola Bars,Snacks,3.0,77.6,0.0,22.6,0.234,342.0,0.2,0.0,7.4,0.0,0.527,4.0,50.0,0.0,0.4,0.0,122.0,220.0,5.9,0.07,0.0083,16.0,45.24,0.03,0.9,0.001,0.0001799999999999,1.59,1.7,0.0,0.22,0.0013,13.7,1.42,Snack,Generic,True,"Snacks, granola bar, fruit-filled, nonfat",Generic
168862,Nutri-Grain Cereal Bars,Snacks,576.0,67.61,0.0,11.2,0.142,365.0,1.442,0.022,3.0,0.0,0.014,6.14,37.0,0.996,19.267,0.405,134.0,247.0,4.22,2.067,0.0056,354.0,28.98,1.153,8.67,0.604,0.0,1.833,7.8,0.0,0.93,0.0153,16.7,5.24,Snack,Generic,True,"Snacks, KELLOGG, KELLOGG'S, NUTRI-GRAIN Cereal Bars, fruit",Generic
168863,Low Fat Nacho Cheese Tortilla Chips,Snacks,128.0,65.22,2.0,20.4,0.14,318.0,1.054,0.0,6.4,0.0,0.016,4.8,99.0,0.57,1.3,0.208,245.0,396.0,8.44,0.13,0.0094,705.0,2.82,0.206,3.53,0.009,0.00027,0.241,5.5,0.0,3.53,0.1919,1.66,3.4,Snack,Generic,True,"Snacks, tortilla chips, low fat, made with olestra, nacho cheese",Western
168864,Fat-Free Potato Chips,Snacks,20.0,56.0,0.0,38.8,0.165,253.0,0.355,0.0,7.3,0.1055,0.067,1.14,48.0,0.394,3.397,0.963,132.0,931.0,5.06,0.016,0.0029,429.0,0.59,0.177,0.93,0.0,0.0,0.532,108.8,0.0,0.0,0.3286,2.63,0.78,Snack,Generic,True,"Snacks, potato chips, made from dried potatoes, fat-free, made with olestra",Generic
168865,Taro Chips,Snacks,60.0,68.1,0.0,44.3,0.28,498.0,6.43,0.0,7.2,0.0,0.02,1.2,84.0,0.001,0.515,0.668,131.0,755.0,2.3,0.029,0.0018,342.0,3.82,0.174,24.9,0.007,0.0,0.438,5.0,0.0,11.34,0.018,2.0,0.38,Snack,Generic,True,"Snacks, taro chips",Asian
168871,Cooked Millet,Cereal Grains and Pasta,3.0,23.67,0.0,11.2,0.161,119.0,0.172,0.0,1.3,0.0,0.019,0.63,44.0,0.272,1.33,0.171,100.0,62.0,3.51,0.082,0.0009,2.0,0.13,0.106,1.0,0.0,0.0,0.108,0.0,0.0,0.02,0.0003,71.41,0.91,Main Course,Generic,True,"Millet, cooked",Generic
168897,Cooked Wild Rice,Cereal Grains and Pasta,3.0,21.34,0.0,10.2,0.121,101.0,0.049,0.0,1.8,0.0,0.026,0.6,32.0,0.282,1.287,0.154,82.0,101.0,3.99,0.087,0.0008,3.0,0.73,0.052,0.34,0.0,0.0,0.135,0.0,0.0,0.24,0.0005,73.93,1.34,Main Course,Generic,True,"Wild rice, cooked",Asian
168901,Homemade Egg Pasta,Cereal Grains and Pasta,10.0,23.54,41.0,0.0,0.056,130.0,0.408,0.0,0.0,0.0,0.06,1.16,14.0,0.183,1.257,0.231,52.0,21.0,5.28,0.174,0.0,83.0,0.0,0.173,1.74,0.017,0.0001,0.037,0.0,0.0,0.0,0.0,68.71,0.44,Main Course,Generic,True,"Pasta, homemade, made with egg, cooked",Generic
168902,Homemade Pasta,Cereal Grains and Pasta,6.0,25.12,0.0,0.0,0.06,124.0,0.14,0.0,0.0,0.0,0.061,1.13,14.0,0.193,1.343,0.15,40.0,19.0,4.37,0.148,0.0,74.0,0.0,0.182,0.98,0.0,0.0,0.028,0.0,0.0,0.0,0.0,68.86,0.37,Main Course,Generic,True,"Pasta, homemade, made without egg, cooked",Generic
168904,Vegetable Macaroni,Cereal Grains and Pasta,11.0,26.61,0.0,5.0,0.092,128.0,0.016,0.0,4.3,0.0,0.106,0.49,19.0,0.986,1.071,0.35,50.0,31.0,4.53,0.061,0.0198,6.0,1.15,0.112,0.11,0.005,0.0,0.024,0.0,0.0,0.21,0.0003,68.37,0.44,Main Course,Generic,True,"Macaroni, vegetable, enriched, cooked",Generic
168905,Chow Mein Noodles,Cereal Grains and Pasta,0.0,63.64,0.0,9.0,0.124,471.0,6.738,0.0,6.7,0.0,0.188,6.43,19.0,0.577,4.717,0.0,98.0,103.0,10.88,0.397,0.0285,866.0,0.0,0.567,21.24,0.0,0.0,0.043,0.0,0.0,0.83,0.0053,1.58,0.81,Main Course,Generic,True,"Noodles, chinese, chow mein",Asian
168907,Cooked Soba Noodles,Cereal Grains and Pasta,4.0,21.44,0.0,0.0,0.008,99.0,0.019,0.0,0.0,0.0,0.007,0.48,9.0,0.374,0.51,0.235,25.0,35.0,5.06,0.026,0.0,60.0,0.0,0.094,0.1,0.0,0.0,0.04,0.0,0.0,0.0,0.0,73.01,0.12,Main Course,Generic,True,"Noodles, japanese, soba, cooked",Asian
168909,Cooked Somen Noodles,Cereal Grains and Pasta,8.0,27.54,0.0,0.0,0.025,131.0,0.025,0.0,0.0,0.0,0.002,0.52,2.0,0.251,0.097,0.172,27.0,29.0,4.0,0.033,0.0,161.0,0.0,0.02,0.18,0.0,0.0,0.013,0.0,0.0,0.0,0.0,67.91,0.22,Main Course,Generic,True,"Noodles, japanese, somen, cooked",Asian
168910,Cooked Whole-Wheat Pasta,Cereal Grains and Pasta,13.0,30.07,0.0,6.5,0.225,149.0,0.243,0.0,3.9,0.0,0.021,1.72,54.0,1.321,3.126,0.268,127.0,96.0,5.99,0.099,0.0363,4.0,0.75,0.156,1.71,0.0,0.0,0.093,0.0,0.0,0.23,0.0006,61.8,1.34,Main Course,Generic,True,"Pasta, whole-wheat, cooked (Includes foods for USDA's Food Distribution Program)",Generic
168912,Spinach Spaghetti,Cereal Grains and Pasta,30.0,26.15,0.0,0.0,0.205,130.0,0.091,0.0,0.0,0.0,0.012,1.04,62.0,1.504,1.53,0.183,108.0,58.0,4.58,0.103,0.0221,14.0,0.0,0.097,0.63,0.008,0.0,0.096,0.0,0.0,0.0,0.0,68.14,1.08,Main Course,Generic,True,"Spaghetti, spinach, cooked",Generic
168916,Whole Grain Pasta,Cereal Grains and Pasta,12.0,31.51,0.0,0.0,0.199,159.0,0.239,0.0,4.6,0.0,0.02,1.65,45.0,1.032,2.887,0.23,110.0,77.0,5.82,0.103,0.0342,6.0,0.85,0.157,1.5,0.0,0.0,0.097,0.0,0.0,0.1,0.0,60.72,1.12,Main Course,Generic,True,"Pasta, whole grain, 51% whole wheat, remaining unenriched semolina, cooked",Generic
168917,Cooked Quinoa,Cereal Grains and Pasta,17.0,21.3,0.0,23.0,0.192,120.0,0.231,0.0,2.8,0.0,0.042,1.49,64.0,0.631,0.412,0.0,152.0,172.0,4.4,0.11,0.0028,7.0,0.87,0.107,1.92,0.0,0.0,0.123,0.0,0.0,0.63,0.0,71.61,1.09,Main Course,Generic,True,"Quinoa, cooked",Generic
168919,Enriched Egg Noodles,Cereal Grains and Pasta,12.0,25.16,29.0,25.7,0.098,138.0,0.419,0.029,1.2,0.0,0.138,1.47,21.0,0.315,2.077,0.263,76.0,38.0,4.54,0.136,0.0238999999999999,165.0,0.4,0.289,2.07,0.006,8.999999999999999e-05,0.046,0.0,0.0,0.17,0.0,67.73,0.65,Main Course,Generic,True,"Noodles, egg, cooked, enriched, with added salt",Generic
168920,White Corn,Cereal Grains and Pasta,7.0,74.26,0.0,0.0,0.314,365.0,0.667,0.0,0.0,0.0,0.0,2.71,127.0,0.485,3.627,0.424,210.0,287.0,9.42,0.201,0.0155,35.0,0.0,0.385,4.74,0.0,0.0,0.622,0.0,0.0,0.0,0.0,10.37,2.21,Side Dish,Generic,True,"Corn grain, white",Generic
168926,Egg Noodles,Cereal Grains and Pasta,12.0,25.16,29.0,25.7,0.098,138.0,0.419,0.029,1.2,0.0,0.007,0.6,21.0,0.315,0.4,0.263,76.0,38.0,4.54,0.02,0.0238999999999999,5.0,0.4,0.03,2.07,0.006,8.999999999999999e-05,0.046,0.0,0.0001,0.17,0.0,67.73,0.65,Main Course,Generic,True,"Noodles, egg, unenriched, cooked, without added salt",Generic
168928,Cooked Pasta,Cereal Grains and Pasta,7.0,30.86,0.0,6.4,0.1,158.0,0.176,0.0,1.8,0.0,0.007,0.5,18.0,0.322,0.4,0.112,58.0,44.0,5.8,0.02,0.0264,1.0,0.56,0.02,0.93,0.0,0.0,0.049,0.0,0.0,0.06,0.0,62.13,0.51,Main Course,Generic,True,"Pasta, cooked, unenriched, without added salt",Generic
168934,Protein-Packed Spaghetti,Cereal Grains and Pasta,10.0,30.88,0.0,0.0,0.084,164.0,0.032,0.0,2.0,0.0,0.132,0.72,30.0,0.417,1.837,0.286,50.0,42.0,8.86,0.161,0.0252,5.0,0.0,0.298,0.21,0.0,0.0,0.064,0.0,0.0,0.0,0.0,59.73,0.5,Main Course,Generic,True,"Spaghetti, protein-fortified, cooked, enriched (n x 6.25)",Generic
168961,Breaded Chicken Thighs,"Meals, Entrees, and Side Dishes",75.0,14.23,87.0,0.0,0.119,334.0,5.207,1.263,0.1,0.0,0.0,1.26,31.0,0.288,4.263,1.15,190.0,279.0,18.66,0.29,0.0257,813.0,0.0,0.15,22.45,0.037,0.00054,0.14,0.0,0.0,1.19,0.0,41.63,1.39,Main Course,Generic,False,"Chicken, thighs, frozen, breaded, reheated",Western
168962,Meat and Cheese Turnover,"Meals, Entrees, and Side Dishes",197.0,31.89,20.0,20.7,0.077,215.0,2.756,0.0,0.8,0.0,0.09,2.13,18.0,0.0,2.708,0.0,202.0,117.0,9.45,0.298,0.0209,378.0,3.94,0.312,5.51,0.037,0.00058,0.109,0.0,0.0001,0.13,0.0019,51.23,1.51,Main Course,Generic,True,"Turnover, meat- and cheese-filled, tomato-based sauce, reduced fat, frozen",Western
168963,"Egg, Meat, and Cheese Turnover","Meals, Entrees, and Side Dishes",79.0,20.67,31.0,28.9,0.064,228.0,5.512,0.0,0.8,0.0,0.07,2.13,16.0,0.0,2.726,0.0,111.0,177.0,7.87,0.224,0.014,378.0,7.87,0.261,12.6,0.039,0.00033,0.084,0.0,0.0004,0.65,0.0038,57.21,0.99,Main Course,Generic,True,"Turnover, filled with egg, meat and cheese, frozen",Western
168965,Frozen Salisbury Steak with Gravy,"Meals, Entrees, and Side Dishes",47.0,6.78,33.0,15.0,0.083,149.0,3.982,0.284,1.0,0.0,0.013,0.95,17.0,0.174,1.32,0.203,127.0,144.0,6.98,0.118,0.0075,509.0,0.26,0.059,10.47,0.002,0.00041,0.131,0.0,0.0,0.23,0.0017,74.19,0.75,Main Course,Generic,True,"Salisbury steak with gravy, frozen",Western
169008,Double Crunch Shrimp,Restaurant Foods,45.0,25.96,86.0,50.1,0.14,323.0,3.366,0.147,2.6,0.0,0.0,1.03,23.0,0.281,0.9,0.34,271.0,97.0,12.31,0.089,0.0266,838.0,1.07,0.09,18.9,0.002,0.00043,0.055,0.0,0.0,1.97,0.0291,40.12,0.78,Main Course,Generic,True,"APPLEBEE'S, Double Crunch Shrimp",Western
169009,French Fries,Restaurant Foods,19.0,39.5,1.0,0.0,0.109,290.0,2.333,0.083,3.9,0.0,0.0,1.01,29.0,0.268,2.18,0.495,137.0,538.0,3.31,0.058,0.0004,618.0,0.0,0.103,13.17,0.0,0.0,0.205,0.7,0.0,0.93,0.0334,41.29,0.49,Side Dish,Generic,True,"APPLEBEE'S, french fries",Generic
169010,Macaroni & Cheese,Restaurant Foods,79.0,21.08,7.0,0.0,0.061,143.0,1.312,0.071,1.3,0.0,0.0,0.84,22.0,0.254,0.97,0.55,104.0,163.0,5.01,0.283,0.0231,288.0,3.7,0.103,4.34,0.018,0.00024,0.065,0.0,0.0,0.52,0.0,68.28,0.57,Main Course,Generic,True,"APPLEBEE'S, KRAFT, Macaroni & Cheese, from kid's menu",Western
169011,Mozzarella Sticks,Restaurant Foods,319.0,22.87,33.0,0.0,0.059,316.0,6.73,0.363,2.1,0.0,0.0,0.43,20.0,0.239,0.66,0.41,307.0,106.0,14.87,0.26,0.0176,838.0,2.8,0.073,18.37,0.113,0.00099,0.067,0.0,0.0,0.71,0.0222,40.65,2.0,Snack,Generic,True,"APPLEBEE'S, mozzarella sticks",Western
169012,Applebee's Chicken Tenders,Restaurant Foods,23.0,18.36,51.0,0.0,0.071,296.0,2.852,0.116,1.2,0.0,0.0,0.9,30.0,0.26,7.89,1.565,305.0,337.0,19.25,0.177,0.0169,763.0,0.39,0.1,16.15,0.01,0.00015,0.484,0.0,0.0,1.28,0.0251,43.42,0.71,Main Course,Generic,True,"APPLEBEE'S, chicken tenders, from kids' menu",Western
169013,Chicken Fingers,Restaurant Foods,27.0,17.72,44.0,0.0,0.064,330.0,3.916,0.152,0.9,0.0,0.0,0.79,28.0,0.236,7.983,1.72,338.0,300.0,18.11,0.183,0.028,792.0,0.34,0.1,20.78,0.002,8.999999999999999e-05,0.43,0.0,0.0,1.85,0.0254,40.49,0.62,Main Course,Generic,True,"T.G.I. FRIDAY'S, chicken fingers, from kids' menu",Western
169014,Classic Sirloin Steak,Restaurant Foods,7.0,0.47,95.0,0.0,0.112,196.0,2.451,0.28,0.0,0.0,0.0,2.87,28.0,0.026,5.743,0.663,240.0,379.0,31.02,0.403,0.0306,232.0,0.46,0.091,7.83,0.011,0.00263,0.739,0.0,0.0,0.77,0.0,59.24,5.54,Main Course,Generic,True,"T.G.I. FRIDAY'S, classic sirloin steak (10 oz)",Western
169015,Fried Mozzarella Sticks,Restaurant Foods,334.0,25.14,36.0,9.9,0.066,325.0,6.848,0.359,2.0,0.0,0.036,0.62,21.0,0.294,0.781,0.415,318.0,108.0,14.75,0.261,0.0189,861.0,2.36,0.103,18.33,0.099,0.00096,0.074,0.0,0.0002,0.77,0.0229,38.44,2.07,Snack,Generic,True,"Restaurant, family style, fried mozzarella sticks",Western
169017,Hand Battered Fish,Restaurant Foods,13.0,16.65,34.0,0.0,0.039,202.0,1.613,0.077,0.9,0.0,0.0,0.35,20.0,0.097,2.29,0.4,234.0,241.0,13.23,0.093,0.0178,607.0,0.51,0.053,9.14,0.003,0.00123,0.201,0.0,0.0,0.88,0.0,58.82,0.34,Main Course,Generic,True,"APPLEBEE'S, fish, hand battered",Western
169018,Chili,Restaurant Foods,34.0,4.57,45.0,0.0,0.086,157.0,4.15,0.576,1.4,0.0,0.0,1.46,18.0,0.084,3.557,0.405,104.0,320.0,12.56,0.207,0.0131,381.0,2.27,0.037,9.79,0.149,0.00126,0.321,1.1,0.0,1.15,0.0,71.31,2.23,Main Course,Generic,False,"APPLEBEE'S, chili",Western
169019,T.G.I. Friday's Chicken Fingers,Restaurant Foods,26.0,16.84,46.0,0.0,0.066,325.0,3.905,0.18,0.8,0.0,0.0,0.77,29.0,0.23,8.387,1.62,350.0,308.0,18.68,0.18,0.0288,787.0,0.23,0.103,20.31,0.002,0.00012,0.455,0.0,0.0,1.69,0.0,41.32,0.65,Main Course,Generic,True,"T.G.I. FRIDAY'S, chicken fingers",Western
169021,Thick-Cut Onion Rings,Restaurant Foods,19.0,40.95,0.0,0.0,0.087,327.0,2.941,0.202,2.2,0.0,0.0,0.73,21.0,0.531,0.86,0.355,100.0,141.0,4.78,0.073,0.0036,463.0,4.82,0.123,16.0,0.004,0.0,0.084,0.0,0.0,1.31,0.0361,36.68,0.55,Side Dish,Generic,True,"CRACKER BARREL, onion rings, thick-cut",Western
169022,Chicken Strips,Restaurant Foods,11.0,22.03,44.0,0.0,0.066,295.0,2.585,0.125,1.1,0.0,0.0,0.72,30.0,0.228,8.073,1.35,273.0,334.0,19.17,0.167,0.017,798.0,0.29,0.087,14.5,0.014,0.00014,0.467,0.0,0.0,1.22,0.0,41.37,0.71,Main Course,Generic,True,"DENNY'S, chicken strips",Western
169024,Fried Fish Fillet,Restaurant Foods,14.0,17.41,37.0,0.0,0.049,234.0,2.139,0.112,1.0,0.0,0.0,0.41,25.0,0.161,2.66,0.315,181.0,261.0,13.75,0.1,0.0172,516.0,0.4,0.067,12.16,0.002,0.00112,0.26,0.0,0.0,1.0,0.0,54.66,0.44,Main Course,Generic,True,"DENNY'S, fish fillet, battered or breaded, fried",Western
169027,Onion Rings,Restaurant Foods,21.0,40.72,0.0,0.0,0.088,356.0,3.415,0.183,2.6,0.0,0.0,0.71,19.0,0.471,0.818,0.38,94.0,142.0,4.89,0.078,0.005,692.0,4.68,0.117,19.28,0.001,0.0,0.083,0.0,0.0,1.27,0.0426,32.9,0.51,Side Dish,Generic,True,"Restaurant, family style, onion rings",Western
169028,Chili with Meat and Beans,Restaurant Foods,34.0,4.57,45.0,32.3,0.086,157.0,4.023,0.558,1.4,0.0,0.022,1.46,18.0,0.084,3.557,0.405,104.0,320.0,12.56,0.207,0.0131,381.0,2.27,0.037,9.79,0.149,0.00126,0.321,1.1,0.0,1.15,0.0031,71.31,2.23,Main Course,Generic,False,"Restaurant, family style, chili with meat and beans",Western
169029,Spaghetti and Meatballs,Restaurant Foods,45.0,15.51,19.0,0.0,0.106,170.0,3.104,0.217,1.5,0.0,0.0,1.29,23.0,0.277,2.0,0.44,89.0,206.0,7.84,0.167,0.0184,351.0,2.03,0.107,8.52,0.028,0.00039,0.143,0.9,0.0,0.75,0.0,66.64,1.04,Main Course,Generic,True,"Restaurant, family style, spaghetti and meatballs",Western
169030,Carrabba's Lasagne,Restaurant Foods,185.0,12.36,31.0,0.0,0.073,191.0,4.366,0.287,1.3,0.0,0.0,0.74,24.0,0.155,1.757,0.47,176.0,266.0,10.48,0.2,0.0209,524.0,2.77,0.12,11.06,0.102,0.00077,0.0,0.8,0.0,0.97,0.0,63.72,1.35,Main Course,Generic,True,"CARRABBA'S ITALIAN GRILL, lasagne",Western
169031,Mexican Rice,Restaurant Foods,39.0,34.15,0.0,9.1,0.073,195.0,0.886,0.025,1.1,0.0,0.0,1.18,15.0,0.35,2.75,0.51,74.0,131.0,3.56,0.086,0.0073,677.0,1.38,0.28,4.86,0.003,8.999999999999999e-05,0.0,0.3,0.0,0.59,0.0123,55.2,0.38,Main Course,Generic,True,"ON THE BORDER, Mexican rice",Generic
169032,Refried Beans,Restaurant Foods,57.0,17.52,6.0,55.7,0.204,144.0,1.819,0.045,8.2,0.0,0.0,1.67,47.0,0.4,0.52,0.28,137.0,423.0,7.3,0.105,0.0088,378.0,0.84,0.145,5.0,0.0,0.0001,0.0,0.0,0.0,0.1,0.0021,68.17,0.98,Main Course,Generic,True,"ON THE BORDER, refried beans",Western
169033,Spaghetti with Pomodoro Sauce,Restaurant Foods,15.0,17.77,0.0,8.0,0.074,104.0,0.366,0.008,1.7,0.0,0.0,0.9,16.0,0.215,1.162,0.187,44.0,140.0,3.9,0.123,0.0101,191.0,1.82,0.072,1.89,0.01,0.0,0.084,1.1,0.0,0.81,0.004,75.56,0.35,Main Course,Generic,True,"Restaurant, Italian, spaghetti with pomodoro sauce (no meat)",Western
169034,Cheese Quesadilla,Restaurant Foods,432.0,24.25,59.0,0.0,0.061,394.0,12.976,0.635,2.2,0.0,0.0,1.52,24.0,0.246,1.985,0.39,373.0,95.0,16.87,0.34,0.0236,677.0,2.04,0.23,25.5,0.0,0.00082,0.06,0.0,0.0,0.68,0.0,30.31,2.32,Main Course,Generic,False,"ON THE BORDER, cheese quesadilla",Generic
169035,Cheese Quesadilla,Restaurant Foods,430.0,24.11,52.0,0.0,0.069,368.0,11.559,0.955,1.7,0.0,0.0,1.52,24.0,0.279,1.973,0.377,347.0,102.0,15.93,0.323,0.0233,701.0,2.21,0.223,23.08,0.155,0.00099,0.075,0.0,0.0,0.61,0.0,33.75,2.16,Main Course,Generic,False,"Restaurant, Mexican, cheese quesadilla",Generic
169036,Cheese Ravioli with Marinara,Restaurant Foods,135.0,17.62,30.0,0.0,0.09,156.0,2.817,0.141,1.4,0.0,0.0,0.52,21.0,0.183,0.903,0.46,126.0,195.0,7.96,0.17,0.022,371.0,4.15,0.053,6.0,0.058,0.0004,0.09,0.0,0.0,0.49,0.0,66.8,0.81,Main Course,Generic,True,"CARRABBA'S ITALIAN GRILL, cheese ravioli with marinara sauce",Western
169037,Cheese Ravioli with Marinara,Restaurant Foods,121.0,19.64,23.0,0.0,0.076,159.0,2.531,0.121,1.1,0.0,0.0,0.96,23.0,0.18,1.753,0.46,129.0,184.0,7.44,0.237,0.0188,269.0,4.85,0.15,5.61,0.048,0.00032,0.09,0.0,0.0,0.45,0.0,65.96,0.75,Main Course,Generic,True,"OLIVE GARDEN, cheese ravioli with marinara sauce",Western
169038,Cheese Ravioli with Marinara,Restaurant Foods,120.0,18.5,26.0,0.0,0.086,154.0,2.556,0.123,1.2,0.0,0.0,0.82,22.0,0.187,1.328,0.47,121.0,195.0,7.07,0.203,0.0203999999999999,306.0,4.5,0.102,5.7,0.053,0.0003599999999999,0.09,0.0,0.0,0.47,0.0,67.29,0.74,Main Course,Generic,True,"Restaurant, Italian, cheese ravioli with marinara sauce",Western
169045,Seed Gums,Sweets,294.0,77.3,0.0,0.0,0.0,332.0,0.06,0.0,77.3,0.0,0.0,0.0,0.0,0.0,0.0,0.0,0.0,0.0,4.6,0.0,0.0,125.0,0.0,0.0,0.5,0.0,0.0,0.0,0.0,0.0,0.0,0.0,15.0,0.0,Snack,Generic,True,"Gums, seed gums (includes locust bean, guar)",Generic
169046,Baked Potato Chips,Snacks,125.0,71.4,0.0,31.6,0.104,469.0,2.631,0.0,4.8,0.1055,0.0,0.8,43.0,0.0,4.09,0.0,274.0,721.0,5.0,0.07,0.0081,536.0,5.01,0.34,18.2,0.0,0.0,0.51,0.0,0.0,2.18,0.0072,1.4,0.45,Snack,Generic,True,"Snacks, potato chips, white, restructured, baked",Generic
169050,Low-Fat Muenster Cheese,Dairy and Egg Products,529.0,3.5,63.0,15.4,0.031,271.0,10.95,0.0,0.0,0.0,0.012,0.41,27.0,0.0,0.1,0.0,468.0,134.0,24.7,0.36,0.0145,600.0,3.5,0.01,17.6,0.175,0.00147,0.06,0.0,0.0003,0.15,0.0015,50.5,2.81,Side Dish,Generic,True,"Cheese, muenster, low fat",Generic
169058,No Sugar Jams and Preserves,Sweets,9.0,53.42,0.0,8.0,0.024,132.0,0.016,0.0,2.5,0.0,0.009,0.4,5.0,0.0,0.0,0.0,9.0,69.0,0.3,0.0,0.0017,0.0,37.81,0.0,0.3,0.0,0.0,0.02,0.0,0.0,0.09,0.0,45.8,0.06,Snack,Generic,True,"Jams and preserves, no sugar (with sodium saccharin), any flavor",Generic
169060,Nougat Candies with Almonds,Sweets,32.0,92.39,0.0,5.1,0.134,398.0,1.667,0.0,3.3,0.0,0.005,0.59,32.0,0.304,0.478,0.06,55.0,105.0,3.33,0.148,0.0026,33.0,44.97,0.013,1.67,0.0,1e-05,0.02,0.3,0.0,2.77,0.0,2.15,0.42,Snack,Generic,True,"Candies, nougat, with almonds",Generic
169063,Oat Breakfast Bars,Snacks,60.0,66.7,0.0,27.6,0.36,464.0,12.69,0.0,3.1,0.0,0.081,3.18,101.0,0.0,1.75,0.0,277.0,326.0,9.8,0.11,0.016,251.0,27.52,0.28,17.6,0.008,0.0,0.35,1.0,0.0,0.82,0.0159,4.1,1.6,Snack,Generic,True,"Breakfast bars, oats, sugar, raisins, coconut (include granola bar)",Generic
169064,Soft Pretzels,Snacks,23.0,69.39,0.0,17.7,0.126,338.0,0.695,0.0,1.7,0.0,0.024,3.92,21.0,0.0,4.27,0.0,79.0,88.0,8.2,0.29,0.0172,203.0,0.25,0.41,3.1,0.0,0.0,0.02,0.0,0.0,0.54,0.0027,15.0,0.94,Snack,Generic,True,"Pretzels, soft",Western
169065,Barbecue Chili Beans,Legumes and Legume Products,31.0,16.9,0.0,36.3,0.252,97.0,0.145,0.0,4.2,0.0,0.026,1.86,45.0,0.0,0.36,0.0,154.0,450.0,5.0,0.15,0.0013,725.0,5.25,0.04,1.0,0.001,1e-05,0.27,1.7,0.0,0.21,0.0004,75.5,2.0,Main Course,Generic,True,"Beans, chili, barbecue, ranch style, cooked",Western
169067,Meatless Meatballs,Legumes and Legume Products,25.0,8.0,0.0,88.4,0.706,197.0,1.425,0.0,4.6,0.0,0.078,2.16,18.0,0.0,2.5,0.5,344.0,180.0,21.0,0.213,0.0008,550.0,1.25,0.938,9.0,0.0,0.0015,0.2,0.0,0.0,1.73,0.0,58.0,1.8,Main Course,Generic,True,"Meatballs, meatless",Generic
169068,Vegetarian Fillets,Legumes and Legume Products,95.0,9.0,0.0,82.0,0.925,290.0,2.849,0.0,6.1,0.0,0.102,2.0,23.0,0.0,12.0,0.0,450.0,600.0,23.0,0.9,0.001,490.0,0.8,1.1,18.0,0.0,0.0042,1.5,0.0,0.0,3.45,0.0,45.0,1.4,Main Course,Generic,True,Vegetarian fillets,Generic
169069,Meatless Sandwich Spread,Legumes and Legume Products,44.0,9.0,0.0,2.6,0.649,149.0,1.425,0.0,3.3,0.0,0.103,1.5,20.0,0.692,13.0,0.458,220.0,340.0,8.0,0.7,0.0005,630.0,1.9,0.6,9.0,0.0,0.0031,1.1,0.0,0.0,1.73,0.0,70.0,1.3,Side Dish,Generic,True,"Sandwich spread, meatless",Generic
169078,Vegetable Cottage Cheese,Dairy and Egg Products,56.0,3.0,14.0,17.5,0.028,95.0,2.646,0.0,0.1,0.0,0.017,0.1,4.0,0.0,0.1,0.0,128.0,86.0,10.9,0.13,0.0045,403.0,0.37,0.01,4.2,0.053,0.00049,0.05,4.0,0.0,0.05,0.011,80.3,0.29,Side Dish,Generic,True,"Cheese, cottage, with vegetables",Generic
169079,Low-Fat Cream Cheese,Dairy and Egg Products,148.0,6.73,54.0,12.1,0.032,208.0,10.0,0.0,0.0,0.0,0.019,0.17,8.0,0.011,0.125,0.845,152.0,247.0,7.85,0.185,0.004,317.0,3.3,0.04,16.67,0.161,0.00092,0.045,0.0,0.0003,0.27,0.0011,66.72,0.57,Side Dish,Generic,True,"Cheese, cream, low fat",Generic
169080,Low-Fat American Cheese,Dairy and Egg Products,684.0,3.5,35.0,36.2,0.033,180.0,4.41,0.0,0.0,0.0,0.009,0.43,24.0,0.0,0.08,0.0,827.0,180.0,24.6,0.39,0.0166,1789.0,0.59,0.03,7.0,0.057,0.00077,0.08,0.0,0.0001,0.27,0.0027,58.9,3.32,Side Dish,Generic,True,"Cheese, pasteurized process, American, low fat",Generic
169081,Cream Cheese Spread,Dairy and Egg Products,71.0,3.5,90.0,27.2,0.015,295.0,18.02,0.0,0.0,0.0,0.012,1.13,6.0,0.0,0.95,0.0,91.0,112.0,7.1,0.19,0.0027,436.0,3.5,0.02,28.6,0.302,0.0004,0.04,0.0,0.0005,0.77,0.0024,58.5,0.51,Side Dish,Generic,True,"Cheese spread, cream cheese base",Generic
169083,Tofu,Legumes and Legume Products,188.0,6.9,0.0,62.5,0.38,151.0,1.172,0.0,0.0,0.0,0.022,5.6,228.0,0.889,0.5,0.116,222.0,199.0,12.5,0.14,0.0168,20.0,1.6,0.0,8.1,0.002,0.0,0.07,0.0,0.0,0.6,0.0046,70.9,1.72,Side Dish,Generic,True,"Soybean, curd cheese",Asian
169084,Canned Potatoes,Vegetables and Vegetable Products,5.0,13.6,0.0,9.2,0.057,60.0,0.051,0.0,2.4,0.0,0.006,1.26,14.0,0.12,0.92,0.245,28.0,229.0,1.4,0.01,0.0009,5.0,0.59,0.07,0.2,0.0,0.0,0.19,5.1,0.0,0.05,0.0015,84.3,0.28,Side Dish,Generic,True,"Potatoes, canned, drained solids, no salt added",Generic
169085,Mixed Vegetables,Vegetables and Vegetable Products,21.0,7.31,0.0,18.6,0.104,37.0,0.039,0.0,3.1,0.037,0.018,0.65,15.0,0.0,0.48,0.0,37.0,138.0,1.4,0.04,0.0003,26.0,2.41,0.03,0.2,0.583,0.0,0.08,3.8,0.0,0.29,0.0182,90.2,0.51,Side Dish,Generic,True,"Vegetables, mixed (corn, lima beans, peas, green beans, carrots) canned, no salt added",Generic
169086,Raw Litchis,Fruits and Fruit Juices,5.0,16.53,0.0,7.1,0.148,66.0,0.099,0.0,1.3,0.0,0.014,0.31,10.0,0.055,0.603,0.0,31.0,171.0,0.83,0.065,0.0006,1.0,15.23,0.011,0.44,0.0,0.0,0.1,71.5,0.0,0.07,0.0004,81.76,0.07,Snack,Generic,True,"Litchis, raw",Asian
169087,Dried Litchis,Fruits and Fruit Juices,33.0,70.7,0.0,12.7,0.631,277.0,0.27,0.0,4.6,0.0,0.012,1.7,42.0,0.234,3.1,0.0,181.0,1110.0,3.8,0.57,0.0013,3.0,66.1,0.01,1.2,0.0,0.0,0.09,183.0,0.0,0.31,0.0016,22.3,0.28,Snack,Generic,True,"Litchis, dried",Asian
169088,Frozen Loganberries,Fruits and Fruit Juices,26.0,13.02,0.0,8.5,0.117,55.0,0.011,0.0,5.3,0.0,0.026,0.64,21.0,1.247,0.84,0.244,26.0,145.0,1.52,0.034,0.0002,1.0,7.7,0.05,0.31,0.002,0.0,0.065,15.3,0.0,0.87,0.0078,84.61,0.34,Snack,Generic,True,"Loganberries, frozen",Generic
169090,Canned Mangosteen,Fruits and Fruit Juices,12.0,17.91,0.0,0.0,0.069,73.0,0.0,0.0,1.8,0.0,0.031,0.3,13.0,0.102,0.286,0.032,8.0,48.0,0.41,0.054,0.0,7.0,0.0,0.054,0.58,0.002,0.0,0.018,2.9,0.0,0.0,0.0,80.94,0.21,Snack,Generic,True,"Mangosteen, canned, syrup pack",Asian
169091,Sweet Dried Mango,Fruits and Fruit Juices,0.0,78.58,0.0,23.7,0.3,319.0,0.287,0.0,2.4,0.0,0.068,0.23,20.0,10.0,2.0,0.0,50.0,279.0,2.45,0.085,0.0021,162.0,66.27,0.062,1.18,0.067,0.0,0.334,42.3,0.0,4.02,0.0132,16.6,0.3,Snack,Generic,True,"Mango, dried, sweetened",Generic
169092,Raw Cantaloupe,Fruits and Fruit Juices,9.0,8.16,0.0,7.6,0.041,34.0,0.051,0.0,0.9,0.001,0.021,0.21,12.0,0.041,0.734,0.105,15.0,267.0,0.84,0.019,0.0004,16.0,7.86,0.041,0.19,0.169,0.0,0.072,36.7,0.0,0.05,0.0025,90.15,0.18,Snack,Generic,True,"Melons, cantaloupe, raw",Generic
169093,Casaba Melon,Fruits and Fruit Juices,11.0,6.58,0.0,7.6,0.06,28.0,0.025,0.0,0.9,0.0,0.008,0.34,11.0,0.035,0.232,0.084,5.0,182.0,1.11,0.031,0.0004,9.0,5.69,0.015,0.1,0.0,0.0,0.163,21.8,0.0,0.05,0.0025,91.85,0.07,Snack,Generic,True,"Melons, casaba, raw",Generic
169094,Canned Ripe Olives,Fruits and Fruit Juices,88.0,6.04,0.0,10.3,0.251,116.0,2.279,0.0,1.6,0.0,0.0,6.28,4.0,0.02,0.037,0.015,3.0,8.0,0.84,0.0,0.0009,735.0,0.0,0.003,10.9,0.017,0.0,0.009,0.9,0.0,1.65,0.0014,79.99,0.22,Snack,Generic,True,"Olives, ripe, canned (small-extra large)",Mediterranean
169095,Jumbo Olives,Fruits and Fruit Juices,94.0,5.61,0.0,6.6,0.226,81.0,0.909,0.0,2.5,0.0,0.0,3.32,4.0,0.02,0.022,0.015,3.0,9.0,0.97,0.0,0.0009,735.0,0.0,0.003,6.87,0.017,0.0,0.012,1.5,0.0,1.65,0.0014,84.34,0.22,Snack,Generic,True,"Olives, ripe, canned (jumbo-super colossal)",Mediterranean
169097,Fresh Oranges,Fruits and Fruit Juices,40.0,11.75,0.0,8.4,0.045,47.0,0.015,0.0,2.4,0.0,0.03,0.1,10.0,0.025,0.282,0.25,14.0,181.0,0.94,0.04,0.0005,0.0,9.35,0.087,0.12,0.011,0.0,0.06,53.2,0.0,0.18,0.0,86.75,0.07,Snack,Generic,True,"Oranges, raw, all commercial varieties",Generic
169098,Raw Orange Juice,Fruits and Fruit Juices,11.0,10.4,0.0,6.2,0.044,45.0,0.024,0.0,0.2,0.0,0.03,0.2,11.0,0.014,0.4,0.19,17.0,200.0,0.7,0.03,0.0001,1.0,8.4,0.09,0.2,0.01,0.0,0.04,50.0,0.0,0.04,0.0001,88.3,0.05,Drink,Generic,True,"Orange juice, raw (Includes foods for USDA's Food Distribution Program)",Generic
169099,Unsweetened Orange Juice,Fruits and Fruit Juices,10.0,11.01,0.0,6.2,0.022,47.0,0.018,0.0,0.3,0.0313,0.024,0.1,10.0,0.021,0.201,0.18,17.0,184.0,0.68,0.021,0.0001,4.0,8.76,0.039,0.15,0.009,0.0,0.031,30.1,0.0,0.2,0.0001,87.72,0.04,Drink,Generic,True,"Orange juice, canned, unsweetened",Generic
169100,Chilled Orange Juice,Fruits and Fruit Juices,11.0,11.54,0.0,6.2,0.042,49.0,0.014,0.0,0.3,0.0,0.019,0.13,11.0,0.023,0.28,0.195,17.0,178.0,0.68,0.039,0.0001,2.0,8.31,0.046,0.12,0.002,0.0,0.076,33.6,0.0,0.2,0.0,87.22,0.07,Drink,Generic,True,"Orange juice, chilled, includes from concentrate",Generic
169101,Orange Juice,Fruits and Fruit Juices,140.0,11.27,0.0,6.2,0.042,47.0,0.014,0.0,0.3,0.0,0.019,0.13,11.0,0.023,0.28,0.195,47.0,178.0,0.68,0.039,0.0001,2.0,8.31,0.046,0.12,0.002,0.0,0.076,33.6,0.001,0.2,0.0,87.22,0.07,Drink,Generic,True,"Orange juice, chilled, includes from concentrate, with added calcium and vitamin D",Generic
169102,Diluted Frozen Orange Juice,Fruits and Fruit Juices,12.0,8.8,0.0,5.0,0.021,37.0,0.015,0.0,0.2,0.0,0.019,0.08,10.0,0.0,0.273,0.0,15.0,158.0,0.6,0.044,0.0001,4.0,7.42,0.069,0.06,0.003,0.0,0.065,36.2,0.0,0.15,0.0001,90.07,0.04,Drink,Generic,True,"Orange juice, frozen concentrate, unsweetened, diluted with 3 volume water",Generic
169103,Raw Orange Peel,Fruits and Fruit Juices,161.0,25.0,0.0,0.0,0.092,97.0,0.024,0.0,10.6,0.0,0.03,0.8,22.0,0.0,0.9,0.49,21.0,212.0,1.5,0.09,0.001,3.0,0.0,0.12,0.2,0.021,0.0,0.176,136.0,0.0,0.25,0.0,72.5,0.25,Side Dish,Generic,True,"Orange peel, raw",Generic
169104,Unsweetened Orange-Grapefruit Juice,Fruits and Fruit Juices,8.0,10.28,0.0,6.2,0.076,43.0,0.011,0.0,0.1,0.0,0.014,0.46,10.0,0.017,0.336,0.14,14.0,158.0,0.6,0.03,0.0001,3.0,10.18,0.056,0.1,0.006,0.0,0.023,29.1,0.0,0.14,0.0001,88.64,0.07,Drink,Generic,True,"Orange-grapefruit juice, canned or bottled, unsweetened",Generic
169105,Raw Tangerines,Fruits and Fruit Juices,37.0,13.34,0.0,10.2,0.042,53.0,0.039,0.0,1.8,0.0,0.016,0.15,12.0,0.039,0.376,0.216,20.0,166.0,0.81,0.036,0.0001,2.0,10.58,0.058,0.31,0.034,0.0,0.078,26.7,0.0,0.2,0.0,85.17,0.07,Snack,Generic,True,"Tangerines, (mandarin oranges), raw",Generic
169106,Canned Tangerines,Fruits and Fruit Juices,11.0,9.57,0.0,8.9,0.033,37.0,0.003,0.0,0.7,0.0,0.005,0.27,11.0,0.032,0.445,0.125,10.0,133.0,0.62,0.029,0.0004,5.0,8.87,0.082,0.03,0.043,0.0,0.042,34.2,0.0,0.1,0.0,89.51,0.51,Snack,Generic,True,"Tangerines, (mandarin oranges), canned, juice pack",Generic
169107,Canned Papaya Nectar,Fruits and Fruit Juices,10.0,14.51,0.0,2.0,0.013,57.0,0.047,0.0,0.6,0.0,0.002,0.34,3.0,0.013,0.15,0.054,0.0,31.0,0.17,0.004,0.0003,5.0,13.91,0.006,0.15,0.018,0.0,0.009,3.0,0.0,0.24,0.0008,85.02,0.15,Drink,Generic,True,"Papaya nectar, canned",Generic
169108,Raw Purple Passion Fruit,Fruits and Fruit Juices,12.0,23.38,0.0,7.6,0.086,97.0,0.059,0.0,10.4,0.0,0.014,1.6,29.0,0.0,1.5,0.0,68.0,348.0,2.2,0.13,0.0006,28.0,11.2,0.0,0.7,0.064,0.0,0.1,30.0,0.0,0.02,0.0007,72.93,0.1,Snack,Generic,True,"Passion-fruit, (granadilla), purple, raw",Generic
169109,Purple Passion Fruit Juice,Fruits and Fruit Juices,4.0,13.6,0.0,4.0,0.053,51.0,0.004,0.0,0.2,0.0,0.007,0.24,17.0,0.0,1.46,0.0,13.0,278.0,0.39,0.131,0.0001,6.0,13.4,0.0,0.05,0.036,0.0,0.05,29.8,0.0,0.01,0.0004,85.62,0.05,Drink,Generic,True,"Passion-fruit juice, purple, raw",Generic
169110,Raw Passion Fruit Juice,Fruits and Fruit Juices,4.0,14.45,0.0,4.0,0.05,60.0,0.015,0.0,0.2,0.0,0.008,0.36,17.0,0.0,2.24,0.0,25.0,278.0,0.67,0.101,0.0001,6.0,14.25,0.0,0.18,0.047,0.0,0.06,18.2,0.0,0.01,0.0004,84.21,0.06,Drink,Generic,True,"Passion-fruit juice, yellow, raw",Generic
169111,Canned Peaches in Light Syrup,Fruits and Fruit Juices,3.0,14.55,0.0,4.1,0.052,54.0,0.003,0.0,1.3,0.0,0.003,0.36,5.0,0.046,0.593,0.05,11.0,97.0,0.45,0.025,0.0003,5.0,13.25,0.009,0.03,0.018,0.0,0.019,2.4,0.0,0.49,0.0017,84.72,0.09,Snack,Generic,True,"Peaches, canned, light syrup pack, solids and liquids",Generic
169112,Canned Peaches,Fruits and Fruit Juices,3.0,19.94,0.0,4.1,0.051,74.0,0.01,0.0,1.3,0.0068,0.003,0.27,5.0,0.045,0.614,0.05,11.0,92.0,0.45,0.024,0.0003,6.0,18.64,0.011,0.1,0.017,0.0,0.019,2.8,0.0,0.49,0.0017,79.28,0.09,Snack,Generic,True,"Peaches, canned, heavy syrup pack, solids and liquids",Generic
169113,Canned Peaches in Syrup,Fruits and Fruit Juices,3.0,26.06,0.0,0.0,0.05,96.0,0.003,0.0,1.0,0.0,0.003,0.29,5.0,0.044,0.52,0.05,11.0,83.0,0.47,0.021,0.0,8.0,0.0,0.011,0.03,0.007,0.0,0.019,1.2,0.0,0.0,0.0,73.19,0.09,Snack,Generic,True,"Peaches, canned, extra heavy syrup pack, solids and liquids",Generic
169114,Spiced Peaches,Fruits and Fruit Juices,6.0,20.08,0.0,4.1,0.098,75.0,0.011,0.0,1.3,0.0,0.003,0.28,7.0,0.0,0.537,0.05,9.0,85.0,0.41,0.035,0.0003,4.0,18.78,0.011,0.1,0.016,0.0,0.019,5.3,0.0,0.49,0.0017,79.2,0.08,Snack,Generic,True,"Peaches, spiced, canned, heavy syrup pack, solids and liquids",Generic
169115,Stewed Dried Peaches,Fruits and Fruit Juices,8.0,26.6,0.0,0.0,0.107,103.0,0.024,0.0,2.4,0.0,0.0,1.2,12.0,0.089,1.388,0.165,35.0,292.0,1.06,0.019,0.0007,2.0,0.0,0.005,0.22,0.009,0.0,0.035,3.4,0.0,0.0,0.0,71.38,0.17,Snack,Generic,True,"Peaches, dried, sulfured, stewed, with added sugar",Generic
169116,Sweetened Frozen Sliced Peaches,Fruits and Fruit Juices,3.0,23.98,0.0,5.1,0.024,94.0,0.014,0.0,1.8,0.0,0.003,0.37,5.0,0.029,0.653,0.132,11.0,130.0,0.63,0.035,0.0004,6.0,22.18,0.013,0.13,0.014,0.0,0.018,94.2,0.0,0.62,0.0022,74.73,0.05,Snack,Generic,True,"Peaches, frozen, sliced, sweetened",Generic
169117,Canned Peach Nectar,Fruits and Fruit Juices,6.0,11.61,0.0,2.4,0.018,49.0,0.037,0.0,0.1,0.0,0.001,0.07,4.0,0.011,0.09,0.03,3.0,30.0,0.1,0.015,0.0002,11.0,12.08,0.06,0.57,0.016,0.0,0.037,0.0,0.0,0.29,0.0012,87.65,0.01,Drink,Generic,True,"Peach nectar, canned, with sucralose, without added ascorbic acid",Generic
169118,Fresh Pears,Fruits and Fruit Juices,9.0,15.23,0.0,5.1,0.082,57.0,0.022,0.0,3.1,0.0022,0.007,0.18,7.0,0.048,0.161,0.049,12.0,116.0,0.36,0.026,0.0001,1.0,9.75,0.012,0.14,0.001,0.0,0.029,4.3,0.0,0.12,0.0044,83.96,0.1,Snack,Generic,True,"Pears, raw",Generic
169119,Canned Pears,Fruits and Fruit Juices,4.0,7.81,0.0,3.4,0.051,29.0,0.002,0.0,1.6,0.0,0.001,0.21,4.0,0.034,0.054,0.022,7.0,53.0,0.19,0.01,0.0,2.0,6.1,0.008,0.03,0.0,0.0,0.014,1.0,0.0,0.08,0.0003,91.81,0.09,Snack,Generic,True,"Pears, canned, water pack, solids and liquids",Generic
169120,Sweet Canned Pears,Fruits and Fruit Juices,5.0,25.25,0.0,0.0,0.048,97.0,0.007,0.0,1.6,0.0,0.001,0.22,4.0,0.032,0.238,0.022,7.0,64.0,0.19,0.022,0.0,5.0,0.0,0.01,0.13,0.0,0.0,0.014,1.1,0.0,0.0,0.0,74.28,0.08,Snack,Generic,True,"Pears, canned, extra heavy syrup pack, solids and liquids",Generic
169122,Dried Stewed Pears,Fruits and Fruit Juices,16.0,33.81,0.0,11.2,0.18,127.0,0.017,0.0,6.4,0.0,0.0,1.02,16.0,0.159,0.351,0.074,28.0,258.0,0.91,0.02,0.0001,3.0,27.41,0.004,0.31,0.002,0.0,0.035,4.0,0.0,0.03,0.0099,64.44,0.19,Snack,Generic,True,"Pears, dried, sulfured, stewed, without added sugar",Generic
169123,Stewed Dried Pears,Fruits and Fruit Juices,15.0,37.14,0.0,0.0,0.171,140.0,0.016,0.0,5.8,0.0,0.0,0.97,15.0,0.151,0.333,0.07,27.0,245.0,0.86,0.019,0.0024,3.0,0.0,0.004,0.29,0.002,0.0,0.033,3.8,0.0,0.0,0.0,61.2,0.18,Snack,Generic,True,"Pears, dried, sulfured, stewed, with added sugar",Generic
169124,Fresh Pineapple,Fruits and Fruit Juices,13.0,13.12,0.0,5.5,0.11,50.0,0.009,0.0,1.4,0.0,0.018,0.29,12.0,0.927,0.5,0.213,8.0,109.0,0.54,0.032,0.0001,1.0,9.85,0.079,0.12,0.003,0.0,0.112,47.8,0.0,0.02,0.0007,86.0,0.12,Snack,Generic,True,"Pineapple, raw, all varieties",Generic
169125,Canned Pineapple,Fruits and Fruit Juices,15.0,8.3,0.0,3.8,0.105,32.0,0.006,0.0,0.8,0.0,0.005,0.4,18.0,1.121,0.298,0.1,4.0,127.0,0.43,0.026,0.0004,1.0,7.5,0.093,0.09,0.002,0.0,0.074,7.7,0.0,0.01,0.0003,90.82,0.12,Snack,Generic,True,"Pineapple, canned, water pack, solids and liquids",Generic
169126,Canned Pineapple,Fruits and Fruit Juices,14.0,15.7,0.0,4.8,0.086,60.0,0.006,0.0,0.8,0.0042,0.005,0.28,14.0,1.121,0.284,0.1,6.0,122.0,0.42,0.019,0.0004,1.0,14.45,0.095,0.08,0.002,0.0,0.074,9.5,0.0,0.01,0.0003,83.51,0.1,Snack,Generic,True,"Pineapple, canned, juice pack, solids and liquids",Generic
169127,Canned Pineapple,Fruits and Fruit Juices,14.0,13.45,0.0,3.8,0.103,52.0,0.009,0.0,0.8,0.0,0.005,0.39,16.0,1.097,0.292,0.1,7.0,105.0,0.36,0.025,0.0004,1.0,12.65,0.091,0.12,0.002,0.0,0.074,7.5,0.0,0.01,0.0003,85.73,0.12,Snack,Generic,True,"Pineapple, canned, light syrup pack, solids and liquids",Generic
169128,Unsweetened Pineapple Juice,Fruits and Fruit Juices,13.0,12.67,0.0,3.3,0.045,51.0,0.002,0.0,0.2,0.0,0.011,0.16,14.0,1.049,0.2,0.125,9.0,132.0,0.4,0.02,0.0001,1.0,12.47,0.07,0.03,0.001,0.0,0.074,12.0,0.0,0.01,0.0003,86.6,0.08,Drink,Generic,True,"Pineapple juice, frozen concentrate, unsweetened, diluted with 3 volume water",Generic
169130,Raw Yellow Plantains,Fruits and Fruit Juices,3.0,31.89,0.0,13.5,0.074,122.0,0.0,0.0,1.7,0.0,0.022,0.55,36.0,0.144,0.672,0.3,32.0,487.0,1.3,0.076,0.0015,4.0,17.51,0.062,0.35,0.056,0.0,0.242,18.4,0.0,0.0,0.0288,65.2,0.19,Snack,Generic,True,"Plantains, yellow, raw",Generic
169131,Baked Yellow Plantains,Fruits and Fruit Juices,3.0,41.37,0.0,12.7,0.044,155.0,0.0,0.0,2.2,0.0,0.053,0.28,41.0,0.165,0.685,0.53,37.0,477.0,1.52,0.13,0.0,2.0,21.33,0.09,0.16,0.045,0.0,0.21,16.4,0.0,0.0,0.0129,55.87,0.21,Side Dish,Generic,True,"Plantains, yellow, baked",Generic
169132,Canned Purple Plums,Fruits and Fruit Juices,9.0,23.24,0.0,1.3,0.037,89.0,0.008,0.0,0.9,0.0,0.003,0.84,5.0,0.031,0.291,0.072,13.0,91.0,0.36,0.038,0.0,19.0,22.31,0.016,0.1,0.013,0.0,0.027,0.4,0.0,0.18,0.0043,76.06,0.07,Drink,Generic,True,"Plums, canned, purple, heavy syrup pack, solids and liquids",Generic
169133,Canned Purple Plums,Fruits and Fruit Juices,9.0,26.31,0.0,0.0,0.036,101.0,0.008,0.0,1.0,0.0,0.003,0.82,5.0,0.031,0.285,0.072,12.0,89.0,0.36,0.037,0.0,19.0,0.0,0.016,0.1,0.013,0.0,0.027,0.4,0.0,0.0,0.0,73.0,0.07,Drink,Generic,True,"Plums, canned, purple, extra heavy syrup pack, solids and liquids",Generic
169134,Fresh Pomegranates,Fruits and Fruit Juices,10.0,18.7,0.0,7.6,0.158,83.0,0.12,0.0,4.0,0.0,0.038,0.3,12.0,0.119,0.293,0.377,36.0,236.0,1.67,0.053,0.0005,3.0,13.67,0.067,1.17,0.0,0.0,0.075,10.2,0.0,0.6,0.0163999999999999,77.93,0.35,Snack,Generic,True,"Pomegranates, raw",Generic
169135,Cooked Lima Beans,Vegetables and Vegetable Products,32.0,23.64,0.0,44.1,0.305,123.0,0.073,0.0,5.4,0.0,0.026,2.45,74.0,1.252,1.04,0.257,130.0,570.0,6.81,0.096,0.002,17.0,1.63,0.14,0.32,0.015,0.0,0.193,10.1,0.0,0.14,0.0062,67.17,0.79,Main Course,Generic,True,"Lima beans, immature seeds, cooked, boiled, drained, without salt",Generic
169136,Canned Lima Beans,Vegetables and Vegetable Products,28.0,13.33,0.0,0.0,0.162,71.0,0.066,0.0,3.6,0.0,0.016,1.61,34.0,0.7,0.532,0.095,71.0,285.0,4.07,0.043,0.0011,252.0,0.0,0.029,0.29,0.008,0.0,0.062,7.3,0.0,0.0,0.0,81.17,0.64,Main Course,Generic,True,"Lima beans, immature seeds, canned, regular pack, solids and liquids",Generic
169137,Sprouted Mung Beans,Vegetables and Vegetable Products,12.0,4.19,0.0,9.9,0.122,21.0,0.025,0.0,0.8,0.0,0.029,0.65,14.0,0.14,0.817,0.243,28.0,101.0,2.03,0.102,0.0006,10.0,2.84,0.05,0.09,0.001,0.0,0.054,11.4,0.0,0.07,0.0227,93.39,0.47,Side Dish,Generic,True,"Mung beans, mature seeds, sprouted, cooked, boiled, drained, without salt",Generic
169138,Stir-Fried Mung Beans,Vegetables and Vegetable Products,13.0,10.59,0.0,0.0,0.255,50.0,0.039,0.0,1.9,0.0,0.07,1.9,33.0,0.292,1.2,0.559,79.0,219.0,4.3,0.18,0.0006,9.0,0.0,0.14,0.21,0.002,0.0,0.13,16.0,0.0,0.0,0.0,84.3,0.9,Main Course,Generic,True,"Mung beans, mature seeds, sprouted, cooked, stir-fried",Asian
169140,Cooked Navy Beans,Vegetables and Vegetable Products,16.0,15.01,0.0,0.0,0.389,78.0,0.098,0.0,0.0,0.0,0.106,2.11,111.0,0.446,1.263,0.854,103.0,317.0,7.07,0.235,0.0006,14.0,0.0,0.381,0.81,0.0,0.0,0.198,17.3,0.0,0.0,0.0,76.02,0.97,Side Dish,Generic,True,"Beans, navy, mature seeds, sprouted, cooked, boiled, drained, without salt",Generic
169141,Cooked Green Snap Beans,Vegetables and Vegetable Products,44.0,7.88,0.0,16.9,0.057,35.0,0.064,0.0,3.2,0.0,0.033,0.65,18.0,0.285,0.614,0.074,29.0,146.0,1.89,0.097,0.0002,1.0,3.63,0.074,0.28,0.032,0.0,0.056,9.7,0.0,0.46,0.0479,89.22,0.25,Side Dish,Generic,True,"Beans, snap, green, cooked, boiled, drained, without salt",Generic
169142,Canned Green Beans,Vegetables and Vegetable Products,29.0,3.27,0.0,0.0,0.037,15.0,0.04,0.0,1.5,0.0,0.026,1.02,13.0,0.205,0.2,0.106,18.0,92.0,0.72,0.02,0.0,192.0,1.25,0.015,0.17,0.013,0.0,0.03,2.2,0.0,0.02,0.029,95.06,0.36,Side Dish,Generic,True,"Beans, snap, green, canned, regular pack, solids and liquids",Generic
169143,Canned Green Snap Beans,Vegetables and Vegetable Products,37.0,4.19,0.0,14.7,0.039,21.0,0.093,0.0,1.9,0.0,0.024,0.89,13.0,0.175,0.206,0.2,22.0,96.0,1.05,0.046,0.0004,268.0,1.44,0.016,0.41,0.018,0.0,0.03,2.8,0.0,0.03,0.0389,93.52,0.19,Side Dish,Generic,True,"Beans, snap, green, canned, regular pack, drained solids",Generic
169144,Seasoned Snap Beans,Vegetables and Vegetable Products,22.0,3.49,0.0,0.0,0.06,16.0,0.045,0.0,1.5,0.0,0.018,0.47,13.0,0.312,0.233,0.098,16.0,93.0,0.83,0.049,0.0002,373.0,0.0,0.025,0.2,0.026,0.0,0.044,3.1,0.0,0.0,0.0,94.3,0.14,Side Dish,Generic,True,"Beans, snap, canned, all styles, seasoned, solids and liquids",Generic
169146,Cooked Beets,Vegetables and Vegetable Products,16.0,9.96,0.0,6.3,0.074,44.0,0.028,0.0,2.0,0.0,0.08,0.79,23.0,0.326,0.331,0.145,38.0,305.0,1.68,0.04,0.0007,77.0,7.96,0.027,0.18,0.002,0.0,0.067,3.6,0.0,0.04,0.0002,87.06,0.35,Side Dish,Generic,True,"Beets, cooked, boiled, drained",Generic
169147,Canned Beets,Vegetables and Vegetable Products,18.0,7.14,0.0,7.2,0.043,30.0,0.011,0.0,1.2,0.0263,0.029,0.73,18.0,0.411,0.151,0.15,15.0,159.0,0.73,0.038,0.0001,143.0,6.53,0.01,0.09,0.001,0.0,0.055,2.8,0.0,0.03,0.0002,91.3,0.34,Side Dish,Generic,True,"Beets, canned, regular pack, solids and liquids",Generic
169202,Cooked Amaranth Leaves,Vegetables and Vegetable Products,209.0,4.11,0.0,0.0,0.158,21.0,0.05,0.0,0.0,0.0,0.057,2.26,55.0,0.861,0.559,0.062,72.0,641.0,2.11,0.134,0.0009,21.0,0.0,0.02,0.18,0.139,0.0,0.177,41.1,0.0,0.0,0.0,91.49,0.88,Side Dish,Generic,True,"Amaranth leaves, cooked, boiled, drained, without salt",Asian
169204,Cooked Arrowhead,Vegetables and Vegetable Products,7.0,16.14,0.0,0.0,0.135,78.0,0.0,0.0,0.0,0.0,0.009,1.21,49.0,0.285,1.16,0.449,197.0,881.0,4.49,0.06,0.0006,18.0,0.0,0.144,0.1,0.0,0.0,0.206,0.3,0.0,0.0,0.0,77.08,0.22,Side Dish,Generic,True,"Arrowhead, cooked, boiled, drained, without salt",Generic
169206,Canned Asparagus,Vegetables and Vegetable Products,15.0,2.48,0.0,0.0,0.107,15.0,0.044,0.0,1.0,0.0,0.085,0.6,9.0,0.152,0.851,0.124,38.0,172.0,1.8,0.089,0.0016,284.0,0.0,0.054,0.18,0.0,0.0,0.098,16.5,0.0,1.16,0.0,94.32,0.47,Side Dish,Generic,True,"Asparagus, canned, regular pack, solids and liquids",Generic
169207,Canned Asparagus,Vegetables and Vegetable Products,16.0,2.46,0.0,21.4,0.096,19.0,0.147,0.0,1.6,0.0,0.096,1.83,10.0,0.17,0.954,0.139,43.0,172.0,2.14,0.1,0.0017,287.0,1.06,0.061,0.65,0.041,0.0,0.11,18.4,0.0,1.22,0.0412999999999999,93.98,0.4,Side Dish,Generic,True,"Asparagus, canned, drained solids",Generic
169209,Cooked Frozen Asparagus,Vegetables and Vegetable Products,18.0,1.92,0.0,20.9,0.105,18.0,0.096,0.0,1.6,0.0,0.135,0.56,10.0,0.14,1.038,0.158,49.0,172.0,2.95,0.103,0.0039,3.0,0.32,0.065,0.42,0.04,0.0,0.02,24.4,0.0,1.2,0.08,94.1,0.41,Side Dish,Generic,True,"Asparagus, frozen, cooked, boiled, drained, without salt",Generic
169211,Cooked Bamboo Shoots,Vegetables and Vegetable Products,12.0,1.92,0.0,0.0,0.082,12.0,0.051,0.0,1.0,0.0,0.002,0.24,3.0,0.113,0.3,0.066,20.0,533.0,1.53,0.05,0.0004,4.0,0.0,0.02,0.22,0.0,0.0,0.098,0.0,0.0,0.0,0.0,95.92,0.47,Side Dish,Generic,True,"Bamboo shoots, cooked, boiled, drained, without salt",Generic
169212,Canned Bamboo Shoots,Vegetables and Vegetable Products,8.0,3.22,0.0,0.0,0.114,19.0,0.092,0.0,1.4,0.0,0.003,0.32,4.0,0.157,0.14,0.092,25.0,80.0,1.72,0.026,0.0005,7.0,1.89,0.026,0.4,0.001,0.0,0.136,1.1,0.0,0.63,0.0,94.32,0.65,Side Dish,Generic,True,"Bamboo shoots, canned, drained solids",Generic
169214,Canned Sweet Corn,Vegetables and Vegetable Products,3.0,14.34,0.0,17.8,0.033,67.0,0.245,0.0,2.0,0.0,0.039,0.27,13.0,0.067,1.005,0.209,46.0,132.0,2.29,0.089,0.0006,205.0,4.44,0.039,1.22,0.002,0.0,0.037,1.8,0.0,0.09,0.0,81.41,0.32,Side Dish,Generic,True,"Corn, sweet, yellow, canned, whole kernel, drained solids",Generic
169215,Cream Style Sweet Corn,Vegetables and Vegetable Products,3.0,18.13,0.0,20.3,0.052,72.0,0.065,0.0,1.2,0.028,0.045,0.38,17.0,0.068,0.96,0.18,51.0,134.0,1.74,0.053,0.0004,261.0,3.23,0.025,0.42,0.004,0.0,0.063,4.6,0.0,0.07,0.0,78.73,0.53,Side Dish,Generic,True,"Corn, sweet, yellow, canned, cream style, regular pack",Generic
169216,Canned Sweet Corn,Vegetables and Vegetable Products,5.0,19.44,0.0,22.4,0.048,79.0,0.077,0.0,2.0,0.0,0.049,0.42,23.0,0.067,1.167,0.675,64.0,186.0,2.41,0.073,0.0007,272.0,5.59,0.041,0.5,0.004,0.0,0.055,8.1,0.0,0.04,0.0,76.58,0.46,Side Dish,Generic,True,"Corn, sweet, yellow, canned, vacuum pack, regular pack",Generic
169217,Microwaved Yellow Corn,Vegetables and Vegetable Products,5.0,25.87,0.0,30.3,0.054,113.0,0.15,0.0,2.6,0.0,0.0,0.39,25.0,0.129,2.07,0.637,95.0,276.0,3.62,0.05,0.0,4.0,3.36,0.083,1.42,0.012,0.0,0.12,0.0,0.0,0.1,0.0004,68.4,0.53,Side Dish,Generic,True,"Corn, yellow, whole kernel, frozen, microwaved",Generic
169218,Canned Corn with Peppers,Vegetables and Vegetable Products,5.0,18.17,0.0,0.0,0.06,75.0,0.085,0.0,0.0,0.0,0.034,0.79,25.0,0.043,0.95,0.447,62.0,153.0,2.33,0.08,0.0006,347.0,0.0,0.022,0.55,0.012,0.0,0.097,8.8,0.0,0.0,0.0,77.5,0.37,Side Dish,Generic,True,"Corn with red and green peppers, canned, solids and liquids",Generic
169221,Cooked Cowpeas,Vegetables and Vegetable Products,55.0,7.0,0.0,0.0,0.071,34.0,0.079,0.0,0.0,0.0,0.026,0.7,41.0,0.219,0.8,0.638,49.0,196.0,2.6,0.09,0.0007,3.0,0.0,0.09,0.3,0.07,0.0,0.123,17.0,0.0,0.0,0.0,89.5,0.24,Main Course,Generic,True,"Cowpeas, young pods with seeds, cooked, boiled, drained, without salt",Generic
169222,Yardlong Beans,Vegetables and Vegetable Products,50.0,8.35,0.0,0.0,0.048,47.0,0.105,0.0,0.0,0.0,0.062,0.47,44.0,0.205,0.41,0.055,59.0,240.0,2.8,0.11,0.0015,4.0,0.0,0.107,0.4,0.043,0.0,0.024,18.8,0.0,0.0,0.0,87.85,0.37,Side Dish,Generic,True,"Yardlong bean, raw",Asian
169223,Boiled Yardlong Beans,Vegetables and Vegetable Products,44.0,9.18,0.0,0.0,0.047,47.0,0.026,0.0,0.0,0.0,0.045,0.98,42.0,0.201,0.63,0.051,57.0,290.0,2.53,0.099,0.0015,4.0,0.0,0.085,0.1,0.023,0.0,0.024,16.2,0.0,0.0,0.0,87.47,0.36,Side Dish,Generic,True,"Yardlong bean, cooked, boiled, drained, without salt",Asian
169225,Peeled Cucumber,Vegetables and Vegetable Products,14.0,2.16,0.0,5.7,0.071,10.0,0.078,0.0,0.7,0.0013,0.014,0.22,12.0,0.073,0.037,0.24,21.0,136.0,0.59,0.025,0.0001,2.0,1.38,0.031,0.16,0.004,0.0,0.051,3.2,0.0,0.03,0.0072,96.73,0.17,Side Dish,Generic,True,"Cucumber, peeled, raw",Generic
169226,Raw Dandelion Greens,Vegetables and Vegetable Products,187.0,9.2,0.0,35.3,0.171,45.0,0.17,0.0,3.5,0.0,0.027,3.1,36.0,0.342,0.806,0.084,66.0,397.0,2.7,0.26,0.0005,76.0,0.71,0.19,0.7,0.508,0.0,0.251,35.0,0.0,3.44,0.7784,85.6,0.41,Side Dish,Generic,True,"Dandelion greens, raw",Generic
169227,Dandelion Greens,Vegetables and Vegetable Products,140.0,6.4,0.0,25.0,0.115,33.0,0.146,0.0,2.9,0.0,0.013,1.8,24.0,0.23,0.514,0.057,42.0,232.0,2.0,0.175,0.0003,44.0,0.5,0.13,0.6,0.342,0.0,0.16,18.0,0.0,2.44,0.5514,89.8,0.28,Side Dish,Generic,True,"Dandelion greens, cooked, boiled, drained, without salt",Generic
169229,Boiled Eggplant,Vegetables and Vegetable Products,6.0,8.73,0.0,9.4,0.059,35.0,0.044,0.0,2.5,0.0,0.014,0.25,11.0,0.113,0.6,0.075,15.0,123.0,0.83,0.02,0.0001,1.0,3.2,0.076,0.23,0.002,0.0,0.086,1.3,0.0,0.41,0.0029,89.67,0.12,Side Dish,Generic,True,"Eggplant, cooked, boiled, drained, without salt",Generic
169233,Cooked Calabash Gourd,Vegetables and Vegetable Products,24.0,3.69,0.0,0.0,0.026,15.0,0.002,0.0,1.2,0.0,0.004,0.25,11.0,0.066,0.39,0.144,13.0,170.0,0.6,0.022,0.0002,2.0,0.0,0.029,0.02,0.0,0.0,0.038,8.5,0.0,0.0,0.0,95.32,0.7,Side Dish,Generic,True,"Gourd, white-flowered (calabash), cooked, boiled, drained, without salt",Generic
169235,Cooked Hyacinth Beans,Vegetables and Vegetable Products,41.0,9.2,0.0,0.0,0.048,50.0,0.119,0.0,0.0,0.0,0.047,0.76,42.0,0.21,0.48,0.053,49.0,262.0,2.95,0.088,0.0016,2.0,0.0,0.056,0.27,0.007,0.0,0.023,5.1,0.0,0.0,0.0,86.9,0.38,Main Course,Generic,True,"Hyacinth-beans, immature seeds, cooked, boiled, drained, without salt",Asian
169243,Grilled Portabella Mushrooms,Vegetables and Vegetable Products,3.0,4.44,0.0,32.8,0.389,29.0,0.064,0.0,2.2,0.0,0.019,0.4,13.0,0.067,6.255,1.262,135.0,437.0,3.28,0.403,0.0219,11.0,2.26,0.072,0.58,0.0,0.0,0.122,0.0,0.0003,0.0,0.0,90.66,0.65,Side Dish,Generic,True,"Mushrooms, portabella, grilled",Generic
169247,Romaine Lettuce,Vegetables and Vegetable Products,33.0,3.29,0.0,9.9,0.048,17.0,0.039,0.0,2.1,0.0,0.136,0.97,14.0,0.155,0.313,0.142,30.0,247.0,1.23,0.067,0.0004,8.0,1.19,0.072,0.3,0.436,0.0,0.074,4.0,0.0,0.13,0.1025,94.61,0.23,Side Dish,Generic,True,"Lettuce, cos or romaine, raw",Generic
169248,Raw Iceberg Lettuce,Vegetables and Vegetable Products,18.0,2.97,0.0,6.7,0.025,14.0,0.018,0.0,1.2,0.0,0.029,0.41,7.0,0.125,0.123,0.091,20.0,141.0,0.9,0.025,0.0001,10.0,1.97,0.041,0.14,0.025,0.0,0.042,2.8,0.0,0.18,0.0241,95.64,0.15,Side Dish,Generic,True,"Lettuce, iceberg (includes crisphead types), raw",Generic
169249,Raw Green Leaf Lettuce,Vegetables and Vegetable Products,36.0,2.87,0.0,13.6,0.029,15.0,0.02,0.0,1.3,0.0,0.038,0.86,13.0,0.25,0.375,0.134,29.0,194.0,1.36,0.08,0.0006,28.0,0.78,0.07,0.15,0.37,0.0,0.09,9.2,0.0,0.22,0.1263,94.98,0.18,Side Dish,Generic,True,"Lettuce, green leaf, raw",Generic
169251,Raw White Mushrooms,Vegetables and Vegetable Products,3.0,3.26,0.0,17.3,0.318,22.0,0.05,0.0,1.0,0.0,0.017,0.5,9.0,0.047,3.607,1.497,86.0,318.0,3.09,0.402,0.0093,5.0,1.98,0.081,0.34,0.0,4e-05,0.104,2.1,0.0002,0.01,0.0,92.45,0.52,Side Dish,Generic,True,"Mushrooms, white, raw",Generic
169252,Cooked White Mushrooms,Vegetables and Vegetable Products,6.0,5.29,0.0,20.4,0.504,28.0,0.061,0.0,2.2,0.0,0.018,1.74,12.0,0.115,4.46,2.16,87.0,356.0,2.17,0.3,0.0119,2.0,2.34,0.073,0.47,0.0,0.0,0.095,4.0,0.0002,0.01,0.0,91.08,0.87,Side Dish,Generic,True,"Mushrooms, white, cooked, boiled, drained, without salt",Generic
169253,Stir-Fried White Mushrooms,Vegetables and Vegetable Products,4.0,4.04,0.0,21.9,0.291,26.0,0.04,0.0,1.8,0.0,0.02,0.25,11.0,0.047,3.987,1.45,105.0,396.0,3.58,0.463,0.0139,12.0,0.0,0.096,0.33,0.0,0.0,0.042,0.0,0.0002,0.0,0.0,91.1,0.57,Side Dish,Generic,True,"Mushrooms, white, stir-fried",Asian
169254,Canned Mushrooms,Vegetables and Vegetable Products,11.0,5.09,0.0,20.4,0.235,25.0,0.038,0.0,2.4,0.0,0.012,0.79,15.0,0.086,1.593,0.811,66.0,129.0,1.87,0.021,0.0040999999999999,425.0,2.34,0.085,0.29,0.0,0.0,0.061,0.0,0.0002,0.01,0.0,91.08,0.72,Side Dish,Generic,True,"Mushrooms, canned, drained solids",Generic
169255,Raw Portabella Mushrooms,Vegetables and Vegetable Products,3.0,3.87,0.0,21.2,0.286,22.0,0.01,0.0,1.3,0.0,0.028,0.31,0.0,0.069,4.494,1.14,108.0,364.0,2.11,0.13,0.0186,9.0,2.5,0.059,0.35,0.0,5e-05,0.148,0.0,0.0003,0.02,0.0,92.82,0.53,Side Dish,Generic,True,"Mushrooms, portabella, raw",Generic
169256,Mustard Greens,Vegetables and Vegetable Products,115.0,4.67,0.0,0.5,0.165,27.0,0.01,0.0,3.2,0.0,0.012,1.64,32.0,0.0,0.8,0.21,58.0,384.0,2.86,0.11,0.0009,20.0,1.32,0.08,0.42,0.151,0.0,0.18,70.0,0.0,2.01,0.2575,90.7,0.25,Side Dish,Generic,True,"Mustard greens, raw",Generic
169257,Cooked Mustard Greens,Vegetables and Vegetable Products,118.0,4.51,0.0,0.4,0.146,26.0,0.012,0.0,2.0,0.0,0.009,0.87,13.0,0.0,0.433,0.12,42.0,162.0,2.56,0.063,0.0006,9.0,1.41,0.041,0.47,0.618,0.0,0.098,25.3,0.0,1.78,0.5927,91.78,0.22,Side Dish,Generic,True,"Mustard greens, cooked, boiled, drained, without salt",Generic
169259,Cooked Mustard Greens,Vegetables and Vegetable Products,101.0,3.11,0.0,0.3,0.058,19.0,0.013,0.0,2.8,0.0,0.07,1.12,13.0,0.294,0.258,0.016,24.0,139.0,2.27,0.053,0.0006,25.0,0.32,0.04,0.25,0.354,0.0,0.108,13.8,0.0,1.35,0.3351,93.8,0.2,Side Dish,Generic,True,"Mustard greens, frozen, cooked, boiled, drained, without salt",Generic
169261,Cooked Okra,Vegetables and Vegetable Products,77.0,4.51,0.0,8.7,0.085,22.0,0.045,0.0,2.5,0.0,0.046,0.28,36.0,0.294,0.871,0.213,32.0,135.0,1.87,0.055,0.0004,6.0,2.4,0.132,0.21,0.014,0.0,0.187,16.3,0.0,0.27,0.04,92.57,0.43,Side Dish,Generic,True,"Okra, cooked, boiled, drained, without salt",Generic
169263,Boiled Okra,Vegetables and Vegetable Products,74.0,6.41,0.0,11.1,0.076,29.0,0.063,0.0,2.1,0.0,0.1,0.52,40.0,0.844,0.616,0.209,37.0,184.0,1.63,0.096,0.0006,3.0,2.87,0.073,0.24,0.015,0.0,0.037,9.6,0.0,0.32,0.0477999999999999,91.12,0.49,Side Dish,Generic,True,"Okra, frozen, cooked, boiled, drained, without salt",Generic
169264,French Fries,Vegetables and Vegetable Products,12.0,25.55,0.0,23.7,0.104,158.0,0.848,0.0,2.0,0.0256,0.023,0.57,24.0,0.154,2.077,0.463,87.0,478.0,2.75,0.032,0.0004,324.0,0.37,0.13,5.48,0.0,0.0,0.261,8.6,0.0,0.39,0.0074,64.44,0.35,Side Dish,Generic,True,"Potatoes, french fried, all types, salt added in processing, frozen, home-prepared, oven heated",Generic
169265,Frozen French Fries,Vegetables and Vegetable Products,7.0,23.98,0.0,0.0,0.141,153.0,2.743,0.0,3.0,0.0,0.015,1.05,16.0,0.214,1.789,0.54,46.0,338.0,2.42,0.023,0.0003,32.0,0.0,0.099,5.78,0.0,0.0,0.18,8.4,0.0,0.0,0.0,66.82,0.29,Snack,Generic,True,"Potatoes, french fried, cottage-cut, salt not added in processing, frozen, as purchased",Generic
169266,Cottage-Cut French Fries,Vegetables and Vegetable Products,10.0,34.03,0.0,0.0,0.2,218.0,3.894,0.0,3.2,0.0256,0.017,1.49,22.0,0.304,2.413,0.69,65.0,480.0,3.44,0.031,0.0004,45.0,0.0,0.119,8.2,0.0,0.0,0.243,9.5,0.0,0.0,0.0,52.9,0.41,Side Dish,Generic,True,"Potatoes, french fried, cottage-cut, salt not added in processing, frozen, oven-heated",Western
169268,Oven-Baked French Fries,Vegetables and Vegetable Products,12.0,39.68,0.0,0.0,0.04,333.0,5.96,0.0,3.2,0.0,0.022,1.66,23.0,0.285,2.665,0.608,96.0,539.0,3.55,0.037,0.0006,613.0,0.0,0.08,18.71,0.0,0.0,0.213,6.2,0.0,0.0,0.0,35.4,0.41,Snack,Generic,True,"Potatoes, frozen, french fried, par fried, extruded, prepared, heated in oven, without salt",Western
169269,Home-Prepared Potato Salad,Vegetables and Vegetable Products,19.0,11.17,68.0,0.0,0.118,143.0,1.429,0.0,1.3,0.0,0.007,0.65,15.0,0.101,0.89,0.534,52.0,254.0,2.68,0.06,0.0040999999999999,529.0,0.0,0.077,8.2,0.032,0.0,0.141,10.0,0.0,0.0,0.0,76.0,0.31,Side Dish,Generic,True,"Potato salad, home-prepared",Western
169271,Cooked Pumpkin Flowers,Vegetables and Vegetable Products,37.0,3.3,0.0,13.4,0.1,15.0,0.041,0.0,0.9,0.0,0.041,0.88,25.0,0.0,0.31,0.0,34.0,106.0,1.09,0.032,0.0007,6.0,2.4,0.018,0.08,0.087,0.0,0.05,5.0,0.0,0.04,0.0,95.2,0.1,Side Dish,Generic,True,"Pumpkin flowers, cooked, boiled, drained, without salt",Generic
169274,Raw Purslane,Vegetables and Vegetable Products,65.0,3.39,0.0,12.8,0.113,20.0,0.0,0.0,0.0,0.0,0.012,1.99,68.0,0.303,0.48,0.036,44.0,494.0,2.03,0.112,0.0009,45.0,0.0,0.047,0.36,0.0,0.0,0.073,21.0,0.0,0.0,0.0,92.86,0.17,Side Dish,Generic,True,"Purslane, raw",Generic
169275,Cooked Purslane,Vegetables and Vegetable Products,78.0,3.55,0.0,0.0,0.114,18.0,0.0,0.0,0.0,0.0,0.009,0.77,67.0,0.307,0.46,0.036,37.0,488.0,1.49,0.09,0.0009,44.0,0.0,0.031,0.19,0.093,0.0,0.07,10.5,0.0,0.0,0.0,93.52,0.17,Side Dish,Generic,True,"Purslane, cooked, boiled, drained, without salt",Generic
169276,Raw Radishes,Vegetables and Vegetable Products,25.0,3.4,0.0,6.5,0.05,16.0,0.032,0.0,1.6,0.006,0.025,0.34,10.0,0.069,0.254,0.165,20.0,233.0,0.68,0.039,0.0006,39.0,1.86,0.012,0.1,0.0,0.0,0.071,14.8,0.0,0.0,0.0013,95.27,0.28,Side Dish,Generic,True,"Radishes, raw",Generic
169278,Boiled Salsify,Vegetables and Vegetable Products,47.0,15.36,0.0,25.9,0.07,68.0,0.041,0.0,3.1,0.0,0.015,0.55,18.0,0.21,0.392,0.276,56.0,283.0,2.73,0.173,0.0006,16.0,2.9,0.056,0.17,0.0,0.0,0.218,4.6,0.0,0.19,0.0003,81.0,0.3,Side Dish,Generic,True,"Salsify, cooked, boiled, drained, without salt",Generic
169283,Cooked Green Soybeans,Vegetables and Vegetable Products,145.0,11.05,0.0,0.0,0.117,141.0,0.74,0.0,4.2,0.0,0.111,2.5,60.0,0.502,1.25,0.128,158.0,539.0,12.35,0.155,0.0014,14.0,0.0,0.26,6.4,0.008,0.0,0.06,17.0,0.0,0.0,0.0,68.6,0.91,Side Dish,Generic,True,"Soybeans, green, cooked, boiled, drained, without salt",Generic
169285,Canned Spinach,Vegetables and Vegetable Products,83.0,2.92,0.0,15.2,0.116,19.0,0.06,0.0,1.6,0.0,0.058,1.58,56.0,0.493,0.271,0.038,32.0,230.0,2.11,0.106,0.0012,319.0,0.33,0.018,0.37,0.404,0.0,0.08,13.5,0.0,1.6,0.3808,93.22,0.42,Side Dish,Generic,True,"Spinach, canned, regular pack, solids and liquids",Generic
169286,Canned Spinach,Vegetables and Vegetable Products,127.0,3.4,0.0,18.4,0.18,23.0,0.081,0.0,2.4,0.0,0.098,2.3,76.0,0.597,0.388,0.047,44.0,346.0,2.81,0.138,0.0014,322.0,0.4,0.016,0.5,0.49,0.0,0.1,14.3,0.0,1.94,0.4616,91.78,0.46,Side Dish,Generic,True,"Spinach, canned, regular pack, drained solids",Generic
169288,Cooked Frozen Spinach,Vegetables and Vegetable Products,153.0,4.8,0.0,24.8,0.161,34.0,0.157,0.0,3.7,0.0,0.121,1.96,82.0,0.717,0.439,0.075,50.0,302.0,4.01,0.176,0.0055,97.0,0.51,0.078,0.87,0.603,0.0,0.136,2.2,0.0,3.54,0.5407000000000001,88.94,0.49,Side Dish,Generic,True,"Spinach, frozen, chopped or leaf, cooked, boiled, drained, without salt",Generic
169290,Boiled Scallop Squash,Vegetables and Vegetable Products,15.0,3.3,0.0,6.2,0.083,16.0,0.035,0.0,1.9,0.0,0.021,0.33,19.0,0.128,0.464,0.079,28.0,140.0,1.03,0.025,0.0002,1.0,1.5,0.051,0.17,0.004,0.0,0.085,10.8,0.0,0.12,0.0035,95.0,0.24,Side Dish,Generic,True,"Squash, summer, scallop, cooked, boiled, drained, without salt",Generic
169291,Zucchini,Vegetables and Vegetable Products,16.0,3.11,0.0,9.5,0.053,17.0,0.084,0.0,1.0,0.0,0.024,0.37,18.0,0.177,0.451,0.204,38.0,261.0,1.21,0.094,0.0002,8.0,2.5,0.045,0.32,0.01,0.0,0.163,17.9,0.0,0.12,0.0043,94.79,0.32,Side Dish,Generic,True,"Squash, summer, zucchini, includes skin, raw",Generic
169292,Cooked Zucchini,Vegetables and Vegetable Products,18.0,2.69,0.0,9.4,0.052,15.0,0.072,0.0,1.0,0.0,0.028,0.37,19.0,0.173,0.51,0.288,37.0,264.0,1.14,0.024,0.0002,3.0,1.71,0.035,0.36,0.056,0.0,0.08,12.9,0.0,0.12,0.0042,95.22,0.33,Side Dish,Generic,True,"Squash, summer, zucchini, includes skin, cooked, boiled, drained, without salt",Generic
169293,Baked Acorn Squash,Vegetables and Vegetable Products,44.0,14.58,0.0,0.0,0.086,56.0,0.029,0.0,4.4,0.0,0.019,0.93,43.0,0.242,0.881,0.504,45.0,437.0,1.12,0.013,0.0007,4.0,0.0,0.167,0.14,0.021,0.0,0.194,10.8,0.0,0.0,0.0,82.9,0.17,Side Dish,Generic,True,"Squash, winter, acorn, cooked, baked, without salt",Generic
169294,Mashed Acorn Squash,Vegetables and Vegetable Products,26.0,8.79,0.0,0.0,0.052,34.0,0.017,0.0,2.6,0.0,0.011,0.56,26.0,0.146,0.531,0.303,27.0,263.0,0.67,0.008,0.0004,3.0,0.0,0.1,0.08,0.041,0.0,0.117,6.5,0.0,0.0,0.0,89.7,0.11,Side Dish,Generic,True,"Squash, winter, acorn, cooked, boiled, mashed, without salt",Generic
169296,Baked Butternut Squash,Vegetables and Vegetable Products,41.0,10.49,0.0,0.0,0.065,40.0,0.019,0.0,3.2,0.0,0.019,0.6,29.0,0.172,0.969,0.359,27.0,284.0,0.9,0.017,0.0005,4.0,1.97,0.072,0.09,0.558,0.0,0.124,15.1,0.0,1.29,0.001,87.8,0.13,Side Dish,Generic,True,"Squash, winter, butternut, cooked, baked, without salt",Generic
169297,Mashed Hubbard Squash,Vegetables and Vegetable Products,10.0,6.46,0.0,8.7,0.047,30.0,0.076,0.0,2.9,0.0,0.01,0.28,13.0,0.126,0.334,0.297,14.0,214.0,1.48,0.028,0.0003,5.0,2.93,0.042,0.37,0.2,0.0,0.103,6.5,0.0,0.12,0.001,91.1,0.1,Side Dish,Generic,True,"Squash, winter, hubbard, cooked, boiled, mashed, without salt",Generic
169299,Cooked Spaghetti Squash,Vegetables and Vegetable Products,21.0,6.46,0.0,7.5,0.035,27.0,0.062,0.0,1.4,0.0,0.008,0.34,11.0,0.109,0.81,0.355,14.0,117.0,0.66,0.022,0.0003,18.0,2.53,0.038,0.26,0.006,0.0,0.099,3.5,0.0,0.12,0.0008,92.3,0.2,Side Dish,Generic,True,"Squash, winter, spaghetti, cooked, boiled, drained, or baked, without salt",Generic
169302,Boiled Water Spinach,Vegetables and Vegetable Products,54.0,3.7,0.0,0.0,0.021,20.0,0.039,0.0,1.9,0.0,0.035,1.32,30.0,0.143,0.5,0.126,42.0,284.0,2.08,0.08,0.0009,122.0,0.0,0.05,0.24,0.26,0.0,0.081,16.0,0.0,0.0,0.0,92.93,0.16,Side Dish,Generic,True,"Water convolvulus, cooked, boiled, drained, without salt",Asian
169303,Raw Sweet Potato Leaves,Vegetables and Vegetable Products,78.0,8.82,0.0,0.0,0.0,42.0,0.111,0.0,5.3,0.0,0.001,0.97,70.0,0.0,1.13,0.225,81.0,508.0,2.49,0.345,0.0009,6.0,0.0,0.156,0.51,0.189,0.0,0.19,11.0,0.0,0.0,0.3021999999999999,86.81,0.0,Side Dish,Generic,True,"Sweet potato leaves, raw",Generic
169304,Steamed Sweet Potato Leaves,Vegetables and Vegetable Products,33.0,7.38,0.0,21.0,0.033,35.0,0.065,0.0,1.9,0.0,0.049,0.63,48.0,0.229,1.003,0.2,40.0,312.0,2.18,0.267,0.0009,7.0,5.48,0.112,0.34,0.147,0.0,0.16,1.5,0.0,0.96,0.1086,89.2,0.26,Side Dish,Generic,True,"Sweet potato leaves, cooked, steamed, without salt",Generic
169305,Mashed Sweet Potato,Vegetables and Vegetable Products,30.0,23.19,0.0,0.0,0.278,101.0,0.041,0.0,1.7,0.0,0.011,1.33,24.0,0.988,0.955,0.512,52.0,210.0,1.98,0.09,0.0008,75.0,5.45,0.027,0.2,0.435,0.0,0.235,5.2,0.0,1.09,0.0024,73.88,0.21,Side Dish,Generic,True,"Sweet potato, canned, mashed",Generic
169307,Baked Sweet Potato,Vegetables and Vegetable Products,35.0,23.4,0.0,0.0,0.183,100.0,0.025,0.0,1.8,0.0,0.022,0.54,21.0,0.665,0.555,0.56,44.0,377.0,1.71,0.056,0.0006,8.0,9.17,0.066,0.12,1.043,0.0,0.186,9.1,0.0,0.77,0.0025,73.7,0.3,Side Dish,Generic,True,"Sweet potato, frozen, cooked, baked, without salt",Generic
169309,Cooked Taro Shoots,Vegetables and Vegetable Products,14.0,3.2,0.0,0.0,0.094,14.0,0.016,0.0,0.0,0.0,0.003,0.41,8.0,0.13,0.81,0.076,26.0,344.0,0.73,0.053,0.001,2.0,0.0,0.038,0.08,0.003,0.0,0.112,18.9,0.0,0.0,0.0,95.3,0.54,Side Dish,Generic,True,"Taro shoots, cooked, without salt",Asian
169311,Boiled Artichokes,Vegetables and Vegetable Products,21.0,11.39,0.0,34.4,0.127,51.0,0.079,0.0,5.7,0.0,0.089,0.61,42.0,0.225,1.11,0.24,73.0,286.0,2.89,0.089,0.0002,296.0,0.99,0.05,0.34,0.001,0.0,0.081,7.4,0.0,0.19,0.0148,84.08,0.4,Side Dish,Generic,True,"Artichokes, (globe or french), cooked, boiled, drained, with salt",Mediterranean
169312,Frozen Artichokes,Vegetables and Vegetable Products,21.0,9.18,0.0,29.2,0.061,45.0,0.119,0.0,4.6,0.0,0.119,0.56,31.0,0.273,0.915,0.2,61.0,264.0,3.11,0.158,0.0002,289.0,0.84,0.062,0.5,0.001,0.0,0.087,5.0,0.0,0.16,0.0126,86.5,0.36,Side Dish,Generic,True,"Artichokes, (globe or french), frozen, cooked, boiled, drained, with salt",Generic
169313,Salted Asparagus,Vegetables and Vegetable Products,23.0,4.11,0.0,26.1,0.165,22.0,0.048,0.0,2.0,0.0219,0.149,0.91,14.0,0.154,1.084,0.225,54.0,224.0,2.4,0.139,0.0060999999999999,240.0,1.3,0.162,0.22,0.05,0.0,0.079,7.7,0.0,1.5,0.0506,92.63,0.6,Side Dish,Generic,True,"Asparagus, cooked, boiled, drained, with salt",Generic
169314,Canned Asparagus,Vegetables and Vegetable Products,15.0,2.48,0.0,0.0,0.107,15.0,0.041,0.0,1.0,0.0,0.085,0.6,9.0,0.152,0.851,0.124,38.0,172.0,1.8,0.089,0.0016,26.0,1.0,0.054,0.18,0.039,0.0,0.098,16.5,0.0,0.29,0.039,94.32,0.47,Side Dish,Generic,True,"Asparagus, canned, no salt added, solids and liquids",Generic
169315,Cooked Kidney Beans,Vegetables and Vegetable Products,19.0,4.72,0.0,0.0,0.174,33.0,0.083,0.0,0.0,0.0,0.047,0.89,23.0,0.199,3.024,0.381,38.0,194.0,4.83,0.273,0.0006,243.0,0.0,0.362,0.58,0.0,0.0,0.093,35.6,0.0,0.0,0.0,89.3,0.44,Main Course,Generic,True,"Beans, kidney, mature seeds, sprouted, cooked, boiled, drained, with salt",Generic
169316,Salted Lima Beans,Vegetables and Vegetable Products,32.0,23.64,0.0,44.1,0.305,123.0,0.073,0.0,5.3,0.0,0.026,2.45,74.0,1.252,1.04,0.257,130.0,570.0,6.81,0.096,0.002,253.0,1.63,0.14,0.32,0.019,0.0,0.193,10.1,0.0,0.14,0.0062,67.17,0.79,Side Dish,Generic,True,"Lima beans, immature seeds, cooked, boiled, drained, with salt",Generic
169317,Canned Lima Beans,Vegetables and Vegetable Products,28.0,13.33,0.0,25.3,0.162,71.0,0.066,0.0,3.6,0.0,0.016,1.61,34.0,0.7,0.532,0.095,71.0,285.0,4.07,0.043,0.0011,4.0,0.93,0.029,0.29,0.008,0.0,0.062,8.7,0.0,0.29,0.0036,81.17,0.64,Main Course,Generic,True,"Lima beans, immature seeds, canned, no salt added, solids and liquids",Generic
169318,Baby Lima Beans,Vegetables and Vegetable Products,28.0,19.45,0.0,37.2,0.197,105.0,0.068,0.0,4.8,0.0,0.016,1.96,56.0,0.813,0.77,0.177,112.0,411.0,6.65,0.055,0.0017,265.0,1.37,0.07,0.3,0.008,0.0,0.115,5.8,0.0,0.64,0.0052,72.35,0.55,Side Dish,Generic,True,"Lima beans, immature seeds, frozen, baby, cooked, boiled, drained, with salt",Generic
169319,Cooked Pinto Beans,Vegetables and Vegetable Products,15.0,3.5,0.0,0.0,0.107,20.0,0.039,0.0,0.0,0.0,0.029,0.66,18.0,0.123,0.725,0.235,30.0,98.0,1.86,0.059,0.0006,287.0,0.0,0.067,0.32,0.0,0.0,0.054,6.1,0.0,0.0,0.0,93.39,0.17,Main Course,Generic,True,"Beans, pinto, mature seeds, sprouted, cooked, boiled, drained, with salt",Generic
169321,Green Beans,Vegetables and Vegetable Products,44.0,7.88,0.0,16.9,0.057,35.0,0.064,0.0,3.2,0.0,0.033,0.65,18.0,0.285,0.614,0.074,29.0,146.0,1.89,0.097,0.0002,239.0,3.63,0.074,0.28,0.035,0.0,0.056,9.7,0.0,0.46,0.0479,89.22,0.25,Side Dish,Generic,True,"Beans, snap, green, cooked, boiled, drained, with salt",Generic
169322,Cooked Yellow Snap Beans,Vegetables and Vegetable Products,46.0,7.88,0.0,16.9,0.103,35.0,0.064,0.0,3.3,0.0,0.033,1.28,25.0,0.294,0.614,0.074,39.0,299.0,1.89,0.097,0.0004,3.0,3.63,0.074,0.28,0.004,0.0,0.056,9.7,0.0,0.46,0.0479,89.22,0.36,Side Dish,Generic,True,"Beans, snap, yellow, cooked, boiled, drained, without salt",Generic
169323,Yellow Snap Beans,Vegetables and Vegetable Products,46.0,7.88,0.0,16.9,0.103,35.0,0.064,0.0,3.3,0.0,0.033,1.28,25.0,0.294,0.614,0.074,39.0,299.0,1.89,0.097,0.0004,239.0,3.63,0.074,0.28,0.004,0.0,0.056,9.7,0.0,0.46,0.0479,89.22,0.36,Side Dish,Generic,True,"Beans, snap, yellow, cooked, boiled, drained, with salt",Generic
169325,Cooked Green Snap Beans,Vegetables and Vegetable Products,42.0,6.45,0.0,13.5,0.059,28.0,0.044,0.0,3.0,0.0,0.023,0.66,19.0,0.288,0.383,0.049,29.0,159.0,1.49,0.09,0.0004,245.0,1.88,0.035,0.17,0.023,0.0,0.06,4.1,0.0,0.04,0.0381,91.42,0.24,Side Dish,Generic,True,"Beans, snap, green, frozen, cooked, boiled, drained, with salt",Generic
169326,Cooked Yellow Snap Beans,Vegetables and Vegetable Products,49.0,6.45,0.0,13.5,0.061,28.0,0.044,0.0,3.0,0.0,0.023,0.88,24.0,0.323,0.383,0.049,31.0,126.0,1.49,0.09,0.0004,9.0,1.88,0.035,0.17,0.006,0.0,0.06,4.1,0.0,0.04,0.0381,91.42,0.48,Side Dish,Generic,True,"Beans, snap, yellow, frozen, cooked, boiled, drained, without salt",Generic
169327,Cooked Yellow Snap Beans,Vegetables and Vegetable Products,49.0,6.45,0.0,13.5,0.061,28.0,0.044,0.0,3.0,0.0,0.023,0.88,24.0,0.323,0.383,0.049,31.0,126.0,1.49,0.09,0.0004,245.0,1.88,0.035,0.17,0.006,0.0,0.06,4.1,0.0,0.04,0.0381,91.42,0.48,Side Dish,Generic,True,"Beans, snap, yellow, frozen, cooked, boiled, drained, with salt",Generic
169328,Cooked Broad Beans,Vegetables and Vegetable Products,18.0,10.1,0.0,0.0,0.06,62.0,0.142,0.0,0.0,0.0,0.058,1.5,31.0,0.261,1.2,0.066,73.0,193.0,4.8,0.09,0.001,277.0,0.0,0.128,0.5,0.014,0.0,0.029,19.8,0.0,0.0,0.0,83.7,0.47,Side Dish,Generic,True,"Broadbeans, immature seeds, cooked, boiled, drained, with salt",Generic
169329,Raw Broccoli Leaves,Vegetables and Vegetable Products,48.0,5.06,0.0,0.0,0.045,28.0,0.054,0.0,2.3,0.0,0.071,0.88,25.0,0.229,0.638,0.535,66.0,325.0,2.98,0.119,0.003,27.0,1.48,0.065,0.35,0.0,0.0,0.159,93.2,0.0,0.0,0.0,90.69,0.4,Side Dish,Generic,True,"Broccoli, leaves, raw",Generic
169330,Raw Broccoli,Vegetables and Vegetable Products,48.0,5.06,0.0,0.0,0.045,28.0,0.054,0.0,2.3,0.0,0.071,0.88,25.0,0.229,0.638,0.535,66.0,325.0,2.98,0.119,0.003,27.0,1.48,0.065,0.35,0.0,0.0,0.159,93.2,0.0,0.0,0.0,90.69,0.4,Side Dish,Generic,True,"Broccoli, flower clusters, raw",Generic
169331,Raw Broccoli Stalks,Vegetables and Vegetable Products,48.0,5.24,0.0,0.0,0.045,28.0,0.054,0.0,0.0,0.0,0.071,0.88,25.0,0.229,0.638,0.535,66.0,325.0,2.98,0.119,0.003,27.0,0.0,0.065,0.35,0.02,0.0,0.159,93.2,0.0,0.0,0.0,90.69,0.4,Side Dish,Generic,True,"Broccoli, stalks, raw",Generic
169332,Cooked Brussels Sprouts,Vegetables and Vegetable Products,26.0,8.32,0.0,18.1,0.034,42.0,0.081,0.0,4.1,0.0,0.101,0.48,18.0,0.206,0.537,0.342,56.0,290.0,3.64,0.113,0.0006,259.0,2.08,0.103,0.39,0.046,0.0,0.289,45.7,0.0,0.51,0.1935,86.74,0.24,Side Dish,Generic,True,"Brussels sprouts, frozen, cooked, boiled, drained, with salt",Western
169333,Burdock Root,Vegetables and Vegetable Products,49.0,21.15,0.0,0.0,0.089,88.0,0.0,0.0,1.8,0.0,0.02,0.77,39.0,0.27,0.32,0.353,93.0,360.0,2.09,0.058,0.0009,240.0,3.55,0.039,0.14,0.0,0.0,0.279,2.6,0.0,0.46,0.002,75.64,0.38,Side Dish,Generic,True,"Burdock root, cooked, boiled, drained, with salt",Asian
169334,Salted Butterbur,Vegetables and Vegetable Products,59.0,2.16,0.0,0.0,0.059,8.0,0.0,0.0,0.0,0.0,0.004,0.1,8.0,0.156,0.1,0.018,7.0,354.0,0.23,0.01,0.0009,240.0,0.0,0.01,0.02,0.001,0.0,0.052,18.9,0.0,0.0,0.0,96.7,0.09,Side Dish,Generic,True,"Butterbur, cooked, boiled, drained, with salt",Asian
169335,Fresh Cabbage,Vegetables and Vegetable Products,47.0,5.37,0.0,0.0,0.023,24.0,0.023,0.0,2.3,0.0,0.057,0.56,15.0,0.159,0.3,0.14,23.0,246.0,1.21,0.03,0.0009,18.0,0.0,0.05,0.18,0.006,0.0,0.095,51.0,0.0,0.0,0.0,92.52,0.18,Side Dish,Generic,True,"Cabbage, common (danish, domestic, and pointed types), freshly harvest, raw",Generic
169336,Raw Cabbage,Vegetables and Vegetable Products,47.0,5.37,0.0,0.0,0.023,24.0,0.023,0.0,2.3,0.0,0.057,0.56,15.0,0.159,0.3,0.14,23.0,246.0,1.21,0.03,0.0009,18.0,0.0,0.05,0.18,0.006,0.0,0.095,42.0,0.0,0.0,0.0,92.52,0.18,Side Dish,Generic,True,"Cabbage, common (danish, domestic, and pointed types), stored, raw",Generic
169337,Cooked Chinese Cabbage,Vegetables and Vegetable Products,32.0,2.41,0.0,0.0,0.029,14.0,0.036,0.0,1.7,0.0,0.053,0.3,10.0,0.153,0.5,0.08,39.0,225.0,1.5,0.044,0.0004,245.0,0.0,0.044,0.17,0.048,0.0,0.177,15.8,0.0,0.0,0.0,95.24,0.18,Side Dish,Generic,True,"Cabbage, chinese (pe-tsai), cooked, boiled, drained, with salt",Asian
169338,Cooked Cardoon,Vegetables and Vegetable Products,72.0,4.74,0.0,0.0,0.029,20.0,0.012,0.0,1.7,0.0,0.022,0.73,43.0,0.133,0.294,0.097,23.0,392.0,0.76,0.031,0.001,412.0,0.0,0.018,0.11,0.0,0.0,0.042,1.7,0.0,0.0,0.0,93.46,0.18,Side Dish,Generic,True,"Cardoon, cooked, boiled, drained, with salt",Mediterranean
169339,Boiled Carrots,Vegetables and Vegetable Products,30.0,8.22,0.0,8.8,0.017,35.0,0.037,0.0,3.0,0.0475,0.002,0.34,10.0,0.155,0.645,0.232,30.0,235.0,0.76,0.044,0.0007,302.0,3.45,0.066,0.18,0.852,0.0,0.153,3.6,0.0,1.03,0.0137,90.17,0.2,Side Dish,Generic,True,"Carrots, cooked, boiled, drained, with salt",Generic
169340,Canned Carrots,Vegetables and Vegetable Products,31.0,5.36,0.0,6.3,0.103,23.0,0.024,0.0,1.8,0.0,0.008,0.52,9.0,0.45,0.421,0.139,20.0,158.0,0.59,0.027,0.0004,34.0,2.46,0.019,0.14,0.558,0.0,0.112,2.0,0.0,0.73,0.0098,92.99,0.29,Side Dish,Generic,True,"Carrots, canned, no salt added, solids and liquids",Generic
169341,Celeriac,Vegetables and Vegetable Products,26.0,5.9,0.0,0.0,0.043,27.0,0.0,0.0,0.0,0.0,0.003,0.43,12.0,0.096,0.427,0.203,66.0,173.0,0.96,0.037,0.0004,297.0,0.0,0.027,0.19,0.0,0.0,0.101,3.6,0.0,0.0,0.0,92.3,0.2,Side Dish,Generic,True,"Celeriac, cooked, boiled, drained, with salt",Generic
169342,Boiled Celery,Vegetables and Vegetable Products,42.0,4.0,0.0,7.9,0.036,18.0,0.04,0.0,1.6,0.0,0.022,0.42,12.0,0.106,0.319,0.195,25.0,284.0,0.83,0.047,0.001,327.0,2.37,0.043,0.16,0.026,0.0,0.086,6.1,0.0,0.35,0.0378,94.11,0.14,Side Dish,Generic,True,"Celery, cooked, boiled, drained, with salt",Generic
169343,Cooked Swiss Chard,Vegetables and Vegetable Products,58.0,4.13,0.0,28.7,0.163,20.0,0.0,0.0,2.1,0.0,0.009,2.26,86.0,0.334,0.36,0.163,33.0,549.0,1.88,0.086,0.0009,415.0,1.1,0.034,0.08,0.306,0.0,0.085,18.0,0.0,1.89,0.3273,92.65,0.33,Side Dish,Generic,True,"Chard, swiss, cooked, boiled, drained, with salt",Mediterranean
169344,Cooked Chayote,Vegetables and Vegetable Products,13.0,4.5,0.0,10.5,0.11,22.0,0.031,0.0,2.8,0.0,0.018,0.22,12.0,0.169,0.42,0.408,29.0,173.0,0.62,0.04,0.0003,237.0,1.89,0.026,0.48,0.0,0.0,0.118,8.0,0.0,0.14,0.0047,93.43,0.31,Side Dish,Generic,True,"Chayote, fruit, cooked, boiled, drained, with salt",Generic
169345,Yellow Sweet Corn,Vegetables and Vegetable Products,4.0,13.86,0.0,16.6,0.028,61.0,0.077,0.0,1.7,0.018,0.038,0.36,15.0,0.082,0.884,0.522,46.0,136.0,1.95,0.015,0.0005,12.0,4.15,0.015,0.77,0.002,0.0,0.037,2.6,0.0,0.03,0.0,82.61,0.39,Side Dish,Generic,True,"Corn, sweet, yellow, canned, no salt added, solids and liquids (Includes foods for USDA's Food Distribution Program)",Generic
169346,Creamed Sweet Corn,Vegetables and Vegetable Products,3.0,18.13,0.0,20.3,0.052,72.0,0.065,0.0,1.2,0.0,0.045,0.38,17.0,0.039,0.96,0.18,51.0,134.0,1.74,0.053,0.0004,3.0,3.23,0.025,0.42,0.004,0.0,0.063,4.6,0.0,0.07,0.0,78.73,0.53,Side Dish,Generic,True,"Corn, sweet, yellow, canned, cream style, no salt added",Generic
169347,No Salt Added Sweet Corn,Vegetables and Vegetable Products,5.0,19.44,0.0,22.4,0.048,79.0,0.077,0.0,2.0,0.0,0.049,0.42,23.0,0.067,1.167,0.675,64.0,186.0,2.41,0.073,0.0007,3.0,5.59,0.041,0.5,0.004,0.0,0.055,8.1,0.0,0.04,0.0,76.58,0.46,Side Dish,Generic,True,"Corn, sweet, yellow, canned, vacuum pack, no salt added",Generic
169348,Sweet Corn,Vegetables and Vegetable Products,3.0,18.71,0.0,0.0,0.048,79.0,0.066,0.0,2.4,0.0,0.035,0.47,28.0,0.155,1.311,0.151,79.0,233.0,2.55,0.062,0.0007,245.0,3.07,0.03,0.67,0.01,0.0,0.099,3.5,0.0,0.07,0.0003,77.03,0.63,Side Dish,Generic,True,"Corn, sweet, yellow, frozen, kernels, cut off cob, boiled, drained, with salt",Generic
169349,Sweet Corn on the Cob,Vegetables and Vegetable Products,3.0,22.33,0.0,0.0,0.046,94.0,0.114,0.0,2.8,0.0,0.031,0.61,29.0,0.142,1.517,0.25,75.0,251.0,3.11,0.069,0.0007,240.0,3.59,0.174,0.74,0.012,0.0,0.224,4.8,0.0,0.08,0.0004,73.2,0.63,Side Dish,Generic,True,"Corn, sweet, yellow, frozen, kernels on cob, cooked, boiled, drained, with salt",Generic
169350,Cooked Garden Cress,Vegetables and Vegetable Products,61.0,3.8,0.0,13.8,0.114,23.0,0.02,0.0,0.7,0.0,0.037,0.8,26.0,0.372,0.8,0.163,48.0,353.0,1.9,0.16,0.0009,244.0,3.11,0.06,0.6,0.232,0.0,0.157,23.0,0.0,0.5,0.3833999999999999,92.5,0.15,Side Dish,Generic,True,"Cress, garden, cooked, boiled, drained, with salt",Generic
169351,Cooked Dandelion Greens,Vegetables and Vegetable Products,140.0,6.4,0.0,27.6,0.115,33.0,0.0,0.0,2.9,0.0,0.013,1.8,24.0,0.23,0.514,0.057,42.0,232.0,2.0,0.175,0.0003,280.0,1.62,0.13,0.6,0.727,0.0,0.16,18.0,0.0,0.6,0.3589,89.8,0.28,Side Dish,Generic,True,"Dandelion greens, cooked, boiled, drained, with salt",Generic
169352,Boiled Eggplant,Vegetables and Vegetable Products,6.0,8.14,0.0,9.4,0.059,33.0,0.044,0.0,2.5,0.0,0.014,0.25,11.0,0.113,0.6,0.075,15.0,123.0,0.83,0.02,0.0001,239.0,3.2,0.076,0.23,0.002,0.0,0.086,1.3,0.0,0.41,0.0029,89.67,0.12,Side Dish,Generic,True,"Eggplant, cooked, boiled, drained, with salt",Generic
169353,Boiled White Gourd,Vegetables and Vegetable Products,24.0,3.1,0.0,0.0,0.026,13.0,0.002,0.0,1.2,0.0,0.004,0.25,11.0,0.066,0.39,0.144,13.0,170.0,0.6,0.022,0.0002,238.0,0.0,0.029,0.02,0.0,0.0,0.038,8.5,0.0,0.0,0.0,95.32,0.7,Side Dish,Generic,True,"Gourd, white-flowered (calabash), cooked, boiled, drained, with salt",Asian
169354,Cooked Jute,Vegetables and Vegetable Products,211.0,7.29,0.0,12.8,0.255,37.0,0.03,0.0,2.0,0.0,0.104,3.14,62.0,0.123,0.89,0.072,72.0,550.0,3.68,0.192,0.0009,247.0,1.0,0.091,0.2,0.259,0.0,0.57,33.0,0.0,0.07,0.108,87.15,0.79,Side Dish,Generic,True,"Jute, potherb, cooked, boiled, drained, with salt",Generic
169357,Cooked Kohlrabi,Vegetables and Vegetable Products,25.0,6.69,0.0,13.2,0.132,29.0,0.014,0.0,1.1,0.0,0.012,0.4,19.0,0.142,0.39,0.16,45.0,340.0,1.8,0.02,0.0008,257.0,2.8,0.04,0.11,0.002,0.0,0.154,54.0,0.0,0.52,0.0001,90.3,0.31,Side Dish,Generic,True,"Kohlrabi, cooked, boiled, drained, with salt",Generic
169358,Boiled Jicama,Vegetables and Vegetable Products,11.0,8.23,0.0,0.0,0.046,36.0,0.0,0.0,0.0,0.0,0.008,0.57,11.0,0.057,0.19,0.121,16.0,135.0,0.72,0.028,0.0007,242.0,0.0,0.017,0.09,0.0,0.0,0.04,14.1,0.0,0.0,0.0,90.07,0.15,Side Dish,Generic,True,"Yambean (jicama), cooked, boiled, drained, with salt",Generic
169359,Boiled Yardlong Beans,Vegetables and Vegetable Products,44.0,9.17,0.0,0.0,0.047,47.0,0.026,0.0,0.0,0.0,0.045,0.98,42.0,0.201,0.63,0.051,57.0,290.0,2.53,0.099,0.0015,240.0,0.0,0.085,0.1,0.023,0.0,0.024,16.2,0.0,0.0,0.0,87.47,0.36,Side Dish,Generic,True,"Yardlong bean, cooked, boiled, drained, with salt",Asian
169360,Sweet Corn,Vegetables and Vegetable Products,4.0,15.41,0.0,0.0,0.056,64.0,0.077,0.0,0.7,0.0,0.038,0.41,16.0,0.033,0.939,0.522,51.0,164.0,1.95,0.061,0.0006,12.0,0.0,0.026,0.5,0.0,0.0,0.037,5.5,0.0,0.0,0.0,81.34,0.36,Side Dish,Generic,True,"Corn, sweet, white, canned, whole kernel, no salt added, solids and liquids",Generic
169361,Canned Sweet Corn,Vegetables and Vegetable Products,3.0,14.34,0.0,17.8,0.033,67.0,0.245,0.0,2.0,0.0,0.039,0.27,13.0,0.067,1.005,0.209,46.0,132.0,2.29,0.089,0.0007,205.0,4.44,0.039,1.22,0.0,0.0,0.037,1.8,0.0,0.09,0.0,81.41,0.32,Side Dish,Generic,True,"Corn, sweet, white, canned, whole kernel, drained solids",Generic
169362,Creamed Corn,Vegetables and Vegetable Products,4.0,18.62,0.0,20.3,0.022,74.0,0.065,0.0,1.2,0.028,0.045,0.31,15.0,0.068,0.96,0.18,40.0,119.0,1.74,0.053,0.0004,261.0,6.09,0.025,0.42,0.0,0.0,0.063,4.6,0.0,0.07,0.0,78.24,0.56,Side Dish,Generic,True,"Corn, sweet, white, canned, cream style, regular pack",Generic
169363,Cream Style Sweet Corn,Vegetables and Vegetable Products,3.0,18.13,0.0,20.3,0.052,72.0,0.065,0.0,1.2,0.0,0.045,0.38,17.0,0.039,0.96,0.18,51.0,134.0,1.74,0.053,0.0006,3.0,2.21,0.025,0.42,0.0,0.0,0.063,4.6,0.0,0.06,0.0003,78.73,0.53,Side Dish,Generic,True,"Corn, sweet, white, canned, cream style, no salt added",Generic
169364,Sweet Corn,Vegetables and Vegetable Products,4.0,19.56,0.0,22.0,0.037,80.0,0.066,0.0,2.4,0.0,0.031,0.35,19.0,0.127,1.299,0.18,57.0,147.0,2.75,0.071,0.0007,245.0,3.12,0.083,0.43,0.0,0.0,0.129,3.1,0.0,0.07,0.0003,76.73,0.4,Side Dish,Generic,True,"Corn, sweet, white, frozen, kernels cut off cob, boiled, drained, with salt",Generic
169366,Sweet Corn on the Cob,Vegetables and Vegetable Products,3.0,22.33,0.0,0.0,0.046,94.0,0.114,0.0,2.1,0.0,0.031,0.61,29.0,0.142,1.517,0.25,75.0,251.0,3.11,0.069,0.0007,4.0,0.0,0.174,0.74,0.0,0.0,0.224,4.8,0.0,0.0,0.0,73.2,0.63,Side Dish,Generic,True,"Corn, sweet, white, frozen, kernels on cob, cooked, boiled, drained, without salt",Generic
169367,Cooked Sweet Corn,Vegetables and Vegetable Products,3.0,22.33,0.0,0.0,0.046,94.0,0.114,0.0,2.8,0.0,0.031,0.61,29.0,0.142,1.517,0.25,75.0,251.0,3.11,0.069,0.0007,240.0,0.0,0.174,0.74,0.0,0.0,0.224,4.8,0.0,0.0,0.0,73.2,0.63,Side Dish,Generic,True,"Corn, sweet, white, frozen, kernels on cob, cooked, boiled, drained, with salt",Generic
169369,Cooked Sprouted Soybeans,Vegetables and Vegetable Products,59.0,6.53,0.0,0.0,0.33,81.0,0.617,0.0,0.8,0.0,0.08,1.31,60.0,0.71,1.092,0.743,135.0,355.0,8.47,0.053,0.0006,246.0,0.43,0.205,4.45,0.002,0.0,0.105,8.3,0.0,0.21,0.033,79.45,1.04,Side Dish,Generic,True,"Soybeans, mature seeds, sprouted, cooked, steamed, with salt",Asian
169370,Stir-Fried Sprouted Soybeans,Vegetables and Vegetable Products,82.0,9.4,0.0,0.0,0.527,125.0,0.0,0.0,0.8,0.0,0.127,0.4,96.0,1.133,1.1,1.186,216.0,567.0,13.1,0.19,0.0006,250.0,0.0,0.42,7.1,0.001,0.0,0.168,12.0,0.0,0.0,0.0,67.2,2.1,Side Dish,Generic,True,"Soybeans, mature seeds, sprouted, cooked, stir-fried, with salt",Asian
169371,Boiled Dock,Vegetables and Vegetable Products,38.0,2.93,0.0,0.0,0.114,20.0,0.0,0.0,0.0,0.0,0.008,2.08,89.0,0.303,0.411,0.036,52.0,321.0,1.83,0.086,0.0009,239.0,0.0,0.034,0.64,0.174,0.0,0.1,26.3,0.0,0.0,0.0,93.6,0.17,Side Dish,Generic,True,"Dock, cooked, boiled, drained, with salt",Generic
169374,Canned Yellow Snap Beans,Vegetables and Vegetable Products,26.0,4.5,0.0,10.5,0.038,20.0,0.022,0.0,1.3,0.0,0.032,0.9,13.0,0.2,0.201,0.129,19.0,109.0,1.15,0.056,0.0004,251.0,0.78,0.015,0.1,0.005,0.0,0.037,4.8,0.0,0.29,0.0392999999999999,93.3,0.29,Side Dish,Generic,True,"Beans, snap, yellow, canned, regular pack, drained solids",Generic
169375,Canned Yellow Snap Beans,Vegetables and Vegetable Products,26.0,4.5,0.0,0.0,0.038,20.0,0.022,0.0,1.3,0.0,0.032,0.9,13.0,0.2,0.201,0.129,19.0,109.0,1.15,0.056,0.0004,2.0,0.78,0.015,0.1,0.018,0.0,0.037,4.8,0.0,0.03,0.0389,93.3,0.29,Side Dish,Generic,True,"Beans, snap, yellow, canned, no salt added, drained solids",Generic
169376,Raw White Mushrooms,Vegetables and Vegetable Products,3.0,3.26,0.0,17.3,0.318,22.0,0.05,0.0,1.0,0.0,0.017,0.5,9.0,0.047,3.607,1.497,86.0,318.0,3.09,0.402,0.0093,5.0,1.98,0.081,0.34,0.0,0.0,0.104,2.1,0.0262,0.01,0.0,92.45,0.52,Side Dish,Generic,True,"Mushroom, white, exposed to ultraviolet light, raw",Generic
169377,Grilled Portabella Mushrooms,Vegetables and Vegetable Products,3.0,4.44,0.0,32.8,0.389,29.0,0.028,0.0,2.2,0.0,0.0,0.4,13.0,0.067,6.255,1.262,135.0,437.0,3.28,0.403,0.0219,11.0,2.26,0.072,0.58,0.0,0.0,0.122,0.0,0.0131,0.0,0.0,90.66,0.65,Side Dish,Generic,True,"Mushrooms, portabella, exposed to ultraviolet light, grilled",Generic
169378,Sweet Pickles,Vegetables and Vegetable Products,61.0,21.15,0.0,3.1,0.028,91.0,0.067,0.0,1.0,0.0,0.001,0.25,7.0,0.065,0.115,0.051,18.0,100.0,0.58,0.03,0.0,457.0,18.27,0.025,0.41,0.038,0.0,0.024,0.7,0.0,0.36,0.0471,76.2,0.12,Side Dish,Generic,True,"Pickles, cucumber, sweet (includes bread and butter pickles)",Generic
169379,Sour Pickles,Vegetables and Vegetable Products,0.0,2.26,0.0,3.6,0.085,11.0,0.052,0.0,1.2,0.0,0.001,0.4,4.0,0.011,0.0,0.038,14.0,23.0,0.33,0.01,0.0,1208.0,1.06,0.0,0.2,0.01,0.0,0.009,1.0,0.0,0.09,0.047,94.08,0.02,Side Dish,Generic,True,"Pickles, cucumber, sour",Generic
169380,Sweet Low Sodium Pickles,Vegetables and Vegetable Products,4.0,33.73,0.0,4.5,0.105,122.0,0.067,0.0,1.1,0.0,0.001,0.59,4.0,0.015,0.174,0.12,12.0,32.0,0.37,0.032,0.0,18.0,26.68,0.009,0.26,0.056,0.0,0.015,1.2,0.0,0.53,0.0767,65.26,0.08,Side Dish,Generic,True,"Pickles, cucumber, sweet, low sodium (includes bread and butter pickles)",Generic
169381,Low Sodium Ketchup,Vegetables and Vegetable Products,15.0,27.4,0.0,12.5,0.085,101.0,0.014,0.0,0.3,0.0,0.009,0.35,13.0,0.084,1.434,0.047,26.0,281.0,1.04,0.166,0.0007,20.0,21.27,0.011,0.1,0.026,0.0,0.158,4.1,0.0,1.46,0.003,68.51,0.17,Side Dish,Generic,True,"Catsup, low sodium",Generic
169382,Raw Enoki Mushrooms,Vegetables and Vegetable Products,0.0,7.81,0.0,47.7,0.107,37.0,0.027,0.0,2.7,0.0,0.048,1.15,16.0,0.075,7.032,1.35,105.0,359.0,2.66,0.2,0.0022,3.0,0.22,0.225,0.29,0.0,0.0,0.1,0.0,0.0001,0.01,0.0,88.34,0.65,Side Dish,Generic,True,"Mushrooms, enoki, raw",Asian
169383,Raw Yellow Bell Peppers,Vegetables and Vegetable Products,11.0,6.32,0.0,0.0,0.107,27.0,0.031,0.0,0.9,0.0,0.026,0.46,12.0,0.117,0.89,0.168,24.0,212.0,1.0,0.025,0.0003,2.0,0.0,0.028,0.21,0.01,0.0,0.168,183.5,0.0,0.0,0.0,92.02,0.17,Side Dish,Generic,True,"Peppers, sweet, yellow, raw",Generic
169385,Raw Fennel Bulb,Vegetables and Vegetable Products,49.0,7.3,0.0,13.2,0.066,31.0,0.09,0.0,3.1,0.0,0.027,0.73,17.0,0.191,0.64,0.232,50.0,414.0,1.24,0.032,0.0007,52.0,3.93,0.01,0.2,0.048,0.0,0.047,12.0,0.0,0.58,0.0628,90.21,0.2,Side Dish,Generic,True,"Fennel, bulb, raw",Generic
169387,Raw Arugula,Vegetables and Vegetable Products,160.0,3.65,0.0,15.3,0.076,25.0,0.086,0.0,1.6,0.0,0.097,1.46,47.0,0.321,0.305,0.437,52.0,369.0,2.58,0.086,0.0003,27.0,2.05,0.044,0.66,0.119,0.0,0.073,15.0,0.0,0.43,0.1086,91.71,0.47,Side Dish,Generic,True,"Arugula, raw",Generic
169389,Raw Green Cauliflower,Vegetables and Vegetable Products,33.0,6.09,0.0,57.1,0.041,31.0,0.047,0.0,3.2,0.0,0.057,0.73,20.0,0.247,0.734,0.696,62.0,300.0,2.95,0.102,0.0006,23.0,3.03,0.08,0.3,0.008,0.0,0.222,88.1,0.0,0.04,0.0202,89.79,0.64,Side Dish,Generic,True,"Cauliflower, green, raw",Generic
169390,Cooked Green Cauliflower,Vegetables and Vegetable Products,32.0,6.28,0.0,58.8,0.04,32.0,0.043,0.0,3.3,0.0,0.041,0.72,19.0,0.242,0.681,0.681,57.0,278.0,3.04,0.1,0.0008,23.0,3.12,0.07,0.31,0.007,0.0,0.206,72.6,0.0,0.04,0.0208,89.47,0.63,Side Dish,Generic,True,"Cauliflower, green, cooked, no salt added",Generic
169391,Cooked Green Cauliflower,Vegetables and Vegetable Products,32.0,6.28,0.0,0.0,0.04,32.0,0.049,0.0,3.3,0.0,0.041,0.72,19.0,0.242,0.681,0.681,57.0,278.0,3.04,0.1,0.0008,259.0,0.0,0.07,0.31,0.007,0.0,0.206,72.6,0.0,0.0,0.0,89.47,0.63,Side Dish,Generic,True,"Cauliflower, green, cooked, with salt",Generic
169392,Cooked Chinese Broccoli,Vegetables and Vegetable Products,100.0,3.81,0.0,25.3,0.061,22.0,0.11,0.0,2.5,0.0,0.099,0.56,18.0,0.264,0.437,0.159,41.0,261.0,1.14,0.146,0.0013,7.0,0.84,0.095,0.72,0.082,0.0,0.07,28.2,0.0,0.48,0.0848,93.54,0.39,Side Dish,Generic,True,"Broccoli, chinese, cooked",Asian
169394,Banana Pepper,Vegetables and Vegetable Products,14.0,5.35,0.0,7.4,0.094,27.0,0.048,0.0,3.4,0.0,0.029,0.46,17.0,0.1,1.242,0.265,32.0,256.0,1.66,0.054,0.0003,13.0,1.95,0.081,0.45,0.017,0.0,0.357,82.7,0.0,0.69,0.0095,91.81,0.25,Side Dish,Generic,True,"Pepper, banana, raw",Generic
169400,Cooked Malabar Spinach,Vegetables and Vegetable Products,124.0,2.71,0.0,0.0,0.111,23.0,0.0,0.0,2.1,0.0,0.114,1.48,48.0,0.255,0.787,0.135,36.0,256.0,2.98,0.129,0.0009,55.0,0.0,0.106,0.78,0.058,0.0,0.086,5.9,0.0,0.0,0.0,92.5,0.3,Side Dish,Generic,True,"Malabar spinach, cooked",Asian
169402,Microwaved White Mushrooms,Vegetables and Vegetable Products,6.0,6.04,0.0,30.3,0.37,35.0,0.06,0.0,2.5,0.0,0.016,0.33,14.0,0.064,5.35,1.96,127.0,488.0,3.91,0.431,0.018,17.0,0.0,0.06,0.46,0.0,0.0,0.049,0.0,0.0003,0.0,0.0,88.52,0.73,Side Dish,Generic,True,"Mushrooms, white, microwaved",Generic
169403,Maitake Mushrooms,Vegetables and Vegetable Products,1.0,6.97,0.0,51.1,0.252,31.0,0.03,0.0,2.7,0.0,0.021,0.3,10.0,0.059,6.585,0.27,74.0,204.0,1.94,0.242,0.0022,1.0,2.07,0.146,0.19,0.0,0.0,0.056,0.0,0.0281,0.01,0.0,90.37,0.75,Side Dish,Generic,True,"Mushrooms, maitake, raw",Generic
169404,Raw Chinese Broccoli,Vegetables and Vegetable Products,105.0,4.67,0.0,26.5,0.064,26.0,0.116,0.0,2.6,0.0,0.104,0.59,19.0,0.0,0.459,0.0,43.0,274.0,1.2,0.153,0.0014,7.0,0.88,0.1,0.76,0.086,0.0,0.074,29.6,0.0,0.5,0.0891,92.55,0.41,Side Dish,Generic,True,"Broccoli, chinese, raw",Asian
169406,Tahini,Nut and Seed Products,141.0,17.89,0.0,0.0,1.488,607.0,7.904,0.0,9.3,0.0,0.098,6.35,353.0,1.457,5.644,0.694,790.0,459.0,17.95,0.12,0.0,1.0,0.0,1.587,56.44,0.003,0.0,0.149,0.0,0.0,0.0,0.0,3.0,10.45,Snack,Generic,True,"Seeds, sesame butter, tahini, from unroasted kernels (non-chemically removed seed coat)",Mediterranean
169407,Dried Watermelon Seeds,Nut and Seed Products,54.0,15.31,0.0,0.0,0.686,557.0,9.779,0.0,0.0,0.0,0.058,7.28,515.0,1.614,3.55,0.346,755.0,648.0,28.33,0.145,0.0,99.0,0.0,0.19,47.37,0.0,0.0,0.089,0.0,0.0,0.0,0.0,5.05,10.24,Snack,Generic,True,"Seeds, watermelon seed kernels, dried",Generic
169408,Dried Chestnuts,Nut and Seed Products,72.0,81.43,0.0,0.0,1.312,360.0,0.183,0.0,0.0,0.0,0.109,3.38,115.0,3.711,3.5,0.481,169.0,768.0,5.25,0.38,0.0,34.0,0.0,0.802,1.24,0.004,0.0,0.659,61.3,0.0,0.0,0.0,9.96,2.57,Snack,Generic,True,"Nuts, chestnuts, japanese, dried",Generic
169409,Frozen Coconut Milk,Nut and Seed Products,4.0,5.58,0.0,0.0,0.235,202.0,18.445,0.0,0.0,0.0,0.014,0.81,32.0,0.809,0.671,0.161,59.0,232.0,1.61,0.0,0.0,12.0,0.0,0.023,20.8,0.0,0.0,0.03,1.1,0.0,0.0,0.0,71.42,0.59,Drink,Generic,True,"Nuts, coconut milk, frozen (liquid expressed from grated meat and water)",Generic
169411,Wheat-Based Nuts,Nut and Seed Products,22.0,20.79,0.0,0.0,0.181,647.0,9.37,0.0,5.2,0.0,0.125,2.6,59.0,6.949,1.5,0.312,366.0,320.0,13.11,0.3,0.0,91.0,0.0,0.4,62.3,0.0,0.0,0.348,0.1,0.0,0.0,0.0,2.0,2.96,Snack,Generic,True,"Nuts, formulated, wheat-based, all flavors except macadamia, without salt",Generic
169412,Dried Sesame Seeds,Nut and Seed Products,60.0,11.73,0.0,25.6,1.4,631.0,9.055,0.0,11.6,0.0,0.115,6.36,345.0,1.44,5.8,0.29,667.0,370.0,20.45,0.09,0.0344,47.0,0.48,0.699,61.21,0.003,0.0,0.4,0.0,0.0,1.68,0.0,3.75,6.73,Snack,Generic,True,"Seeds, sesame seed kernels, dried (decorticated)",Generic
169414,Flaxseeds,Nut and Seed Products,255.0,28.88,0.0,78.7,1.22,534.0,3.663,0.0,27.3,0.0,0.087,5.73,392.0,2.482,3.08,0.985,642.0,813.0,18.29,0.161,0.0254,30.0,1.55,1.644,42.16,0.0,0.0,0.473,0.6,0.0,0.31,0.0043,6.96,4.34,Snack,Generic,True,"Seeds, flaxseed",Generic
169415,Roasted Pumpkin Seeds,Nut and Seed Products,52.0,14.71,0.0,63.0,1.275,574.0,8.544,0.042,6.5,0.0,0.057,8.07,550.0,4.49,4.43,0.57,1174.0,788.0,29.84,0.15,0.0094,256.0,1.29,0.07,49.05,0.0,0.0,0.1,1.8,0.0,0.56,0.0045,2.03,7.64,Snack,Generic,True,"Seeds, pumpkin and squash seed kernels, roasted, with salt added",Generic
169416,Toasted Sesame Seeds,Nut and Seed Products,131.0,26.04,0.0,25.6,1.457,567.0,6.722,0.0,16.9,0.0,0.096,7.78,346.0,1.427,5.438,0.68,774.0,406.0,16.96,0.466,0.0344,588.0,0.48,1.205,48.0,0.003,0.0,0.146,0.0,0.0,0.25,0.0,5.0,10.23,Snack,Generic,True,"Seeds, sesame seed kernels, toasted, with salt added (decorticated)",Generic
169418,Dry Roasted Sunflower Seeds,Nut and Seed Products,70.0,24.07,0.0,55.1,1.83,582.0,5.219,0.0,9.0,0.0,0.237,3.8,129.0,2.11,7.042,7.042,1155.0,850.0,19.33,0.246,0.0793,655.0,2.73,0.106,49.8,0.0,0.0,0.804,1.4,0.0,26.1,0.0027,1.2,5.29,Snack,Generic,True,"Seeds, sunflower seed kernels, dry roasted, with salt added",Generic
169419,Salted Oil-Roasted Almonds,Nut and Seed Products,291.0,17.68,0.0,52.1,0.955,607.0,4.208,0.0,10.5,0.0,0.027,3.68,274.0,2.46,3.665,0.229,466.0,699.0,21.23,0.781,0.0040999999999999,339.0,4.55,0.092,55.17,0.0,0.0,0.118,0.0,0.0,25.97,0.0,2.8,3.07,Snack,Generic,True,"Nuts, almonds, oil roasted, with salt added",Generic
169421,Dry Roasted Cashews,Nut and Seed Products,45.0,32.69,0.0,61.0,2.22,574.0,9.157,0.0,3.0,0.0,0.069,6.0,260.0,0.826,1.4,1.217,490.0,565.0,15.31,0.2,0.0117,640.0,5.01,0.2,46.35,0.0,0.0,0.256,0.0,0.0,0.92,0.0347,1.7,5.6,Snack,Generic,True,"Nuts, cashew nuts, dry roasted, with salt added",Generic
169422,Salted Oil-Roasted Cashews,Nut and Seed Products,43.0,30.16,0.0,61.0,2.043,581.0,8.478,0.0,3.3,0.0,0.025,6.05,273.0,1.668,1.736,0.88,531.0,632.0,16.84,0.218,0.0203,308.0,5.01,0.363,47.77,0.0,0.0,0.323,0.3,0.0,0.92,0.0347,2.34,5.35,Snack,Generic,True,"Nuts, cashew nuts, oil roasted, with salt added",Generic
169423,Salted Mixed Nuts,Nut and Seed Products,106.0,22.27,0.0,51.2,1.795,615.0,9.087,0.0,5.5,0.0,0.056,2.57,251.0,1.547,1.964,0.962,449.0,544.0,15.52,0.486,0.4215,306.0,4.38,0.504,56.17,0.0,0.0,0.18,0.5,0.0,8.2,0.0179,3.15,4.66,Snack,Generic,True,"Nuts, mixed nuts, oil roasted, without peanuts, with salt added",Generic
169424,Salted Dry Roasted Pecans,Nut and Seed Products,72.0,13.55,0.0,0.0,1.167,710.0,6.283,0.0,9.4,0.0,0.016,2.8,132.0,3.933,1.167,0.703,293.0,424.0,9.5,0.107,0.004,383.0,4.06,0.45,74.27,0.007,0.0,0.187,0.7,0.0,1.3,0.0,1.12,5.07,Snack,Generic,True,"Nuts, pecans, dry roasted, with salt added",Generic
169425,Salted Roasted Pecans,Nut and Seed Products,67.0,13.01,0.0,0.0,1.2,715.0,7.238,0.0,9.5,0.0,0.015,2.47,121.0,3.7,1.2,0.737,263.0,392.0,9.2,0.11,0.006,393.0,3.97,0.473,75.23,0.005,0.0,0.187,0.7,0.0,2.53,0.0,1.13,4.47,Snack,Generic,True,"Nuts, pecans, oil roasted, with salt added",Generic
169426,Dry Roasted Salted Pistachios,Nut and Seed Products,107.0,27.55,0.0,71.4,1.293,569.0,5.645,0.0,10.3,0.0,0.051,4.03,109.0,1.243,1.373,0.513,469.0,1007.0,21.05,0.234,0.01,428.0,7.74,0.695,45.82,0.013,0.0,1.122,3.0,0.0,2.17,0.0132,1.79,2.34,Snack,Generic,True,"Nuts, pistachio nuts, dry roasted, with salt added",Generic
169427,Lightly Salted Mixed Nuts,Nut and Seed Products,117.0,21.05,0.0,52.0,0.907,607.0,8.711,0.055,7.0,0.0,0.083,2.61,229.0,2.04,7.709,1.14,456.0,632.0,20.04,0.196,0.0339,161.0,4.15,0.189,53.95,0.0,0.0,0.352,0.5,0.0,7.82,0.0057,2.08,3.36,Snack,Generic,True,"Nuts, mixed nuts, oil roasted, with peanuts, lightly salted",Generic
169428,Lightly Salted Mixed Nuts,Nut and Seed Products,130.0,25.0,0.0,0.0,1.679,607.0,7.143,0.0,7.1,0.0,0.0,5.18,275.0,2.143,2.0,0.607,433.0,714.0,17.86,0.321,0.1391,143.0,5.21,0.357,50.0,0.001,0.0,0.357,0.6,0.0,7.68,0.0,3.15,4.57,Snack,Generic,True,"Nuts, mixed nuts, oil roasted, without peanuts, lightly salted",Generic
169448,Cooked Beef Heart,Beef Products,5.0,0.15,212.0,228.8,0.559,165.0,1.404,0.16,0.0,0.0,0.005,6.38,21.0,0.033,6.68,1.6,254.0,219.0,28.48,1.21,0.0389,59.0,0.0,0.101,4.73,0.0,0.0108,0.245,0.0,0.0001,0.29,0.0005,65.67,2.87,Main Course,Generic,True,"Beef, variety meats and by-products, heart, cooked, simmered",Generic
169576,Chocolate-Covered Raisins,Sweets,86.0,68.4,3.0,26.3,0.373,390.0,10.272,0.0,3.1,0.0,0.007,1.71,45.0,0.358,0.4,0.264,143.0,514.0,4.1,0.161,0.0026,36.0,62.22,0.084,14.8,0.029,0.00037,0.074,0.2,0.0,0.29,0.0039,11.2,1.25,Snack,Generic,True,"Candies, milk chocolate coated raisins",Generic
169580,Homemade Truffles,Sweets,157.0,44.88,53.0,0.0,0.366,510.0,18.488,0.0,2.5,0.0,0.009,1.75,48.0,0.351,0.299,0.417,171.0,297.0,6.21,0.25,0.0034,68.0,38.31,0.087,33.76,0.144,0.00049,0.032,0.1,0.0,1.82,0.006,13.47,1.55,Snack,Generic,True,"Candies, truffles, prepared-from-recipe",Generic
169582,Peanut M&M's,Sweets,102.0,60.48,8.0,37.3,0.505,515.0,10.169,0.328,3.7,0.0,0.055,1.16,69.0,0.664,3.362,0.627,190.0,347.0,9.57,0.106,0.0040999999999999,50.0,50.75,0.063,26.13,0.022,0.00032,0.09,0.0,0.0,2.85,0.003,2.48,1.76,Snack,Generic,True,"Candies, MARS SNACKFOOD US, M&M's Peanut Chocolate Candies",Generic
169583,M&M's Milk Chocolate,Sweets,105.0,71.19,14.0,21.7,0.344,492.0,13.08,0.167,2.8,0.0175,0.008,1.11,44.0,0.329,0.27,0.33,146.0,261.0,4.33,0.213,0.0033,61.0,63.68,0.079,21.13,0.056,0.00053,0.025,0.5,0.0,0.36,0.004,1.7,1.61,Snack,Generic,True,"Candies, MARS SNACKFOOD US, M&M's Milk Chocolate Candies",Generic
169585,Peanut Candy Bar,Sweets,78.0,47.4,0.0,29.4,0.774,522.0,4.678,0.0,4.1,0.0,0.075,0.97,110.0,1.243,7.922,0.83,308.0,407.0,15.5,0.14,0.0047,156.0,42.22,0.1,33.7,0.0,0.0,0.153,0.0,0.0,4.1,0.0,1.6,3.94,Snack,Generic,True,"Candies, peanut bar",Generic
169586,Peanut Brittle,Sweets,27.0,71.24,12.0,13.5,0.254,486.0,4.144,0.0,2.5,0.0,0.046,1.22,42.0,0.593,2.646,0.529,106.0,168.0,7.57,0.044,0.0026,445.0,51.33,0.134,18.98,0.039,1e-05,0.079,0.0,0.0,2.56,0.0004,0.7,0.87,Snack,Generic,True,"Candies, peanut brittle, prepared-from-recipe",Generic
169588,Sesame Crunch Candies,Sweets,639.0,50.3,0.0,16.7,0.95,516.0,4.662,0.0,7.7,0.0,0.051,4.27,251.0,1.609,3.703,0.033,412.0,307.0,11.6,0.159,0.004,167.0,31.17,0.444,33.3,0.0,0.0,0.491,0.0,0.0,0.16,0.0,2.2,3.76,Snack,Generic,True,"Candies, sesame crunch",Generic
169589,Snickers Bar,Sweets,93.0,61.51,13.0,38.5,0.27,491.0,9.069,0.436,2.3,0.0364,0.031,0.72,72.0,0.35,3.6,0.59,190.0,323.0,7.53,0.13,0.0078,239.0,50.47,0.06,23.85,0.046,0.00016,0.09,0.5,0.0,1.5,0.0019,5.55,2.5,Snack,Generic,True,"Candies, MARS SNACKFOOD US, SNICKERS Bar",Generic
169592,Special Dark Chocolate Bar,Sweets,30.0,60.49,5.0,0.0,0.02,556.0,0.0,0.0,6.5,0.0,0.0,2.13,31.0,0.0,0.0,0.0,51.0,502.0,5.54,0.01,0.0003,6.0,47.56,0.0,32.4,0.0,0.0,0.0,0.0,0.0,0.0,0.0,0.9,0.01,Snack,Generic,True,"Candies, SPECIAL DARK Chocolate Bar",Generic
169595,Baked Egg Custard,Sweets,107.0,11.0,84.0,0.0,0.028,104.0,2.164,0.0,0.0,0.0,0.01,0.35,11.0,0.01,0.105,0.569,113.0,148.0,5.02,0.24,0.0088,61.0,11.0,0.038,4.58,0.049,0.00039,0.048,0.0,0.0,0.22,0.0002,78.86,0.54,Snack,Generic,True,"Desserts, egg custard, baked, prepared-from-recipe",Western
169601,Apple Crisp Dessert,Sweets,35.0,30.84,0.0,0.0,0.071,161.0,0.685,0.0,1.4,0.0,0.024,0.82,8.0,0.13,0.846,0.092,28.0,78.0,1.75,0.081,0.0035,351.0,19.68,0.083,3.43,0.029,0.0,0.04,2.2,0.0,0.38,0.0040999999999999,62.91,0.18,Snack,Generic,True,"Desserts, apple crisp, prepared-from-recipe",Western
169608,Vanilla Pudding,Sweets,49.0,22.6,1.0,6.2,0.018,130.0,1.016,0.0,0.0,0.0,0.002,0.09,4.0,0.011,0.057,0.153,41.0,65.0,1.45,0.071,0.0,172.0,16.97,0.019,3.78,0.002,0.00015,0.019,0.2,0.0,0.3,0.0006,71.66,0.16,Snack,Generic,True,"Puddings, vanilla, ready-to-eat",Generic
169613,No Sugar Added Fruit Ice,Sweets,2.0,6.2,0.0,0.0,0.017,24.0,0.0,0.0,0.0,0.0,0.0,0.13,2.0,0.021,0.15,0.0,0.0,26.0,0.5,0.0,0.0002,5.0,0.0,0.0,0.1,0.0,0.0,0.0,0.0,0.0,0.0,0.0,93.2,0.04,Snack,Generic,True,"Frozen novelties, ice type, fruit, no sugar added",Generic
169614,Ready-to-Eat Tapioca Pudding,Sweets,71.0,21.69,1.0,6.2,0.018,130.0,0.962,0.0,0.0,0.0,0.003,0.11,6.0,0.011,0.065,0.235,60.0,92.0,1.95,0.097,0.0,145.0,14.91,0.024,3.88,0.0,0.00021,0.024,0.3,0.0,0.15,0.0004,71.84,0.22,Snack,Generic,True,"Puddings, tapioca, ready-to-eat",Generic
169622,HERSHEY'S Milk Chocolate Almond Bites,Sweets,0.0,51.72,19.0,0.0,0.2,568.0,17.39,0.15,3.6,0.0,0.0,1.5,59.0,0.01,0.62,0.47,227.0,471.0,9.76,0.38,0.0034,74.0,44.59,0.07,35.73,0.0,0.0,0.07,1.8,0.0,0.0,0.0,1.19,1.34,Snack,Generic,True,"Candies, HERSHEY'S MILK CHOCOLATE WITH ALMOND BITES",Generic
169623,REESE'S Bites,Sweets,112.0,55.18,7.0,0.0,0.3,521.0,18.0,0.05,3.1,0.0,0.0,0.85,63.0,0.65,4.33,0.57,194.0,382.0,11.34,0.21,0.0016,179.0,48.03,0.15,29.85,0.0,0.0,0.1,0.8,0.0,0.0,0.0,1.65,1.06,Snack,Generic,True,"Candies, REESE'S BITES",Generic
169627,Almond Joy Bites,Sweets,109.0,57.54,11.0,0.0,0.18,563.0,20.6,0.0,4.3,0.0,0.0,1.33,38.0,0.0,0.33,0.25,129.0,306.0,5.58,0.16,0.0,39.0,51.71,0.04,34.5,0.0,0.0,0.06,1.0,0.0,0.0,0.0,1.26,0.79,Snack,Generic,True,"Candies, HERSHEY'S, ALMOND JOY BITES",Generic
169628,HERSHEY'S REESESTICKS,Sweets,70.0,55.38,6.0,28.2,0.2,521.0,13.21,0.0,3.3,0.0,0.04,1.3,49.0,0.0,3.64,0.44,144.0,295.0,9.53,0.1,0.0007,264.0,40.33,0.13,31.34,0.014,0.00015,0.08,0.6,0.0,2.77,0.0059,1.6,0.99,Snack,Generic,True,"Candies, HERSHEY, REESESTICKS crispy wafers, peanut butter, milk chocolate",Generic
169629,HERSHEY'S KIT KAT Bar,Sweets,138.0,63.64,9.0,0.0,0.01,520.0,17.99,0.0,1.9,0.0,0.0,0.84,2.0,0.0,0.18,0.04,112.0,294.0,6.24,0.17,0.0,64.0,53.96,0.05,27.84,0.0,0.0,0.0,1.3,0.0,0.0,0.0,1.1,0.07,Snack,Generic,True,"Candies, HERSHEY, KIT KAT BIG KAT Bar",Generic
169630,REESE'S Fast Break Candy,Sweets,61.0,61.6,4.0,0.0,0.18,474.0,8.23,0.0,2.9,0.0,0.0,0.96,48.0,0.0,3.57,0.42,130.0,284.0,8.66,0.1,0.0,330.0,53.08,0.13,23.42,0.0,0.0,0.07,0.4,0.0,0.0,0.0,4.1,0.94,Snack,Generic,True,"Candies, REESE'S, FAST BREAK, milk chocolate peanut butter and soft nougats",Generic
169632,Fruit Juice Bars,Sweets,5.0,20.2,0.0,4.0,0.0,87.0,0.0,0.0,1.0,0.0,0.007,0.19,4.0,0.165,0.159,0.04,6.0,53.0,1.2,0.018,0.0002,4.0,17.48,0.011,0.1,0.001,0.0,0.025,9.5,0.0,0.0,0.0009,78.3,0.05,Snack,Generic,True,"Frozen novelties, fruit and juice bars",Generic
169634,Dark Chocolate Coffee Beans,Sweets,100.0,59.95,13.0,0.0,0.563,540.0,15.0,0.0,7.5,0.0,0.003,2.7,107.0,0.558,0.578,0.108,135.0,342.0,7.5,0.266,0.0028,25.0,42.5,0.018,30.0,0.0,0.0,0.038,0.0,0.0,0.23,0.0059,1.47,1.32,Snack,Generic,True,"Candies, dark chocolate coated coffee beans",Generic
169637,Milk Chocolate Coffee Beans,Sweets,169.0,55.25,20.0,40.5,0.492,549.0,18.138,0.0,5.7,0.0,0.01,2.29,64.0,0.535,0.332,0.453,188.0,413.0,7.41,0.315,0.0043,70.0,50.75,0.098,33.18,0.051,0.00065,0.031,0.0,0.0,0.44,0.0054,2.42,2.02,Snack,Generic,True,"Candies, milk chocolate coated coffee beans",Generic
169641,Jams and Preserves,Sweets,20.0,68.86,0.0,10.2,0.1,278.0,0.01,0.0,1.1,0.019,0.011,0.49,4.0,0.04,0.036,0.02,19.0,77.0,0.37,0.076,0.002,32.0,48.5,0.016,0.07,0.0,0.0,0.02,8.8,0.0,0.12,0.0,30.47,0.06,Side Dish,Generic,True,Jams and preserves,Generic
169642,Jelly,Sweets,7.0,69.95,0.0,10.3,0.011,266.0,0.005,0.0,1.0,0.073,0.002,0.19,6.0,0.132,0.036,0.197,6.0,54.0,0.15,0.026,0.0004,30.0,51.22,0.001,0.02,0.0,0.0,0.02,0.9,0.0,0.0,0.0003,29.77,0.03,Side Dish,Generic,True,Jellies,Generic
169658,Maple Sugar,Sweets,90.0,90.9,0.0,2.1,0.099,354.0,0.036,0.0,0.0,0.0,0.0,1.61,19.0,4.422,0.04,0.048,3.0,274.0,0.1,0.013,0.0008,11.0,84.87,0.009,0.2,0.0,0.0,0.003,0.0,0.0,0.0,0.0,8.0,6.06,Side Dish,Generic,True,"Sugars, maple",Generic
169661,Maple Syrup,Sweets,102.0,67.04,0.0,1.6,0.018,260.0,0.007,0.0,0.0,0.0,0.0,0.11,21.0,2.908,0.081,0.036,2.0,212.0,0.04,1.27,0.0006,12.0,60.46,0.066,0.06,0.0,0.0,0.002,0.0,0.0,0.0,0.0,32.39,1.47,Side Dish,Generic,True,"Syrups, maple",Generic
169665,Pineapple Toppings,Sweets,6.0,66.4,0.0,1.6,0.052,253.0,0.018,0.0,0.4,0.0,0.002,0.12,6.0,0.07,0.101,0.012,3.0,43.0,0.1,0.018,0.0007,42.0,21.01,0.038,0.1,0.001,0.0,0.028,3.1,0.0,0.01,0.0002,33.0,0.05,Side Dish,Generic,True,"Toppings, pineapple",Generic
169666,Nut Toppings,Sweets,35.0,58.08,0.0,11.8,0.54,448.0,1.96,0.0,2.3,0.0,0.026,1.05,54.0,1.207,0.373,0.207,118.0,151.0,4.5,0.12,0.0021,42.0,36.72,0.18,22.0,0.0,0.0,0.178,0.3,0.0,0.23,0.0009,14.69,1.05,Side Dish,Generic,True,"Toppings, nuts in syrup",Generic
169670,Taffy Candy,Sweets,8.0,91.56,9.0,0.0,0.0,397.0,2.049,0.131,0.0,0.0,0.0,0.01,0.0,0.0,0.002,0.004,1.0,3.0,0.03,0.012,0.0007,52.0,68.48,0.028,3.33,0.027,1e-05,0.0,0.0,0.0,0.09,0.0003,4.85,0.21,Snack,Generic,True,"Candies, taffy, prepared-from-recipe",Generic
169671,Homemade Toffee,Sweets,34.0,64.72,104.0,0.0,0.003,560.0,20.565,0.674,0.0,0.0,0.002,0.03,4.0,0.002,0.029,0.134,32.0,51.0,1.07,0.068,0.0008,135.0,63.47,0.008,32.75,0.319,0.00011,0.009,0.2,0.0,0.94,0.0028,0.55,0.12,Snack,Generic,False,"Candies, toffee, prepared-from-recipe",Generic
169672,Barbecue Cornnuts,Snacks,17.0,71.7,0.0,0.0,0.136,436.0,2.58,0.0,8.4,0.0,0.0,1.7,109.0,0.487,1.507,0.374,283.0,286.0,9.0,0.142,0.0,600.0,0.0,0.35,14.3,0.017,0.0,0.187,0.4,0.0,0.0,0.0,1.6,1.88,Snack,Generic,True,"Snacks, cornnuts, barbecue-flavor",Generic
169674,Soft Chocolate Chip Granola Bars,Snacks,41.0,70.2,0.0,16.7,0.273,418.0,6.061,0.0,3.8,0.0,0.016,2.19,64.0,1.263,0.765,0.341,176.0,237.0,5.65,0.082,0.0111,291.0,28.92,0.169,16.57,0.0,0.0,0.066,0.0,0.0,0.31,0.0163999999999999,6.45,1.3,Snack,Generic,True,"Snacks, granola bars, soft, uncoated, chocolate chip",Generic
169676,Nut and Raisin Granola Bars,Snacks,84.0,63.6,0.0,0.0,0.38,454.0,9.54,0.0,5.6,0.0,0.03,2.18,91.0,1.2,2.61,0.43,241.0,392.0,8.0,0.19,0.0154,254.0,0.0,0.19,20.4,0.002,0.00024,0.12,0.0,0.0,0.0,0.0,6.1,1.6,Snack,Generic,True,"Snacks, granola bars, soft, uncoated, nut and raisin",Generic
169677,Plain Salted Potato Chips,Snacks,21.0,53.83,0.0,12.1,0.234,532.0,3.4,0.084,3.1,0.0613,0.029,1.28,63.0,0.43,4.762,0.956,153.0,1196.0,6.39,0.088,0.0025,527.0,0.33,0.213,33.98,0.0,0.0,0.531,21.6,0.0,10.45,0.0221,1.86,1.09,Snack,Generic,True,"Snacks, potato chips, plain, salted",Generic
169678,Cheese-Flavored Potato Chips,Snacks,110.0,50.6,4.0,0.0,0.056,551.0,9.57,0.0,3.4,0.0,0.018,1.6,53.0,0.058,2.6,0.338,163.0,381.0,7.0,0.12,0.0081,600.0,0.0,0.18,37.0,0.001,0.0,0.521,8.5,0.0,0.0,0.0,1.9,0.64,Snack,Generic,True,"Snacks, potato chips, made from dried potatoes, cheese-flavor",Generic
169679,Brown Rice Cakes,Snacks,9.0,81.2,0.0,0.0,0.42,385.0,0.63,0.0,2.9,0.0,0.019,1.17,114.0,5.08,6.435,0.93,320.0,275.0,8.4,0.104,0.0,167.0,0.0,0.08,3.2,0.0,0.0,0.14,0.0,0.0,0.0,0.0,5.9,2.22,Snack,Generic,True,"Snacks, rice cakes, brown rice, corn",Generic
169680,Multigrain Rice Cakes,Snacks,21.0,80.1,0.0,0.0,0.427,387.0,0.56,0.0,3.0,0.0,0.02,1.96,137.0,5.22,6.602,1.002,370.0,294.0,8.5,0.184,0.0,252.0,0.0,0.067,3.5,0.0,0.0,0.137,0.0,0.0,0.0,0.0,6.3,2.53,Snack,Generic,True,"Snacks, rice cakes, brown rice, multigrain",Generic
169681,Peanut Butter Granola Bars,Snacks,41.0,62.3,0.0,0.0,0.218,483.0,3.2,0.0,2.9,0.0,0.018,2.4,55.0,0.922,1.97,0.387,139.0,291.0,9.8,0.09,0.015,283.0,0.0,0.21,23.8,0.001,0.0,0.096,0.2,0.0,0.0,0.0,2.3,1.25,Snack,Generic,True,"Snacks, granola bars, hard, peanut butter",Generic
169682,Cheese Potato Chips,Snacks,72.0,57.7,4.0,0.0,0.25,496.0,8.6,0.0,5.2,0.0,0.0,1.84,75.0,0.446,5.0,0.79,299.0,1528.0,8.5,0.158,0.0,458.0,0.0,0.155,27.2,0.01,0.0,0.348,54.1,0.0,0.0,0.0,1.8,0.91,Snack,Generic,True,"Snacks, potato chips, cheese-flavor",Generic
169683,Reduced Fat Potato Chips,Snacks,21.0,66.9,0.0,45.1,0.6,471.0,4.16,0.0,5.9,0.0,0.027,1.35,89.0,0.44,7.0,0.271,193.0,1744.0,7.1,0.267,0.0081,571.0,0.22,0.208,20.8,0.0,0.0,0.671,25.7,0.0,5.47,0.0133,1.0,0.07,Snack,Generic,True,"Snacks, potato chips, reduced fat",Generic
169684,Fat-Free Potato Chips,Snacks,35.0,65.0,0.0,38.8,0.44,274.0,0.24,0.0,6.8,0.0,0.083,2.4,69.0,0.77,4.37,0.981,174.0,1160.0,7.74,0.05,0.0009,554.0,0.0,0.329,0.7,0.0,0.0,0.158,28.3,0.0,0.0,0.0,2.0,3.5,Snack,Generic,True,"Snacks, potato chips, fat-free, made with olestra",Generic
169686,Fat-Free Salted Potato Chips,Snacks,35.0,83.76,0.0,54.1,0.174,379.0,0.15,0.0,7.5,0.0,0.045,3.57,70.0,0.0,6.446,0.0,167.0,1628.0,9.64,0.115,0.0081,643.0,3.69,1.08,0.6,0.001,0.0,0.8,9.3,0.0,0.04,0.0091,2.0,0.74,Snack,Generic,True,"Snacks, potato chips, fat free, salted",Generic
169687,Rice Krispies Treats,Snacks,3.0,80.5,0.0,0.0,0.1,417.0,1.4,0.0,0.0,0.0,0.381,2.2,13.0,1.601,9.1,0.0,42.0,39.0,3.4,0.8,0.011,351.0,19.36,0.7,9.0,0.27,0.0,0.9,0.0,0.0,0.0,0.0,5.9,0.5,Snack,Generic,True,"Snacks, KELLOGG, KELLOGG'S RICE KRISPIES TREATS Squares",Generic
169688,Crunchy Almond Granola Bar,Snacks,35.0,78.0,0.0,0.0,0.7,390.0,1.1,0.0,6.2,0.0,0.0,8.6,87.0,1.797,9.5,0.671,248.0,249.0,8.0,0.8,0.0,291.0,0.0,0.7,7.4,0.713,0.0,1.0,0.0,0.0,0.0,0.0,5.0,2.2,Snack,Generic,True,"Snacks, KELLOGG, KELLOGG'S Low Fat Granola Bar, Crunchy Almond/Brown Sugar",Generic
169689,Chocolate Chip Granola Bar,Snacks,1084.0,72.31,0.0,0.0,0.312,420.0,4.701,0.051,2.6,0.0,0.013,1.4,70.0,1.067,1.539,0.468,207.0,279.0,4.47,0.201,0.0,246.0,38.78,0.169,13.02,0.015,0.00014,0.117,0.1,0.0,10.79,0.0,4.9,1.41,Snack,Generic,True,"Snacks, M&M MARS, KUDOS Whole Grain Bar, chocolate chip",Generic
169690,Semisweet Chocolate Candies,Sweets,32.0,63.4,18.0,0.0,0.7,477.0,17.53,0.0,5.9,0.0,0.003,3.13,115.0,0.8,0.427,0.105,132.0,365.0,4.2,0.09,0.0032,11.0,0.0,0.055,29.7,0.003,0.0,0.05,0.0,0.0,0.0,0.0,0.7,1.62,Snack,Generic,True,"Candies, semisweet chocolate, made with butter",Generic
169700,Cooked Couscous,Cereal Grains and Pasta,8.0,23.22,0.0,3.3,0.041,112.0,0.029,0.0,1.4,0.0,0.015,0.38,8.0,0.084,0.983,0.371,22.0,58.0,3.79,0.027,0.0275,5.0,0.1,0.063,0.16,0.0,0.0,0.051,0.0,0.0,0.13,0.0001,72.57,0.26,Main Course,Generic,True,"Couscous, cooked",Mediterranean
169705,Oats,Cereal Grains and Pasta,54.0,66.27,0.0,0.0,0.626,389.0,1.217,0.0,10.6,0.0,0.056,4.72,177.0,4.916,0.961,1.349,523.0,429.0,16.89,0.139,0.0,2.0,0.0,0.763,6.9,0.0,0.0,0.119,0.0,0.0,0.0,0.0,8.22,3.97,Main Course,Generic,True,Oats (Includes foods for USDA's Food Distribution Program),Generic
169716,Sorghum Grain,Cereal Grains and Pasta,13.0,72.09,0.0,0.0,0.284,329.0,0.61,0.005,6.7,0.0,0.02,3.36,165.0,1.605,3.688,0.367,289.0,363.0,10.62,0.096,0.0121999999999999,2.0,2.53,0.332,3.46,0.0,0.0,0.443,0.0,0.0,0.5,0.0,12.4,1.67,Main Course,Generic,True,Sorghum grain,Generic
169727,Fresh Plain Pasta,Cereal Grains and Pasta,15.0,54.73,73.0,0.0,0.228,288.0,0.328,0.0,0.0,0.0,0.284,3.35,46.0,0.547,3.35,0.535,163.0,179.0,11.31,0.439,0.0,26.0,0.0,0.705,2.3,0.014,0.00031,0.093,0.0,0.0,0.0,0.0,31.0,1.22,Main Course,Generic,True,"Pasta, fresh-refrigerated, plain, as purchased",Western
169728,Cooked Fresh Pasta,Cereal Grains and Pasta,6.0,24.93,33.0,0.0,0.093,131.0,0.15,0.0,0.0,0.0,0.104,1.14,18.0,0.224,0.992,0.183,63.0,24.0,5.15,0.15,0.0,6.0,0.0,0.209,1.05,0.006,0.00014,0.034,0.0,0.0,0.0,0.0,68.56,0.56,Main Course,Generic,True,"Pasta, fresh-refrigerated, plain, cooked",Western
169729,Fresh Spinach Pasta,Cereal Grains and Pasta,43.0,55.72,73.0,0.0,0.197,289.0,0.483,0.0,0.0,0.0,0.262,3.3,63.0,0.781,3.46,0.688,148.0,272.0,11.26,0.398,0.0,27.0,0.0,0.609,2.1,0.025,0.00031,0.315,0.0,0.0,0.0,0.0,30.1,1.4,Main Course,Generic,True,"Pasta, fresh-refrigerated, spinach, as purchased",Western
169730,Cooked Spinach Pasta,Cereal Grains and Pasta,18.0,25.04,33.0,0.0,0.08,130.0,0.217,0.0,0.0,0.0,0.096,1.11,24.0,0.316,1.011,0.232,57.0,37.0,5.06,0.134,0.0,6.0,0.0,0.178,0.94,0.01,0.00014,0.113,0.0,0.0,0.0,0.0,68.58,0.63,Main Course,Generic,True,"Pasta, fresh-refrigerated, spinach, cooked",Western
169732,Egg Noodles,Cereal Grains and Pasta,12.0,25.16,29.0,25.7,0.098,138.0,0.419,0.029,1.2,0.006,0.138,1.47,21.0,0.315,2.077,0.263,76.0,38.0,4.54,0.136,0.0238999999999999,5.0,0.4,0.289,2.07,0.006,8.999999999999999e-05,0.046,0.0,0.0001,0.17,0.0,67.73,0.65,Main Course,Generic,True,"Noodles, egg, enriched, cooked",Generic
169734,Cooked Spinach Egg Noodles,Cereal Grains and Pasta,19.0,24.25,33.0,25.7,0.08,132.0,0.361,0.0,2.3,0.0,0.094,1.09,24.0,0.317,1.474,0.233,57.0,37.0,5.04,0.123,0.0218,12.0,0.71,0.245,1.57,0.01,0.00014,0.114,0.0,0.0001,0.55,0.1011,68.52,0.63,Main Course,Generic,True,"Noodles, egg, spinach, enriched, cooked",Western
169735,Crunchy Chinese Noodles,Cereal Grains and Pasta,21.0,51.9,0.0,8.1,0.122,521.0,4.931,0.136,1.9,0.0,0.017,1.76,21.0,0.363,2.52,0.354,87.0,89.0,10.33,0.112,0.0321,378.0,0.25,0.195,31.72,0.0,0.0,0.027,0.0,0.0,3.29,0.0063,4.93,0.63,Snack,Generic,True,"Noodles, flat, crunchy, Chinese restaurant",Asian
169737,Enriched Cooked Pasta,Cereal Grains and Pasta,7.0,30.86,0.0,6.4,0.1,158.0,0.176,0.0,1.8,0.007,0.119,1.28,18.0,0.322,1.689,0.112,58.0,44.0,5.8,0.136,0.0264,1.0,0.56,0.274,0.93,0.0,0.0,0.049,0.0,0.0,0.06,0.0,62.13,0.51,Main Course,Generic,True,"Pasta, cooked, enriched, without added salt",Generic
169744,Cooked KAMUT Wheat,Cereal Grains and Pasta,9.0,27.6,0.0,0.0,0.207,132.0,0.077,0.002,4.3,0.0,0.011,1.76,48.0,1.03,2.305,0.0,147.0,164.0,5.71,0.03,0.0319,8.0,3.07,0.095,0.83,0.0,0.0,0.07,0.0,0.0,0.24,0.0,65.18,1.84,Main Course,Generic,True,"Wheat, KAMUT khorasan, cooked",Generic
169746,Cooked Spelt,Cereal Grains and Pasta,10.0,26.44,0.0,0.0,0.215,127.0,0.0,0.0,3.9,0.0,0.013,1.67,49.0,1.091,2.57,0.0,150.0,143.0,5.5,0.03,0.004,5.0,0.0,0.103,0.85,0.0,0.0,0.08,0.0,0.0,0.26,0.0,66.56,1.25,Main Course,Generic,True,"Spelt, cooked",Generic
169751,Enriched Cooked Pasta,Cereal Grains and Pasta,7.0,30.59,0.0,0.0,0.1,157.0,0.176,0.0,1.8,0.0,0.119,1.28,18.0,0.322,1.689,0.112,58.0,44.0,5.8,0.136,0.0264,131.0,0.56,0.274,0.93,0.0,0.0,0.049,0.0,0.0,0.06,0.0,62.13,0.51,Main Course,Generic,True,"Pasta, cooked, enriched, with added salt",Generic
169762,Cooked Egg Noodles,Cereal Grains and Pasta,12.0,25.16,29.0,25.7,0.098,138.0,0.419,0.029,1.2,0.0,0.007,0.6,21.0,0.315,0.4,0.263,76.0,38.0,4.54,0.02,0.0238999999999999,165.0,0.4,0.03,2.07,0.006,8.999999999999999e-05,0.046,0.0,0.0,0.17,0.0,67.73,0.65,Main Course,Generic,True,"Noodles, egg, cooked, unenriched, with added salt",Generic
169768,Ready-to-Eat Mashed Potatoes,Vegetables and Vegetable Products,34.0,13.29,13.0,15.7,0.011,106.0,2.632,0.128,1.9,0.0,0.006,0.27,14.0,0.091,1.02,0.405,61.0,274.0,1.97,0.088,0.0269,298.0,1.76,0.085,5.01,0.053,0.00022,0.109,0.1,0.0001,0.29,0.0024,78.27,0.3,Side Dish,Generic,True,"Potatoes, mashed, ready-to-eat",Generic
169770,Macaroni and Cheese,"Meals, Entrees, and Side Dishes",85.0,23.1,8.0,0.0,0.067,164.0,1.636,0.092,1.2,0.0,0.0,1.17,15.0,0.224,1.15,0.415,234.0,80.0,6.68,0.09,0.0,460.0,1.57,0.155,4.99,0.022,0.00027,0.025,0.0,0.0,0.54,0.0,63.59,0.65,Main Course,Generic,True,"Macaroni and cheese, box mix with cheese sauce, prepared",Western
169771,Frozen Chicken and Cheese Taquitos,"Meals, Entrees, and Side Dishes",104.0,33.63,13.0,15.9,0.1,284.0,2.31,0.071,2.9,0.0,0.099,2.47,24.0,0.387,3.85,0.481,132.0,155.0,9.21,0.277,0.0167,453.0,1.3,0.331,12.54,0.03,0.0001799999999999,0.14,0.0,0.0001,1.13,0.0169,42.74,0.71,Main Course,Generic,True,"Taquitos, frozen, chicken and cheese, oven-heated",Western
169772,Beef and Cheese Taquitos,"Meals, Entrees, and Side Dishes",97.0,33.46,11.0,18.9,0.102,287.0,2.621,0.147,2.8,0.0,0.113,2.67,24.0,0.362,3.537,0.342,137.0,174.0,9.4,0.309,0.0154,456.0,1.66,0.331,12.79,0.035,0.00028,0.179,0.0,0.0,1.25,0.022,42.45,1.05,Main Course,Generic,True,"Taquitos, frozen, beef and cheese, oven-heated",Western
169779,Frozen Potato Dumplings,"Meals, Entrees, and Side Dishes",35.0,29.64,4.0,9.6,0.063,195.0,1.316,0.0,0.9,0.0,0.1,1.26,16.0,0.0,2.198,0.0,79.0,107.0,5.26,0.222,0.0134,474.0,1.75,0.293,6.14,0.003,8e-05,0.062,5.3,0.0,0.98,0.0079,57.25,0.44,Main Course,Generic,True,"Dumpling, potato- or cheese-filled, frozen",Generic
169780,Reduced Fat Chicken or Turkey Turnover,"Meals, Entrees, and Side Dishes",157.0,21.74,16.0,8.5,0.11,168.0,2.756,0.0,3.1,0.0,0.061,2.13,31.0,0.0,3.053,0.0,161.0,167.0,7.87,0.196,0.0189,276.0,3.94,0.234,5.51,0.04,0.00014,0.231,0.0,0.0001,0.43,0.0134,63.32,1.04,Main Course,Generic,True,"Turnover, chicken- or turkey-, and vegetable-filled, reduced fat, frozen",Western
169781,Egg and Cheese Breakfast Biscuit,"Meals, Entrees, and Side Dishes",136.0,21.57,78.0,73.6,0.07,324.0,8.595,0.177,2.0,0.0,0.078,1.85,16.0,0.216,2.183,0.0,298.0,269.0,9.54,0.32,0.0177,591.0,3.1,0.245,22.13,0.176,0.00059,0.123,0.1,0.0007,1.56,0.0018,44.12,0.99,Main Course,Generic,True,"Sausage, egg and cheese breakfast biscuit",Western
169833,French Fries,Restaurant Foods,19.0,36.9,1.0,0.0,0.115,296.0,2.6,0.102,4.1,0.0,0.0,0.98,31.0,0.259,2.797,0.53,121.0,604.0,3.74,0.064,0.0004,409.0,0.0,0.107,14.82,0.0,0.0,0.282,1.1,0.0,1.09,0.0431,42.23,0.57,Side Dish,Generic,True,"T.G.I. FRIDAY'S, french fries",Generic
169834,Fried Mozzarella Sticks,Restaurant Foods,351.0,25.33,43.0,0.0,0.071,333.0,7.172,0.342,2.2,0.0,0.0,0.59,23.0,0.282,0.703,0.455,290.0,97.0,15.82,0.267,0.0228,738.0,1.45,0.087,18.76,0.089,0.00094,0.069,0.0,0.0,0.86,0.0,37.02,2.24,Snack,Generic,True,"T.G.I. FRIDAY'S, fried mozzarella",Western
169835,Macaroni & Cheese,Restaurant Foods,89.0,17.4,8.0,0.0,0.068,121.0,1.63,0.097,1.0,0.0,0.0,0.53,14.0,0.135,0.617,0.405,131.0,88.0,5.03,0.207,0.0173,482.0,1.65,0.083,3.45,0.025,0.00012,0.034,0.0,0.0,1.2,0.0,72.51,0.58,Main Course,Generic,True,"T.G.I. FRIDAY'S, macaroni & cheese, from kid's menu",Western
169836,Family Style French Fries,Restaurant Foods,17.0,37.2,1.0,0.0,0.112,289.0,2.489,0.104,3.9,0.0,0.0,0.91,29.0,0.235,2.564,0.545,124.0,545.0,3.49,0.057,0.0004,357.0,0.28,0.11,14.04,0.0,0.0,0.236,1.1,0.0,1.0,0.0359,43.19,0.51,Side Dish,Generic,True,"Restaurant, family style, french fries",Generic
169837,Chicken Fingers,Restaurant Foods,21.0,18.77,46.0,0.0,0.068,307.0,3.199,0.131,1.1,0.0,0.0,0.76,29.0,0.254,7.628,1.558,306.0,322.0,18.68,0.166,0.02,809.0,0.33,0.098,17.45,0.005,0.00013,0.453,0.0,0.0,1.47,0.028,42.17,0.67,Main Course,Generic,True,"Restaurant, family style, chicken fingers, from kid's menu",Western
169838,Breaded Fried Shrimp,Restaurant Foods,42.0,22.29,87.0,50.1,0.142,308.0,3.361,0.138,1.5,0.0,0.062,1.16,21.0,0.297,1.249,0.35,301.0,108.0,12.67,0.129,0.0226,1125.0,0.91,0.112,18.67,0.003,0.00044,0.074,0.0,0.0,2.14,0.0322,43.02,0.79,Main Course,Generic,True,"Restaurant, family style, shrimp, breaded and fried",Generic
169839,Kids' Mac and Cheese,Restaurant Foods,99.0,18.8,10.0,3.9,0.064,151.0,2.147,0.117,1.1,0.0,0.042,0.68,19.0,0.194,0.783,0.474,137.0,135.0,5.42,0.254,0.0194,361.0,3.09,0.095,6.06,0.031,0.0001799999999999,0.057,0.0,0.0001,0.75,0.0005,68.24,0.64,Main Course,Generic,True,"Restaurant, family style, macaroni & cheese, from kids' menu",Generic
169840,Crunchy Onion Rings,Restaurant Foods,22.0,40.17,0.0,0.0,0.087,356.0,3.574,0.139,3.1,0.0,0.0,0.67,17.0,0.486,0.73,0.405,90.0,135.0,4.58,0.091,0.006,833.0,4.48,0.107,19.61,0.0,0.0,0.077,0.0,0.0,1.27,0.0411,33.09,0.43,Side Dish,Generic,True,"APPLEBEE'S, crunchy onion rings",Generic
169841,Chicken Tenders Platter,Restaurant Foods,23.0,17.98,52.0,0.0,0.069,297.0,2.849,0.12,1.0,0.0,0.0,0.9,30.0,0.258,7.847,1.67,298.0,336.0,19.62,0.183,0.0168,740.0,0.36,0.103,16.24,0.009,0.00014,0.506,0.0,0.0,1.45,0.0,43.38,0.71,Main Course,Generic,True,"APPLEBEE'S, chicken tenders platter",Western
169842,Fried Chicken Tenderloin Platter,Restaurant Foods,12.0,20.29,40.0,0.0,0.066,293.0,2.763,0.123,0.7,0.0,0.0,0.59,28.0,0.262,6.733,1.405,268.0,319.0,18.06,0.133,0.0163,874.0,0.09,0.097,15.48,0.002,0.00011,0.487,0.0,0.0,1.21,0.0,43.12,0.66,Main Course,Generic,True,"CRACKER BARREL, chicken tenderloin platter, fried",Western
169844,Onion Rings,Restaurant Foods,22.0,41.05,0.0,0.0,0.088,385.0,3.729,0.207,2.4,0.0,0.0,0.74,20.0,0.397,0.863,0.38,92.0,150.0,5.29,0.07,0.0052,780.0,4.76,0.12,22.23,0.0,0.0,0.089,0.0,0.0,1.23,0.0506,28.92,0.55,Side Dish,Generic,True,"DENNY'S, onion rings",Western
169845,Spaghetti and Meatballs,Restaurant Foods,45.0,15.51,19.0,0.0,0.106,170.0,3.104,0.217,1.5,0.0,0.0,1.29,23.0,0.277,2.0,0.44,89.0,206.0,7.84,0.167,0.0184,351.0,2.03,0.107,8.52,0.028,0.00039,0.143,0.9,0.0,0.75,0.0,66.64,1.04,Main Course,Generic,True,"DENNY'S, spaghetti and meatballs",Western
169846,Battered Fried Fish Fillet,Restaurant Foods,14.0,16.89,36.0,53.7,0.044,219.0,1.876,0.095,0.9,0.0,0.017,0.38,23.0,0.129,2.475,0.358,207.0,251.0,13.49,0.096,0.0175,561.0,0.45,0.06,10.79,0.003,0.00117,0.231,0.0,0.0004,0.94,0.0001,56.74,0.39,Main Course,Generic,True,"Restaurant, family style, fish fillet, battered or breaded, fried",Western
169847,Chicken Tenders,Restaurant Foods,18.0,19.29,46.0,0.0,0.067,302.0,2.946,0.133,0.9,0.0,0.0,0.74,29.0,0.245,7.76,1.511,297.0,324.0,18.88,0.166,0.0197,800.0,0.24,0.097,16.63,0.007,0.00013,0.479,0.0,0.0,1.39,0.0,42.3,0.68,Main Course,Generic,True,"Restaurant, family style, chicken tenders",Western
169849,Macaroni and Cheese,Restaurant Foods,145.0,15.61,18.0,0.0,0.061,194.0,4.178,0.222,1.1,0.0,0.0,0.57,17.0,0.13,0.71,0.47,202.0,127.0,6.49,0.247,0.0169,375.0,2.83,0.097,11.75,0.061,0.00019,0.06,0.0,0.0,0.73,0.0,64.53,0.83,Main Course,Generic,True,"CRACKER BARREL, macaroni n' cheese",Western
169850,Meat Lasagna,Restaurant Foods,197.0,11.36,36.0,33.5,0.07,185.0,4.941,0.312,1.5,0.0,0.038,0.79,22.0,0.139,1.843,0.492,178.0,255.0,10.83,0.237,0.018,466.0,3.15,0.14,10.69,0.081,0.00066,0.122,0.7,0.0,0.91,0.0068,64.87,1.32,Main Course,Generic,True,"Restaurant, Italian, lasagna with meat",Western
169851,Lasagna Classico,Restaurant Foods,211.0,10.33,40.0,33.5,0.061,184.0,5.347,0.335,1.6,0.0,0.0,0.75,22.0,0.113,1.93,0.515,183.0,258.0,11.28,0.273,0.0152,450.0,3.53,0.16,10.84,0.06,0.00055,0.0,0.7,0.0,0.86,0.0068,65.29,1.31,Main Course,Generic,True,"OLIVE GARDEN, lasagna classico",Western
169852,Spaghetti with Pomodoro Sauce,Restaurant Foods,11.0,17.14,0.0,7.8,0.067,102.0,0.336,0.007,1.7,0.0,0.0,0.98,16.0,0.213,1.14,0.18,44.0,124.0,4.26,0.117,0.0133,183.0,1.77,0.067,1.85,0.011,0.0,0.082,1.2,0.0,0.79,0.0042,75.92,0.34,Main Course,Generic,True,"OLIVE GARDEN, spaghetti with pomodoro sauce",Western
169853,Spaghetti with Pomodoro Sauce,Restaurant Foods,17.0,18.63,0.0,8.1,0.071,104.0,0.36,0.009,1.7,0.0,0.0,0.74,14.0,0.206,1.183,0.17,43.0,143.0,3.42,0.13,0.0069,218.0,1.87,0.077,1.75,0.009,0.0,0.086,1.0,0.0,0.84,0.0044,75.25,0.33,Main Course,Generic,True,"CARRABBA'S ITALIAN GRILL, spaghetti with pomodoro sauce",Western
169854,Cheese Enchilada,Restaurant Foods,293.0,16.2,41.0,0.0,0.068,271.0,7.52,0.421,1.8,0.0,0.0,0.71,30.0,0.129,0.78,0.37,288.0,176.0,11.67,0.22,0.016,561.0,2.89,0.065,17.74,0.01,0.0007199999999999,0.125,0.0,0.0,0.89,0.0,51.82,1.88,Main Course,Generic,True,"ON THE BORDER, cheese enchilada",Western
169855,Cheese Enchilada,Restaurant Foods,314.0,15.45,42.0,0.0,0.055,273.0,8.365,0.54,1.9,0.0,0.0,0.66,29.0,0.118,0.627,0.332,268.0,140.0,11.24,0.223,0.0158,528.0,2.6,0.063,18.47,0.205,0.00086,0.122,0.0,0.0,1.28,0.0,52.38,1.83,Main Course,Generic,False,"Restaurant, Mexican, cheese enchilada",Western
169858,Chicken Parmigiana,Restaurant Foods,95.0,12.28,40.0,0.0,0.062,211.0,2.113,0.095,0.9,0.0,0.0,0.58,25.0,0.129,5.58,0.955,236.0,277.0,15.33,0.163,0.024,625.0,2.68,0.057,11.23,0.037,0.00034,0.183,0.0,0.0,1.59,0.0,58.62,0.86,Main Course,Generic,True,"OLIVE GARDEN, chicken parmigiana without pasta",Western
169861,Unsalted Popcorn,Snacks,10.0,58.1,0.0,16.0,0.221,500.0,5.05,0.0,10.0,0.0,0.017,2.78,108.0,0.0,1.55,0.0,250.0,225.0,9.0,0.14,0.0073,3.0,0.54,0.13,28.1,0.008,0.0,0.21,0.3,0.0,2.43,0.0043,2.8,2.64,Snack,Generic,True,"Snacks, popcorn, home-prepared, oil-popped, unsalted",Generic
169863,Coconut Chocolate Granola Bar,Snacks,42.0,55.2,0.0,12.8,0.319,531.0,22.72,0.0,6.2,0.0,0.009,1.75,56.0,0.0,0.42,0.0,154.0,254.0,5.2,0.08,0.0163999999999999,152.0,34.27,0.14,32.2,0.0,7.000000000000001e-05,0.12,0.5,0.0,0.3,0.0014,6.1,1.17,Snack,Generic,True,"Snacks, granola bar, with coconut, chocolate coated",Generic
169868,Nonfat Fortified Milk,Dairy and Egg Products,204.0,4.85,2.0,16.0,0.011,35.0,0.117,0.0,0.0,0.0,0.005,0.04,11.0,0.0,0.088,0.0,101.0,166.0,3.4,0.14,0.0021,52.0,4.85,0.036,0.18,0.137,0.00038,0.04,1.0,0.0012,0.01,0.0,90.8,0.4,Drink,Generic,True,"Milk, fluid, nonfat, calcium fortified (fat free or skim)",Generic
169869,Reduced Sodium Peanut Butter,Legumes and Legume Products,41.0,21.83,0.0,63.5,0.515,590.0,7.716,0.0,6.6,0.0,0.092,1.9,159.0,0.0,13.69,0.0,317.0,747.0,24.0,0.11,0.0075,203.0,9.29,0.12,49.9,0.0,0.0,0.45,0.0,0.0,9.05,0.0006,1.1,2.78,Side Dish,Generic,True,"Peanut butter, reduced sodium",Generic
169881,Low Sugar Chocolate Candies,Sweets,285.0,37.68,22.0,50.1,0.85,590.0,21.723,0.121,3.5,0.0129,0.025,1.45,129.0,0.888,2.26,0.0,332.0,606.0,12.39,0.48,0.0049,111.0,14.63,0.2,43.27,0.055,0.00085,0.18,1.4,0.0001,2.61,0.0075,4.0,2.47,Snack,Generic,True,"Candies, chocolate covered, low sugar or low calorie",Generic
169886,Meatless Chicken,Legumes and Legume Products,35.0,3.64,0.0,71.6,0.689,224.0,1.534,0.0,3.6,0.0,0.076,3.27,17.0,1.177,1.454,0.579,335.0,54.0,23.64,0.247,0.0074,709.0,0.0,0.062,12.73,0.0,0.00218,0.7,0.0,0.0,2.68,0.0,58.84,0.7,Main Course,Generic,True,"Chicken, meatless",Generic
169888,Vegetarian Meatloaf,Legumes and Legume Products,29.0,8.0,0.0,73.1,0.706,197.0,1.425,0.0,4.6,0.0,0.078,2.1,18.0,0.0,10.0,0.0,344.0,180.0,21.0,0.6,0.0008,550.0,1.2,0.9,9.0,0.0,0.0024,1.2,0.0,0.0,1.73,0.0,58.0,1.8,Main Course,Generic,True,Vegetarian meatloaf or patties,Generic
169898,Fruit Yogurt,Dairy and Egg Products,152.0,19.0,2.0,16.4,0.011,95.0,0.119,0.0,0.0,0.0,0.009,0.07,15.0,0.035,0.1,0.0,119.0,194.0,4.4,0.18,0.006,58.0,19.0,0.04,0.2,0.002,0.00047,0.04,0.7,0.0,0.06,0.0011,75.4,0.74,Snack,Generic,True,"Yogurt, fruit variety, nonfat",Generic
169904,Scrambled Eggs,Dairy and Egg Products,17.0,7.5,277.0,255.7,0.03,131.0,1.052,0.0,0.0,0.0,0.017,0.23,10.0,0.0,0.09,0.0,30.0,147.0,13.1,0.3,0.0229,162.0,7.5,0.01,5.6,0.021,0.00017,0.01,0.0,0.0018,0.84,0.0018,72.7,0.14,Main Course,Generic,True,"Eggs, scrambled, frozen mixture",Generic
169908,Raw Loquats,Fruits and Fruit Juices,16.0,12.14,0.0,0.0,0.04,47.0,0.04,0.0,1.7,0.0,0.014,0.28,13.0,0.148,0.18,0.0,27.0,266.0,0.43,0.024,0.0006,1.0,0.0,0.019,0.2,0.076,0.0,0.1,1.0,0.0,0.0,0.0,86.73,0.05,Snack,Generic,True,"Loquats, raw",Generic
169909,Raw Mammy Apple,Fruits and Fruit Juices,11.0,12.5,0.0,0.0,0.086,51.0,0.136,0.0,3.0,0.0,0.014,0.7,16.0,0.0,0.4,0.103,11.0,47.0,0.5,0.04,0.0006,15.0,0.0,0.02,0.5,0.012,0.0,0.1,14.0,0.0,0.0,0.0,86.2,0.1,Snack,Generic,True,"Mammy-apple, (mamey), raw",Generic
169910,Raw Mangos,Fruits and Fruit Juices,11.0,14.98,0.0,7.6,0.111,60.0,0.092,0.0,1.6,0.0,0.043,0.16,10.0,0.063,0.669,0.197,14.0,168.0,0.82,0.038,0.0006,1.0,13.66,0.028,0.38,0.054,0.0,0.119,36.4,0.0,0.9,0.0042,83.46,0.09,Snack,Generic,True,"Mangos, raw",Generic
169911,Fresh Honeydew Melon,Fruits and Fruit Juices,6.0,9.09,0.0,7.6,0.024,36.0,0.038,0.0,0.8,0.0,0.019,0.17,10.0,0.027,0.418,0.155,11.0,228.0,0.54,0.012,0.0007,18.0,8.12,0.038,0.14,0.003,0.0,0.088,18.0,0.0,0.02,0.0029,89.82,0.09,Snack,Generic,True,"Melons, honeydew, raw",Generic
169912,Frozen Melon Balls,Fruits and Fruit Juices,10.0,7.94,0.0,0.0,0.06,33.0,0.064,0.0,0.7,0.0,0.026,0.29,14.0,0.04,0.64,0.163,12.0,280.0,0.84,0.022,0.0,31.0,0.0,0.166,0.25,0.089,0.0,0.106,6.2,0.0,0.0,0.0,90.26,0.17,Snack,Generic,True,"Melon balls, frozen",Generic
169913,Raw Mulberries,Fruits and Fruit Juices,39.0,9.8,0.0,12.3,0.06,43.0,0.027,0.0,1.7,0.0,0.006,1.85,18.0,0.0,0.62,0.0,38.0,194.0,1.44,0.101,0.0006,10.0,8.1,0.029,0.39,0.001,0.0,0.05,36.4,0.0,0.87,0.0078,87.68,0.12,Snack,Generic,True,"Mulberries, raw",Generic
169914,Raw Nectarines,Fruits and Fruit Juices,6.0,10.55,0.0,6.2,0.086,44.0,0.025,0.0,1.7,0.0,0.005,0.28,9.0,0.054,1.125,0.185,26.0,201.0,1.06,0.027,0.0,0.0,7.89,0.034,0.32,0.017,0.0,0.025,5.4,0.0,0.77,0.0022,87.59,0.17,Snack,Generic,True,"Nectarines, raw",Generic
169917,Raw Navel Oranges,Fruits and Fruit Juices,43.0,12.54,0.0,8.4,0.039,49.0,0.017,0.0,2.2,0.0,0.034,0.13,11.0,0.029,0.425,0.261,23.0,166.0,0.91,0.051,0.0,1.0,8.5,0.068,0.15,0.012,0.0,0.079,59.1,0.0,0.15,0.0,85.97,0.08,Snack,Generic,True,"Oranges, raw, navels (Includes foods for USDA's Food Distribution Program)",Generic
169918,Florida Oranges,Fruits and Fruit Juices,43.0,11.54,0.0,8.4,0.039,46.0,0.025,0.0,2.4,0.0,0.017,0.09,10.0,0.024,0.4,0.25,12.0,169.0,0.7,0.04,0.0005,0.0,9.14,0.1,0.21,0.011,0.0,0.051,45.0,0.0,0.18,0.0,87.14,0.08,Snack,Generic,True,"Oranges, raw, Florida",Generic
169919,Raw Oranges,Fruits and Fruit Juices,70.0,15.5,0.0,0.0,0.057,63.0,0.035,0.0,4.5,0.0,0.03,0.8,14.0,0.0,0.5,0.33,22.0,196.0,1.3,0.05,0.0007,2.0,0.0,0.1,0.3,0.013,0.0,0.093,71.0,0.0,0.0,0.0,82.3,0.11,Snack,Generic,True,"Oranges, raw, with peel",Generic
169920,Chilled Orange Juice,Fruits and Fruit Juices,140.0,11.27,0.0,6.2,0.042,47.0,0.014,0.0,0.3,0.0,0.019,0.13,11.0,0.023,0.28,0.195,47.0,178.0,0.68,0.039,0.0001,2.0,8.31,0.046,0.12,0.002,0.0,0.076,33.6,0.0,0.2,0.0,87.22,0.07,Drink,Generic,True,"Orange juice, chilled, includes from concentrate, with added calcium",Generic
169921,Frozen Orange Juice,Fruits and Fruit Juices,147.0,8.47,0.0,5.0,0.021,37.0,0.015,0.0,0.2,0.0657,0.019,0.08,10.0,0.0,0.273,0.0,78.0,158.0,0.6,0.044,0.0001,4.0,7.42,0.069,0.06,0.003,0.0,0.065,36.2,0.0,0.15,0.0001,90.07,0.04,Drink,Generic,True,"Orange juice, frozen concentrate, unsweetened, diluted with 3 volume water, with added calcium",Generic
169924,Canned Tangerines,Fruits and Fruit Juices,7.0,16.19,0.0,6.9,0.044,61.0,0.012,0.0,0.7,0.0,0.005,0.37,8.0,0.032,0.445,0.125,10.0,78.0,0.45,0.044,0.0004,6.0,15.49,0.053,0.1,0.042,0.0,0.042,19.8,0.0,0.1,0.0,83.06,0.24,Snack,Generic,True,"Tangerines, (mandarin oranges), canned, light syrup pack",Generic
169925,Raw Tangerine Juice,Fruits and Fruit Juices,18.0,10.1,0.0,6.2,0.025,43.0,0.024,0.0,0.2,0.0,0.005,0.2,8.0,0.037,0.1,0.125,14.0,178.0,0.5,0.02,0.0001,1.0,9.9,0.06,0.2,0.013,0.0,0.042,31.0,0.0,0.13,0.0,88.9,0.03,Drink,Generic,True,"Tangerine juice, raw",Generic
169926,Raw Papayas,Fruits and Fruit Juices,20.0,10.82,0.0,6.1,0.045,43.0,0.081,0.0,1.7,0.0,0.037,0.25,21.0,0.04,0.357,0.191,10.0,182.0,0.47,0.027,0.0006,8.0,7.82,0.023,0.26,0.047,0.0,0.038,60.9,0.0,0.3,0.0026,88.06,0.08,Snack,Generic,True,"Papayas, raw",Generic
169927,Canned Papaya in Syrup,Fruits and Fruit Juices,21.0,55.83,0.0,0.0,0.01,206.0,0.268,0.0,1.5,0.0,0.0,0.29,6.0,0.01,0.06,0.015,6.0,67.0,0.14,0.015,0.0004,9.0,52.2,0.015,0.55,0.0,0.0,0.015,3.5,0.0,0.0,0.0003,43.33,0.05,Snack,Generic,True,"Papaya, canned, heavy syrup, drained",Generic
169928,Yellow Peaches,Fruits and Fruit Juices,6.0,9.54,0.0,6.1,0.068,39.0,0.019,0.0,1.5,0.004,0.004,0.25,9.0,0.061,0.806,0.153,20.0,190.0,0.91,0.031,0.0001,0.0,8.39,0.024,0.25,0.016,0.0,0.025,6.6,0.0,0.73,0.0026,88.87,0.17,Snack,Generic,True,"Peaches, yellow, raw",Generic
169929,Canned Peaches,Fruits and Fruit Juices,2.0,6.11,0.0,4.1,0.054,24.0,0.006,0.0,1.3,0.0,0.003,0.32,5.0,0.048,0.521,0.05,10.0,99.0,0.44,0.019,0.0003,3.0,4.81,0.009,0.06,0.027,0.0,0.019,2.9,0.0,0.49,0.0017,93.13,0.09,Snack,Generic,True,"Peaches, canned, water pack, solids and liquids",Generic
169930,Canned Peaches in Juice,Fruits and Fruit Juices,6.0,11.57,0.0,4.1,0.05,44.0,0.004,0.0,1.3,0.0,0.003,0.27,7.0,0.048,0.582,0.05,17.0,128.0,0.63,0.017,0.0003,4.0,10.27,0.008,0.03,0.019,0.0,0.019,3.6,0.0,0.49,0.0017,87.49,0.11,Snack,Generic,True,"Peaches, canned, juice pack, solids and liquids",Generic
169931,Canned Peaches in Syrup,Fruits and Fruit Juices,5.0,11.1,0.0,0.0,0.05,42.0,0.011,0.0,1.0,0.0,0.003,0.3,5.0,0.047,0.8,0.05,11.0,74.0,0.4,0.02,0.0,5.0,0.0,0.02,0.1,0.014,0.0,0.019,3.0,0.0,0.0,0.0,88.2,0.09,Snack,Generic,True,"Peaches, canned, extra light syrup, solids and liquids (Includes foods for USDA's Food Distribution Program)",Generic
169935,Stewed Dried Peaches,Fruits and Fruit Juices,9.0,19.69,0.0,4.1,0.117,77.0,0.026,0.0,2.7,0.0,0.0,1.31,13.0,0.098,1.519,0.181,38.0,320.0,1.16,0.021,0.0002,2.0,16.99,0.005,0.25,0.01,0.0,0.038,3.7,0.0,0.06,0.005,78.1,0.18,Snack,Generic,True,"Peaches, dried, sulfured, stewed, without added sugar",Generic
169936,Canned Pears in Juice,Fruits and Fruit Juices,9.0,12.94,0.0,3.4,0.053,50.0,0.004,0.0,1.6,0.0,0.001,0.29,7.0,0.034,0.2,0.022,12.0,96.0,0.34,0.011,0.0,4.0,9.7,0.011,0.07,0.0,0.0,0.014,1.6,0.0,0.08,0.0003,86.47,0.09,Snack,Generic,True,"Pears, canned, juice pack, solids and liquids",Generic
169937,Canned Pears in Light Syrup,Fruits and Fruit Juices,7.0,12.2,0.0,0.0,0.07,47.0,0.006,0.0,1.6,0.0,0.001,0.2,5.0,0.033,0.4,0.022,7.0,45.0,0.3,0.02,0.0,2.0,0.0,0.01,0.1,0.0,0.0,0.014,2.0,0.0,0.0,0.0,87.3,0.07,Snack,Generic,True,"Pears, canned, extra light syrup pack, solids and liquids (Includes foods for USDA's Food Distribution Program)",Generic
169938,Canned Pears in Light Syrup,Fruits and Fruit Juices,5.0,15.17,0.0,3.4,0.049,57.0,0.002,0.0,1.6,0.0,0.001,0.28,4.0,0.033,0.154,0.022,7.0,66.0,0.19,0.016,0.0,5.0,12.1,0.01,0.03,0.0,0.0,0.014,0.7,0.0,0.08,0.0003,84.46,0.08,Snack,Generic,True,"Pears, canned, light syrup pack, solids and liquids",Generic
169939,Canned Pears in Syrup,Fruits and Fruit Juices,5.0,19.17,0.0,1.9,0.049,74.0,0.007,0.0,1.6,0.0075,0.001,0.22,4.0,0.032,0.242,0.022,7.0,65.0,0.2,0.022,0.0,5.0,15.2,0.01,0.13,0.0,0.0,0.014,1.1,0.0,0.08,0.0003,80.35,0.08,Snack,Generic,True,"Pears, canned, heavy syrup pack, solids and liquids",Generic
169940,Pear Nectar,Fruits and Fruit Juices,5.0,15.76,0.0,2.0,0.067,60.0,0.001,0.0,0.6,0.0119,0.001,0.26,3.0,0.03,0.128,0.022,3.0,13.0,0.11,0.013,0.0,4.0,15.16,0.002,0.01,0.0,0.0,0.014,1.1,0.0,0.05,0.0018,84.01,0.07,Drink,Generic,True,"Pear nectar, canned, without added ascorbic acid",Generic
169941,Raw Japanese Persimmons,Fruits and Fruit Juices,8.0,18.59,0.0,7.6,0.113,70.0,0.02,0.0,3.6,0.0,0.008,0.15,9.0,0.355,0.1,0.0,17.0,161.0,0.58,0.02,0.0006,1.0,12.53,0.03,0.19,0.081,0.0,0.1,7.5,0.0,0.73,0.0026,80.32,0.11,Snack,Generic,True,"Persimmons, japanese, raw",Asian
169944,Canned Pineapple in Syrup,Fruits and Fruit Juices,14.0,20.2,0.0,3.8,0.101,78.0,0.009,0.0,0.8,0.0,0.005,0.38,16.0,1.08,0.287,0.1,7.0,104.0,0.35,0.025,0.0004,1.0,16.9,0.09,0.11,0.001,0.0,0.074,7.4,0.0,0.01,0.0003,78.99,0.12,Snack,Generic,True,"Pineapple, canned, heavy syrup pack, solids and liquids",Generic
169945,Canned Pineapple in Syrup,Fruits and Fruit Juices,14.0,21.5,0.0,0.0,0.099,83.0,0.009,0.0,0.8,0.0,0.005,0.38,15.0,1.062,0.282,0.1,7.0,102.0,0.34,0.025,0.0,1.0,0.0,0.089,0.11,0.001,0.0,0.074,7.3,0.0,0.0,0.0,77.71,0.11,Snack,Generic,True,"Pineapple, canned, extra heavy syrup pack, solids and liquids",Generic
169946,Sweetened Pineapple Chunks,Fruits and Fruit Juices,9.0,22.2,0.0,4.9,0.099,86.0,0.007,0.0,1.1,0.0,0.011,0.4,10.0,1.062,0.3,0.105,4.0,100.0,0.4,0.03,0.0001,2.0,21.1,0.1,0.1,0.002,0.0,0.075,8.0,0.0,0.02,0.0007,77.1,0.11,Snack,Generic,True,"Pineapple, frozen, chunks, sweetened",Generic
169947,Unsweetened Pineapple Juice,Fruits and Fruit Juices,13.0,12.87,0.0,3.3,0.069,53.0,0.008,0.0,0.2,0.0,0.018,0.31,12.0,0.504,0.199,0.056,8.0,130.0,0.36,0.021,0.0001,2.0,9.98,0.058,0.12,0.0,0.0,0.1,10.0,0.0,0.02,0.0003,86.37,0.11,Drink,Generic,True,"Pineapple juice, canned or bottled, unsweetened, without added ascorbic acid",Generic
169949,Fresh Plums,Fruits and Fruit Juices,6.0,11.42,0.0,1.9,0.057,46.0,0.017,0.0,1.4,0.002,0.005,0.17,7.0,0.052,0.417,0.135,16.0,157.0,0.7,0.026,0.0,0.0,9.92,0.028,0.28,0.017,0.0,0.029,9.5,0.0,0.26,0.0064,87.23,0.1,Snack,Generic,True,"Plums, raw",Generic
169950,Canned Purple Plums,Fruits and Fruit Juices,7.0,11.03,0.0,1.3,0.039,41.0,0.001,0.0,0.9,0.0,0.003,0.16,5.0,0.033,0.37,0.072,13.0,126.0,0.39,0.041,0.0,1.0,10.1,0.021,0.01,0.046,0.0,0.027,2.7,0.0,0.18,0.0043,88.35,0.08,Drink,Generic,True,"Plums, canned, purple, water pack, solids and liquids",Generic
169951,Canned Purple Plums,Fruits and Fruit Juices,10.0,15.15,0.0,1.3,0.054,58.0,0.002,0.0,0.9,0.0,0.003,0.34,8.0,0.033,0.473,0.072,15.0,154.0,0.51,0.059,0.0,1.0,14.22,0.023,0.02,0.05,0.0,0.027,2.8,0.0,0.18,0.0043,84.02,0.11,Drink,Generic,True,"Plums, canned, purple, juice pack, solids and liquids",Generic
169952,Canned Purple Plums,Fruits and Fruit Juices,9.0,16.28,0.0,1.3,0.038,63.0,0.008,0.0,0.9,0.0,0.003,0.86,5.0,0.032,0.297,0.072,13.0,93.0,0.37,0.039,0.0,20.0,15.35,0.016,0.1,0.012,0.0,0.027,0.4,0.0,0.18,0.0043,83.0,0.08,Drink,Generic,True,"Plums, canned, purple, light syrup pack, solids and liquids",Generic
169954,Fordhook Lima Beans,Vegetables and Vegetable Products,30.0,19.32,0.0,36.3,0.17,103.0,0.077,0.0,5.3,0.007,0.021,1.82,42.0,0.648,1.069,0.163,97.0,304.0,6.07,0.061,0.0006,69.0,1.34,0.074,0.34,0.01,0.0,0.122,12.8,0.0,0.29,0.0050999999999999,72.98,0.74,Side Dish,Generic,True,"Lima beans, immature seeds, frozen, fordhook, cooked, boiled, drained, without salt",Generic
169956,Cooked Baby Lima Beans,Vegetables and Vegetable Products,28.0,19.45,0.0,37.2,0.197,105.0,0.068,0.0,4.8,0.0,0.016,1.96,56.0,0.813,0.77,0.177,112.0,411.0,6.65,0.055,0.0017,29.0,1.37,0.07,0.3,0.008,0.0,0.115,5.8,0.0,0.64,0.0052,72.35,0.55,Main Course,Generic,True,"Lima beans, immature seeds, frozen, baby, cooked, boiled, drained, without salt",Generic
169959,Frozen Pinto Beans,Vegetables and Vegetable Products,52.0,30.87,0.0,0.0,0.088,162.0,0.058,0.0,5.4,0.0,0.034,2.71,54.0,0.493,0.632,0.258,100.0,646.0,9.31,0.108,0.0014,83.0,0.0,0.274,0.48,0.0,0.0,0.194,0.7,0.0,0.0,0.0,58.01,0.69,Side Dish,Generic,True,"Beans, pinto, immature seeds, frozen, cooked, boiled, drained, without salt",Generic
169960,Canned Shellie Beans,Vegetables and Vegetable Products,29.0,6.19,0.0,13.2,0.08,30.0,0.023,0.0,3.4,0.0,0.018,0.99,15.0,0.382,0.205,0.133,30.0,109.0,1.76,0.054,0.0021,334.0,0.63,0.032,0.19,0.011,0.0,0.049,3.1,0.0,0.03,0.008,90.69,0.27,Drink,Generic,True,"Beans, shellie, canned, solids and liquids",Generic
169963,Cooked Green Snap Beans,Vegetables and Vegetable Products,42.0,6.45,0.0,13.5,0.059,28.0,0.044,0.0,3.0,0.0,0.023,0.66,19.0,0.288,0.383,0.049,29.0,159.0,1.49,0.09,0.0004,1.0,1.88,0.035,0.17,0.021,0.0,0.06,4.1,0.0,0.04,0.0381,91.42,0.24,Side Dish,Generic,True,"Beans, snap, green, frozen, cooked, boiled, drained without salt",Generic
169964,Microwaved Green Snap Beans,Vegetables and Vegetable Products,61.0,6.98,0.0,0.0,0.066,33.0,0.092,0.0,3.4,0.0,0.0,0.8,29.0,0.33,0.485,0.168,42.0,237.0,1.98,0.103,0.001,3.0,2.6,0.073,0.41,0.0,0.0,0.063,11.0,0.0,0.42,0.0577,89.93,0.31,Side Dish,Generic,True,"Beans, snap, green, frozen, all styles, microwaved",Generic
169965,Microwaved Green Beans,Vegetables and Vegetable Products,55.0,6.41,0.0,0.0,0.09,33.0,0.0,0.0,3.4,0.0,0.0,0.83,28.0,0.332,0.773,0.3,49.0,323.0,2.31,0.075,0.0,3.0,3.22,0.078,0.5,0.0,0.0,0.124,7.3,0.0,0.0,0.0,90.04,0.38,Side Dish,Generic,True,"Beans, snap, green, microwaved",Generic
169966,Canned Beets,Vegetables and Vegetable Products,15.0,7.21,0.0,7.5,0.059,31.0,0.022,0.0,1.8,0.0263,0.03,1.82,17.0,0.287,0.157,0.156,17.0,148.0,0.91,0.04,0.0005,194.0,5.51,0.01,0.14,0.001,0.0,0.057,4.1,0.0,0.03,0.0002,90.96,0.21,Side Dish,Generic,True,"Beets, canned, drained solids",Generic
169967,Steamed Broccoli,Vegetables and Vegetable Products,40.0,7.18,0.0,40.1,0.061,35.0,0.079,0.0,3.3,0.004,0.108,0.67,21.0,0.194,0.553,0.616,67.0,293.0,2.38,0.123,0.0016,41.0,1.39,0.063,0.41,0.077,0.0,0.2,64.9,0.0,1.45,0.1411,89.25,0.45,Side Dish,Generic,True,"Broccoli, cooked, boiled, drained, without salt",Generic
169969,Chopped Broccoli,Vegetables and Vegetable Products,33.0,5.35,0.0,16.2,0.034,28.0,0.018,0.0,3.0,0.0,0.056,0.61,13.0,0.223,0.458,0.274,49.0,142.0,3.1,0.081,0.0007,11.0,1.47,0.055,0.12,0.051,0.0,0.13,40.1,0.0,1.32,0.0881,90.72,0.28,Side Dish,Generic,True,"Broccoli, frozen, chopped, cooked, boiled, drained, without salt",Generic
169971,Boiled Brussels Sprouts,Vegetables and Vegetable Products,36.0,7.1,0.0,40.6,0.083,36.0,0.102,0.0,2.6,0.0,0.06,1.2,20.0,0.227,0.607,0.252,56.0,317.0,2.55,0.08,0.0015,21.0,1.74,0.107,0.5,0.039,0.0,0.178,62.0,0.0,0.43,0.1403,88.9,0.33,Side Dish,Generic,True,"Brussels sprouts, cooked, boiled, drained, without salt",Generic
169973,Frozen Brussels Sprouts,Vegetables and Vegetable Products,26.0,8.32,0.0,18.1,0.034,42.0,0.081,0.0,4.1,0.0,0.101,0.48,18.0,0.206,0.537,0.342,56.0,290.0,3.64,0.113,0.0006,15.0,2.08,0.103,0.39,0.046,0.0,0.289,45.7,0.0,0.51,0.1935,86.74,0.24,Side Dish,Generic,True,"Brussels sprouts, frozen, cooked, boiled, drained, without salt",Generic
169975,Raw Cabbage,Vegetables and Vegetable Products,40.0,5.8,0.0,10.7,0.019,25.0,0.034,0.0,2.5,0.001,0.043,0.47,12.0,0.16,0.234,0.212,26.0,170.0,1.28,0.04,0.0003,18.0,3.2,0.061,0.1,0.005,0.0,0.124,36.6,0.0,0.15,0.076,92.18,0.18,Side Dish,Generic,True,"Cabbage, raw",Generic
169976,Boiled Cabbage,Vegetables and Vegetable Products,48.0,5.51,0.0,20.3,0.017,23.0,0.0,0.0,1.9,0.001,0.03,0.17,15.0,0.205,0.248,0.174,33.0,196.0,1.27,0.038,0.0006,8.0,2.79,0.061,0.06,0.004,0.0,0.112,37.5,0.0,0.14,0.1087,92.57,0.2,Side Dish,Generic,True,"Cabbage, cooked, boiled, drained, without salt",Generic
169977,Red Cabbage,Vegetables and Vegetable Products,45.0,7.37,0.0,17.1,0.017,31.0,0.021,0.0,2.1,0.0,0.018,0.8,16.0,0.243,0.418,0.147,30.0,243.0,1.43,0.069,0.0006,27.0,3.83,0.064,0.16,0.056,0.0,0.209,57.0,0.0,0.11,0.0382,90.39,0.22,Side Dish,Generic,True,"Cabbage, red, raw",Generic
169978,Boiled Red Cabbage,Vegetables and Vegetable Products,42.0,6.94,0.0,21.4,0.054,29.0,0.011,0.0,2.6,0.0,0.024,0.66,17.0,0.223,0.382,0.154,33.0,262.0,1.51,0.06,0.0023,28.0,3.32,0.071,0.09,0.002,0.0,0.225,34.4,0.0,0.12,0.0476,90.84,0.25,Side Dish,Generic,True,"Cabbage, red, cooked, boiled, drained, without salt",Generic
169979,Raw Chinese Cabbage,Vegetables and Vegetable Products,77.0,3.23,0.0,7.6,0.036,16.0,0.043,0.0,1.2,0.0,0.079,0.31,13.0,0.19,0.4,0.105,29.0,238.0,1.2,0.05,0.0006,9.0,1.41,0.04,0.2,0.016,0.0,0.232,27.0,0.0,0.12,0.0429,94.39,0.23,Side Dish,Generic,True,"Cabbage, chinese (pe-tsai), raw",Asian
169980,Cooked Chinese Cabbage,Vegetables and Vegetable Products,32.0,2.41,0.0,0.0,0.029,14.0,0.036,0.0,1.7,0.0,0.053,0.3,10.0,0.153,0.5,0.08,39.0,225.0,1.5,0.044,0.0004,9.0,0.0,0.044,0.17,0.048,0.0,0.177,15.8,0.0,0.0,0.0,95.24,0.18,Side Dish,Generic,True,"Cabbage, chinese (pe-tsai), cooked, boiled, drained, without salt",Asian
169982,Cooked Cardoon,Vegetables and Vegetable Products,72.0,5.33,0.0,0.0,0.0,22.0,0.012,0.0,1.7,0.0,0.022,0.73,43.0,0.133,0.294,0.097,23.0,392.0,0.76,0.031,0.001,176.0,0.0,0.018,0.11,0.006,0.0,0.042,1.7,0.0,0.0,0.0,93.46,0.18,Side Dish,Generic,True,"Cardoon, cooked, boiled, drained, without salt",Mediterranean
169984,Cooked Carrots,Vegetables and Vegetable Products,35.0,7.73,0.0,8.6,0.082,37.0,0.12,0.0,3.3,0.0,0.011,0.53,11.0,0.167,0.416,0.174,31.0,192.0,0.58,0.037,0.0006,59.0,4.08,0.03,0.68,0.846,0.0,0.084,2.3,0.0,1.01,0.0136,90.32,0.35,Side Dish,Generic,True,"Carrots, frozen, cooked, boiled, drained, without salt",Generic
169986,Raw Cauliflower,Vegetables and Vegetable Products,22.0,4.97,0.0,44.3,0.039,25.0,0.13,0.0,2.0,0.001,0.057,0.42,15.0,0.155,0.507,0.667,44.0,299.0,1.92,0.06,0.0006,30.0,1.91,0.05,0.28,0.0,0.0,0.184,48.2,0.0,0.08,0.0155,92.07,0.27,Side Dish,Generic,True,"Cauliflower, raw",Generic
169987,Boiled Celeriac,Vegetables and Vegetable Products,26.0,5.9,0.0,0.0,0.043,27.0,0.0,0.0,1.2,0.0,0.003,0.43,12.0,0.096,0.427,0.203,66.0,173.0,0.96,0.037,0.0004,61.0,0.0,0.027,0.19,0.0,0.0,0.101,3.6,0.0,0.0,0.0,92.3,0.2,Side Dish,Generic,True,"Celeriac, cooked, boiled, drained, without salt",Generic
169988,Raw Celery,Vegetables and Vegetable Products,40.0,2.97,0.0,6.1,0.035,14.0,0.042,0.0,1.6,0.004,0.036,0.2,11.0,0.103,0.32,0.246,24.0,260.0,0.69,0.057,0.0004,80.0,1.34,0.021,0.17,0.022,0.0,0.074,3.1,0.0,0.27,0.0293,95.43,0.13,Side Dish,Generic,True,"Celery, raw",Generic
169989,Cooked Celery,Vegetables and Vegetable Products,42.0,4.0,0.0,7.9,0.036,18.0,0.04,0.0,1.6,0.0,0.033,0.42,12.0,0.106,0.372,0.317,25.0,284.0,0.83,0.07,0.001,91.0,2.37,0.023,0.16,0.026,0.0,0.086,6.1,0.0,0.35,0.0378,94.11,0.14,Side Dish,Generic,True,"Celery, cooked, boiled, drained, without salt",Generic
169991,Raw Swiss Chard,Vegetables and Vegetable Products,51.0,3.74,0.0,18.0,0.179,19.0,0.03,0.0,1.6,0.0,0.014,1.8,81.0,0.366,0.4,0.172,46.0,379.0,1.8,0.09,0.0009,213.0,1.1,0.04,0.2,0.306,0.0,0.099,30.0,0.0,1.89,0.8300000000000001,92.66,0.36,Side Dish,Generic,True,"Chard, swiss, raw",Generic
169992,Raw Chicory Greens,Vegetables and Vegetable Products,100.0,4.7,0.0,12.8,0.295,23.0,0.073,0.0,4.0,0.0,0.11,0.9,30.0,0.429,0.5,1.159,47.0,420.0,1.7,0.1,0.0003,45.0,0.7,0.06,0.3,0.286,0.0,0.105,24.0,0.0,2.26,0.2976,92.0,0.42,Side Dish,Generic,True,"Chicory greens, raw",Generic
169999,Cooked Sweet Corn,Vegetables and Vegetable Products,3.0,20.98,0.0,29.1,0.049,96.0,0.197,0.0,2.4,0.0,0.023,0.45,26.0,0.167,1.683,0.792,77.0,218.0,3.41,0.057,0.0002,1.0,4.54,0.093,1.5,0.013,0.0,0.139,5.5,0.0,0.09,0.0004,73.41,0.62,Side Dish,Generic,True,"Corn, sweet, yellow, cooked, boiled, drained, without salt",Generic
170001,Cooked Onions,Vegetables and Vegetable Products,22.0,10.15,0.0,6.8,0.067,44.0,0.031,0.0,1.4,0.0,0.015,0.24,11.0,0.153,0.165,0.113,35.0,166.0,1.36,0.023,0.0006,3.0,4.73,0.042,0.19,0.0,0.0,0.129,5.2,0.0,0.02,0.0005,87.86,0.21,Side Dish,Generic,True,"Onions, cooked, boiled, drained, without salt",Generic
170004,Sautéed Yellow Onions,Vegetables and Vegetable Products,20.0,7.86,0.0,6.5,0.017,123.0,1.477,0.0,1.7,0.0,0.0,0.27,9.0,0.102,0.037,0.172,33.0,133.0,0.95,0.041,0.0,12.0,0.0,0.049,10.8,0.0,0.0,0.207,1.8,0.0,0.68,0.0216,80.01,0.21,Snack,Generic,True,"Onions, yellow, sauteed",Generic
170006,Young Green Onions,Vegetables and Vegetable Products,52.0,5.74,0.0,4.3,0.031,27.0,0.165,0.0,1.8,0.0,0.03,0.51,16.0,0.15,0.33,0.138,25.0,159.0,0.97,0.026,0.0005,15.0,3.91,0.03,0.47,0.2,0.0,0.088,13.4,0.0,0.21,0.1563,92.32,0.2,Side Dish,Generic,True,"Onions, young green, tops only",Generic
170009,Cooked Parsnips,Vegetables and Vegetable Products,37.0,17.01,0.0,27.0,0.138,71.0,0.05,0.0,3.6,0.0,0.058,0.58,29.0,0.294,0.724,0.588,69.0,367.0,1.32,0.051,0.0017,10.0,4.8,0.083,0.3,0.0,0.0,0.093,13.0,0.0,1.0,0.001,80.24,0.26,Side Dish,Generic,True,"Parsnips, cooked, boiled, drained, without salt",Generic
170011,Boiled Edible Pod Peas,Vegetables and Vegetable Products,42.0,7.05,0.0,17.4,0.077,42.0,0.044,0.0,2.8,0.0,0.029,1.97,26.0,0.168,0.539,0.673,55.0,240.0,3.27,0.076,0.0007,4.0,3.99,0.128,0.23,0.052,0.0,0.144,47.9,0.0,0.39,0.025,88.91,0.37,Side Dish,Generic,True,"Peas, edible-podded, boiled, drained, without salt",Generic
170014,Seasoned Canned Green Peas,Vegetables and Vegetable Products,15.0,9.25,0.0,0.0,0.099,50.0,0.048,0.0,2.0,0.0,0.029,1.2,15.0,0.268,0.69,0.089,54.0,122.0,3.09,0.071,0.0013,254.0,0.0,0.096,0.27,0.022,0.0,0.098,11.5,0.0,0.0,0.0,86.51,0.65,Side Dish,Generic,True,"Peas, green, canned, seasoned, solids and liquids",Generic
170015,Canned Green Peas,Vegetables and Vegetable Products,24.0,11.82,0.0,0.0,0.108,71.0,0.17,0.0,0.0,0.0,0.03,1.09,18.0,0.222,1.012,0.0,65.0,105.0,4.33,0.04,0.0,231.0,0.0,0.067,0.95,0.0,0.0,0.0,9.3,0.0,0.0,0.0,81.89,0.68,Side Dish,Generic,True,"Peas, green, canned, drained solids, rinsed in tap water",Generic
170017,Cooked Frozen Green Peas,Vegetables and Vegetable Products,24.0,14.26,0.0,27.5,0.105,78.0,0.049,0.0,4.5,0.0,0.059,1.52,22.0,0.279,1.48,0.142,77.0,110.0,5.15,0.1,0.001,72.0,4.4,0.283,0.27,0.105,0.0,0.113,9.9,0.0,0.03,0.024,79.52,0.67,Side Dish,Generic,True,"Peas, green, frozen, cooked, boiled, drained, without salt",Generic
170018,Cooked Frozen Peas and Carrots,Vegetables and Vegetable Products,23.0,10.12,0.0,18.1,0.076,48.0,0.077,0.0,3.1,0.0,0.026,0.94,16.0,0.202,1.154,0.163,49.0,158.0,3.09,0.064,0.0011,68.0,4.36,0.225,0.42,0.476,0.0,0.087,8.1,0.0,0.52,0.0188,85.8,0.45,Side Dish,Generic,True,"Peas and carrots, frozen, cooked, boiled, drained, without salt",Generic
170019,Canned Peas and Onions,Vegetables and Vegetable Products,17.0,8.57,0.0,0.0,0.1,51.0,0.068,0.0,2.3,0.0,0.027,0.87,16.0,0.255,1.28,0.159,51.0,96.0,3.28,0.07,0.0004,442.0,0.0,0.1,0.38,0.008,0.0,0.192,3.0,0.0,0.0,0.0,86.4,0.58,Side Dish,Generic,True,"Peas and onions, canned, solids and liquids",Generic
170021,Peas and Onions,Vegetables and Vegetable Products,14.0,8.63,0.0,15.9,0.063,45.0,0.036,0.0,2.2,0.0,0.02,0.94,13.0,0.166,1.044,0.09,34.0,117.0,2.54,0.069,0.0004,37.0,3.77,0.15,0.2,0.053,0.0,0.087,6.9,0.0,0.02,0.0121,88.18,0.29,Side Dish,Generic,True,"Peas and onions, frozen, cooked, boiled, drained, without salt",Generic
170023,Chopped Green Peppers,Vegetables and Vegetable Products,8.0,3.9,0.0,0.0,0.044,18.0,0.027,0.0,0.9,0.0,0.01,0.52,7.0,0.097,1.082,0.023,13.0,72.0,0.95,0.031,0.0002,4.0,0.0,0.051,0.18,0.015,0.0,0.108,41.2,0.0,0.0,0.0,94.7,0.05,Side Dish,Generic,True,"Peppers, sweet, green, frozen, chopped, boiled, drained, without salt",Generic
170024,Sautéed Green Peppers,Vegetables and Vegetable Products,8.0,4.22,0.0,4.8,0.017,116.0,1.59,0.0,1.8,0.0,0.0,0.3,8.0,0.062,0.582,0.111,15.0,134.0,0.78,0.048,0.0006,17.0,2.17,0.042,11.85,0.014,0.0,0.196,177.0,0.0,1.4,0.0213,82.65,0.06,Snack,Generic,True,"Peppers, sweet, green, sauteed",Generic
170030,Baked Russet Potatoes,Vegetables and Vegetable Products,18.0,21.44,0.0,15.0,0.107,95.0,0.032,0.0,2.3,0.0452,0.026,1.07,30.0,0.228,1.348,0.38,71.0,550.0,2.63,0.048,0.0005,14.0,1.08,0.067,0.13,0.001,0.0,0.354,8.3,0.0,0.07,0.002,74.45,0.35,Side Dish,Generic,True,"Potatoes, Russet, flesh and skin, baked",Generic
170033,Baked Potatoes,Vegetables and Vegetable Products,5.0,21.55,0.0,14.5,0.215,93.0,0.026,0.0,1.5,0.0,0.009,0.35,25.0,0.161,1.395,0.555,50.0,391.0,1.96,0.021,0.0003,5.0,1.7,0.105,0.1,0.0,0.0,0.301,12.8,0.0,0.04,0.0003,75.42,0.29,Side Dish,Generic,True,"Potatoes, baked, flesh, without salt",Generic
170034,Baked Potatoes,Vegetables and Vegetable Products,34.0,46.06,0.0,31.0,0.817,198.0,0.026,0.0,7.9,0.0,0.022,7.04,43.0,0.616,3.065,0.857,101.0,573.0,4.29,0.106,0.0007,21.0,1.4,0.122,0.1,0.001,0.0,0.614,13.5,0.0,0.04,0.0017,47.31,0.49,Side Dish,Generic,True,"Potatoes, baked, skin, without salt",Generic
170035,Microwaved Potatoes in Skin,Vegetables and Vegetable Products,46.0,29.63,0.0,0.0,0.882,132.0,0.026,0.0,5.5,0.0,0.017,5.94,37.0,0.98,2.22,0.594,82.0,650.0,4.39,0.075,0.0005,16.0,0.0,0.071,0.1,0.0,0.0,0.492,15.3,0.0,0.0,0.0,63.5,0.51,Side Dish,Generic,True,"Potatoes, microwaved, cooked in skin, skin, without salt",Generic
170036,Homemade Hash Browns,Vegetables and Vegetable Products,14.0,35.11,0.0,23.2,0.293,265.0,1.883,0.0,3.2,0.0,0.016,0.55,35.0,0.247,2.302,0.893,70.0,576.0,3.0,0.033,0.0005,342.0,1.49,0.172,12.52,0.0,0.0,0.472,13.0,0.0,0.01,0.0037,47.25,0.47,Side Dish,Generic,True,"Potatoes, hash brown, home-prepared",Generic
170037,Mashed Potatoes,Vegetables and Vegetable Products,21.0,16.94,1.0,13.5,0.155,113.0,0.745,0.517,1.5,0.039,0.009,0.26,19.0,0.113,1.174,0.476,48.0,326.0,1.96,0.042,0.0008,333.0,1.41,0.092,4.2,0.044,7.000000000000001e-05,0.247,10.5,0.0002,0.42,0.006,75.25,0.3,Side Dish,Generic,False,"Potatoes, mashed, home-prepared, whole milk and margarine added",Generic
170038,Homemade Scalloped Potatoes,Vegetables and Vegetable Products,57.0,10.78,12.0,0.0,0.163,88.0,2.255,0.0,1.9,0.0315,0.013,0.57,19.0,0.166,1.053,0.514,63.0,378.0,2.87,0.092,0.0016,335.0,0.0,0.069,3.68,0.0,0.0,0.178,10.6,0.0,0.0,0.0,80.94,0.4,Side Dish,Generic,True,"Potatoes, scalloped, home-prepared with butter",Generic
170044,Pan Fried Hash Brown Potatoes,Vegetables and Vegetable Products,17.0,28.51,0.0,23.2,0.115,219.0,0.934,0.036,3.2,0.0,0.016,0.54,28.0,0.184,2.314,0.574,79.0,496.0,2.65,0.033,0.0005,15.0,0.27,0.134,11.59,0.0,0.0,0.236,6.7,0.0,2.19,0.0181,55.95,0.38,Side Dish,Generic,True,"Potatoes, hash brown, frozen, plain, prepared, pan fried in canola oil",Generic
170046,Butter Sauce Hash Browns,Vegetables and Vegetable Products,33.0,24.13,23.0,0.0,0.102,178.0,3.373,0.0,3.8,0.0,0.013,0.99,15.0,0.244,1.421,0.367,38.0,327.0,2.46,0.031,0.0003,101.0,0.0,0.052,8.79,0.026,0.0,0.266,3.8,0.0,0.0,0.0,63.71,0.33,Side Dish,Generic,True,"Potatoes, hash brown, frozen, with butter sauce, prepared",Generic
170048,Frozen Potato Puffs,Vegetables and Vegetable Products,14.0,27.29,0.0,25.4,0.079,192.0,1.657,0.0,2.0,0.0063,0.023,0.58,17.0,0.127,1.449,0.32,84.0,287.0,2.13,0.037,0.0004,463.0,0.27,0.069,9.05,0.0,0.0,0.121,4.0,0.0,0.26,0.0037,59.65,0.3,Side Dish,Generic,True,"Potato puffs, frozen, oven-heated",Generic
170049,Cooked Whole Potatoes,Vegetables and Vegetable Products,7.0,14.52,0.0,0.0,0.078,65.0,0.034,0.0,1.4,0.0,0.008,0.84,11.0,0.185,1.326,0.28,26.0,287.0,1.98,0.025,0.0002,20.0,0.0,0.102,0.13,0.0,0.0,0.202,9.4,0.0,0.0,0.0,82.8,0.25,Side Dish,Generic,True,"Potatoes, frozen, whole, cooked, boiled, drained, without salt",Generic
170050,Cooked Red Tomatoes,Vegetables and Vegetable Products,11.0,4.01,0.0,6.9,0.075,18.0,0.015,0.0,0.7,0.0,0.013,0.68,9.0,0.105,0.532,0.129,28.0,218.0,0.95,0.022,0.0005,11.0,2.49,0.036,0.11,0.024,0.0,0.079,22.8,0.0,0.56,0.0028,94.34,0.14,Side Dish,Generic,True,"Tomatoes, red, ripe, cooked",Generic
170052,Stewed Red Tomatoes,Vegetables and Vegetable Products,34.0,6.19,0.0,10.4,0.112,26.0,0.026,0.0,1.0,0.0,0.005,1.33,12.0,0.059,0.714,0.114,20.0,207.0,0.91,0.035,0.0006,221.0,3.52,0.046,0.19,0.009,0.0,0.017,7.9,0.0,0.83,0.0024,91.54,0.17,Side Dish,Generic,True,"Tomatoes, red, ripe, canned, stewed",Generic
170053,Tomatoes with Green Chilies,Vegetables and Vegetable Products,20.0,3.62,0.0,0.0,0.09,15.0,0.011,0.0,0.0,0.0,0.009,0.26,11.0,0.132,0.64,0.148,14.0,107.0,0.69,0.019,0.0004,401.0,0.0,0.034,0.08,0.02,0.0,0.103,6.2,0.0,0.0,0.0,94.23,0.13,Side Dish,Generic,True,"Tomatoes, red, ripe, canned, with green chilies",Generic
170058,Boiled Turnips,Vegetables and Vegetable Products,33.0,5.06,0.0,8.7,0.002,22.0,0.008,0.0,2.0,0.0,0.009,0.18,9.0,0.071,0.299,0.142,26.0,177.0,0.71,0.023,0.0002,16.0,2.99,0.027,0.08,0.0,0.0,0.067,11.6,0.0,0.02,0.0001,93.6,0.12,Side Dish,Generic,True,"Turnips, cooked, boiled, drained, without salt",Generic
170060,Cooked Turnips,Vegetables and Vegetable Products,32.0,4.35,0.0,8.7,0.063,23.0,0.025,0.0,2.0,0.0,0.008,0.98,14.0,0.1,0.56,0.141,26.0,182.0,1.53,0.028,0.0006,36.0,2.35,0.035,0.24,0.0,0.0,0.067,3.9,0.0,0.02,0.0001,93.6,0.2,Side Dish,Generic,True,"Turnips, frozen, cooked, boiled, drained, without salt",Generic
170061,Raw Turnip Greens,Vegetables and Vegetable Products,190.0,7.13,0.0,0.0,0.35,32.0,0.07,0.0,3.2,0.0,0.194,1.1,31.0,0.466,0.6,0.38,42.0,296.0,1.5,0.1,0.0012,40.0,0.81,0.07,0.3,0.579,0.0,0.263,60.0,0.0,2.86,0.251,89.67,0.19,Side Dish,Generic,True,"Turnip greens, raw",Generic
170062,Turnip Greens,Vegetables and Vegetable Products,128.0,4.85,0.0,2.1,0.133,35.0,0.085,0.0,3.1,0.0,0.033,1.75,24.0,0.4,0.486,0.083,32.0,216.0,2.99,0.065,0.0011,19.0,1.07,0.05,0.38,0.431,0.0,0.067,18.2,0.0,2.13,0.4151,91.04,0.37,Side Dish,Generic,True,"Turnip greens and turnips, frozen, cooked, boiled, drained, without salt",Generic
170064,Mixed Canned Vegetables,Vegetables and Vegetable Products,21.0,7.13,0.0,0.0,0.104,36.0,0.051,0.0,3.8,0.037,0.018,0.65,15.0,0.427,0.482,0.114,37.0,138.0,1.42,0.04,0.0002,224.0,0.0,0.034,0.25,0.0,0.0,0.077,3.8,0.0,0.0,0.0,90.24,0.51,Side Dish,Generic,True,"Vegetables, mixed, canned, solids and liquids",Generic
170065,Mixed Vegetables,Vegetables and Vegetable Products,27.0,9.26,0.0,18.6,0.073,49.0,0.051,0.0,3.0,0.037,0.024,1.05,16.0,0.568,0.577,0.143,42.0,291.0,2.59,0.048,0.0003,214.0,2.41,0.046,0.25,0.583,0.0,0.079,5.0,0.0,0.29,0.0182,87.01,0.41,Side Dish,Generic,True,"Vegetables, mixed, canned, drained solids",Generic
170067,Canned Waterchestnuts,Vegetables and Vegetable Products,4.0,12.3,0.0,18.5,0.1,50.0,0.016,0.0,2.5,0.0,0.006,0.87,5.0,0.161,0.36,0.221,19.0,118.0,0.88,0.024,0.0007,8.0,2.46,0.011,0.06,0.0,0.0,0.159,1.3,0.0,0.5,0.0002,86.42,0.38,Side Dish,Generic,True,"Waterchestnuts, chinese, canned, solids and liquids",Generic
170068,Raw Watercress,Vegetables and Vegetable Products,120.0,1.29,0.0,9.0,0.077,11.0,0.027,0.0,0.5,0.0,0.009,0.2,21.0,0.244,0.2,0.31,60.0,330.0,2.3,0.12,0.0009,41.0,0.2,0.09,0.1,0.16,0.0,0.129,43.0,0.0,1.0,0.25,95.11,0.11,Side Dish,Generic,True,"Watercress, raw",Generic
170072,Boiled Yams,Vegetables and Vegetable Products,14.0,27.48,0.0,16.2,0.152,116.0,0.029,0.0,3.9,0.0,0.016,0.52,18.0,0.371,0.552,0.311,49.0,670.0,1.49,0.028,0.0007,8.0,0.49,0.095,0.14,0.006,0.0,0.228,12.1,0.0,0.34,0.0023,70.13,0.2,Side Dish,Generic,True,"Yam, cooked, boiled, drained, or baked, without salt",Generic
170074,Cooked Jicama,Vegetables and Vegetable Products,11.0,8.82,0.0,0.0,0.046,38.0,0.0,0.0,0.0,0.0,0.008,0.57,11.0,0.057,0.19,0.121,16.0,135.0,0.72,0.028,0.0007,4.0,0.0,0.017,0.09,0.001,0.0,0.04,14.1,0.0,0.0,0.0,90.07,0.15,Side Dish,Generic,True,"Yambean (jicama), cooked, boiled, drained, without salt",Generic
170077,Boiled Dock,Vegetables and Vegetable Products,38.0,2.93,0.0,0.0,0.114,20.0,0.0,0.0,2.6,0.0,0.008,2.08,89.0,0.303,0.411,0.036,52.0,321.0,1.83,0.086,0.0009,3.0,0.0,0.034,0.64,0.174,0.0,0.1,26.3,0.0,0.0,0.0,93.6,0.17,Side Dish,Generic,True,"Dock, cooked, boiled, drained, without salt",Generic
170079,Canned Mung Beans,Vegetables and Vegetable Products,14.0,2.14,0.0,7.8,0.157,12.0,0.016,0.0,0.8,0.0,0.01,0.43,9.0,0.073,0.22,0.143,32.0,27.0,1.4,0.07,0.0006,42.0,0.7,0.03,0.06,0.0,0.0,0.032,0.3,0.0,0.04,0.0134,96.1,0.28,Side Dish,Generic,True,"Beans, mung, mature seeds, sprouted, canned, drained solids",Asian
170081,White Icicle Radishes,Vegetables and Vegetable Products,27.0,2.63,0.0,0.0,0.099,14.0,0.03,0.0,1.4,0.0,0.014,0.8,9.0,0.033,0.3,0.184,28.0,280.0,1.1,0.02,0.0007,16.0,0.0,0.03,0.1,0.0,0.0,0.075,29.0,0.0,0.0,0.0,95.37,0.13,Side Dish,Generic,True,"Radishes, white icicle, raw",Generic
170083,Sweet Potato in Syrup,Vegetables and Vegetable Products,15.0,20.93,0.0,12.2,0.124,89.0,0.041,0.0,2.5,0.0,0.007,0.8,13.0,0.507,0.456,0.33,27.0,185.0,0.98,0.046,0.0007,29.0,15.4,0.024,0.2,0.377,0.0,0.051,10.5,0.0,0.94,0.0021,77.39,0.19,Side Dish,Generic,True,"Sweet potato, canned, syrup pack, solids and liquids",Generic
170084,Canned Sweet Potatoes,Vegetables and Vegetable Products,17.0,25.36,0.0,0.0,0.167,108.0,0.069,0.0,3.0,0.0,0.008,0.95,12.0,0.615,0.34,0.402,25.0,193.0,1.28,0.038,0.0008,39.0,5.74,0.025,0.32,0.458,0.0,0.062,10.8,0.0,1.15,0.0026,72.47,0.16,Side Dish,Generic,True,"Sweet potato, canned, syrup pack, drained solids",Generic
170087,Cooked Pinto Beans,Vegetables and Vegetable Products,15.0,4.1,0.0,0.0,0.107,22.0,0.039,0.0,0.0,0.0,0.029,0.66,18.0,0.123,0.725,0.235,30.0,98.0,1.86,0.059,0.0006,51.0,0.0,0.067,0.32,0.0,0.0,0.054,6.1,0.0,0.0,0.0,93.39,0.17,Main Course,Generic,True,"Beans, pinto, mature seeds, sprouted, cooked, boiled, drained, without salt",Generic
170088,Candied Sweet Potatoes,Vegetables and Vegetable Products,26.0,32.12,9.0,11.6,0.113,164.0,2.171,0.136,2.1,0.008,0.006,0.79,13.0,0.442,0.406,0.305,25.0,178.0,0.89,0.041,0.0008,119.0,27.25,0.021,3.54,0.349,1e-05,0.05,9.0,0.0001,0.9,0.0021,62.75,0.17,Side Dish,Generic,True,"Sweet potato, cooked, candied, home-prepared",Generic
170089,Stewed Tomatoes,Vegetables and Vegetable Products,26.0,13.05,0.0,0.0,0.095,79.0,0.521,0.0,1.7,0.0,0.011,1.06,15.0,0.193,1.11,0.256,38.0,247.0,1.96,0.08,0.0012,455.0,0.0,0.108,2.68,0.033,0.0,0.086,18.2,0.0,0.0,0.0,80.63,0.18,Side Dish,Generic,True,"Tomatoes, red, ripe, cooked, stewed",Generic
170092,Potato Pancakes,Vegetables and Vegetable Products,32.0,27.81,95.0,74.2,0.18,268.0,2.496,0.0,3.3,0.0004,0.045,1.67,36.0,0.26,1.672,0.757,128.0,622.0,6.08,0.173,0.0089,764.0,1.79,0.158,14.76,0.032,0.00029,0.448,27.6,0.0003,0.23,0.0027,47.77,0.7,Main Course,Generic,True,Potato pancakes,Western
170093,Baked Potatoes,Vegetables and Vegetable Products,15.0,21.15,0.0,14.8,0.118,93.0,0.034,0.0,2.2,0.0,0.028,1.08,28.0,0.219,1.41,0.376,70.0,535.0,2.5,0.048,0.0004,10.0,1.18,0.064,0.13,0.001,0.0,0.311,9.6,0.0,0.04,0.002,74.89,0.36,Side Dish,Generic,True,"Potatoes, baked, flesh and skin, without salt",Generic
170094,Microwaved Potatoes,Vegetables and Vegetable Products,11.0,24.24,0.0,0.0,0.334,105.0,0.026,0.0,2.3,0.0,0.012,1.24,27.0,0.292,1.714,0.454,105.0,447.0,2.44,0.032,0.0004,8.0,0.0,0.12,0.1,0.0,0.0,0.344,15.1,0.0,0.0,0.0,72.04,0.36,Side Dish,Generic,True,"Potatoes, microwaved, cooked in skin, flesh and skin, without salt",Generic
170095,Sprouted Radish Seeds,Vegetables and Vegetable Products,51.0,3.6,0.0,0.0,0.12,43.0,0.767,0.0,0.0,0.0,0.095,0.86,44.0,0.26,2.853,0.733,113.0,86.0,3.81,0.103,0.0006,6.0,0.0,0.102,2.53,0.02,0.0,0.285,28.9,0.0,0.0,0.0,90.07,0.56,Side Dish,Generic,True,"Radish seeds, sprouted, raw",Generic
170096,Yellow Tomatoes,Vegetables and Vegetable Products,11.0,2.98,0.0,0.0,0.101,15.0,0.036,0.0,0.7,0.0,0.03,0.49,12.0,0.12,1.179,0.11,36.0,258.0,0.98,0.047,0.0004,23.0,0.0,0.041,0.26,0.0,0.0,0.056,9.0,0.0,0.0,0.0,95.28,0.28,Side Dish,Generic,True,"Tomatoes, yellow, raw",Generic
170097,Cooked Shiitake Mushrooms,Vegetables and Vegetable Products,3.0,14.39,0.0,80.0,0.896,56.0,0.05,0.0,2.1,0.0,0.021,0.44,14.0,0.204,1.5,3.594,29.0,117.0,1.56,0.17,0.0248,240.0,3.84,0.037,0.22,0.0,0.0,0.159,0.3,0.0007,0.0,0.0,83.48,1.33,Side Dish,Generic,True,"Mushrooms, shiitake, cooked, with salt",Asian
170098,Boiled Okra,Vegetables and Vegetable Products,77.0,4.51,0.0,9.3,0.085,22.0,0.045,0.0,2.5,0.0,0.046,0.28,36.0,0.294,0.871,0.213,32.0,135.0,1.87,0.055,0.0004,241.0,2.4,0.132,0.21,0.014,0.0,0.187,16.3,0.0,0.27,0.04,92.57,0.43,Side Dish,Generic,True,"Okra, cooked, boiled, drained, with salt",Generic
170099,Cooked Okra,Vegetables and Vegetable Products,74.0,6.41,0.0,11.1,0.076,29.0,0.063,0.0,2.1,0.0,0.1,0.52,40.0,0.844,0.616,0.209,37.0,184.0,1.63,0.096,0.0006,239.0,2.87,0.073,0.24,0.015,0.0,0.037,9.6,0.0,0.32,0.0477999999999999,91.12,0.49,Side Dish,Generic,True,"Okra, frozen, cooked, boiled, drained, with salt",Generic
170100,Cooked Onions,Vegetables and Vegetable Products,22.0,9.56,0.0,6.8,0.067,42.0,0.031,0.0,1.4,0.0,0.015,0.24,11.0,0.153,0.165,0.113,35.0,166.0,1.36,0.023,0.0006,239.0,4.73,0.042,0.19,0.0,0.0,0.129,5.2,0.0,0.02,0.0005,87.86,0.21,Side Dish,Generic,True,"Onions, cooked, boiled, drained, with salt",Generic
170101,Chopped Frozen Onions,Vegetables and Vegetable Products,16.0,6.0,0.0,4.4,0.019,26.0,0.016,0.0,1.7,0.0,0.013,0.3,6.0,0.071,0.139,0.099,19.0,108.0,0.77,0.025,0.0004,248.0,2.9,0.023,0.1,0.0,0.0,0.069,2.6,0.0,0.01,0.0003,92.24,0.07,Side Dish,Generic,True,"Onions, frozen, chopped, cooked, boiled, drained, with salt",Generic
170102,Salted Green Peas,Vegetables and Vegetable Products,27.0,15.63,0.0,29.7,0.173,84.0,0.039,0.0,5.5,0.0,0.063,1.54,39.0,0.525,2.021,0.153,117.0,271.0,5.36,0.149,0.0019,239.0,5.93,0.259,0.22,0.04,0.0,0.216,14.2,0.0,0.14,0.0259,77.87,1.19,Side Dish,Generic,True,"Peas, green, cooked, boiled, drained, with salt",Generic
170103,Canned Green Peas,Vegetables and Vegetable Products,18.0,9.75,0.0,18.9,0.108,53.0,0.054,0.0,3.3,0.0,0.029,1.02,17.0,0.264,0.842,0.091,53.0,100.0,3.19,0.073,0.0013,9.0,3.2,0.111,0.3,0.072,0.0,0.065,9.8,0.0,0.02,0.0165,85.92,0.7,Side Dish,Generic,True,"Peas, green, canned, no salt added, solids and liquids",Generic
170104,Canned Green Peas,Vegetables and Vegetable Products,20.0,12.58,0.0,0.0,0.082,69.0,0.062,0.0,4.1,0.0,0.044,0.95,17.0,0.303,0.732,0.128,67.0,173.0,4.42,0.078,0.0017,2.0,4.16,0.121,0.35,0.027,0.0,0.064,9.6,0.0,0.03,0.0214,81.7,0.71,Side Dish,Generic,True,"Peas, green, canned, no salt added, drained solids",Generic
170105,Cooked Green Peas,Vegetables and Vegetable Products,24.0,14.26,0.0,27.5,0.105,78.0,0.049,0.0,4.5,0.0,0.059,1.52,22.0,0.279,1.48,0.142,77.0,110.0,5.15,0.1,0.001,323.0,4.4,0.283,0.27,0.105,0.0,0.113,9.9,0.0,0.03,0.024,79.52,0.67,Side Dish,Generic,True,"Peas, green, frozen, cooked, boiled, drained, with salt",Generic
170106,Raw Red Chili Peppers,Vegetables and Vegetable Products,14.0,8.81,0.0,10.9,0.129,40.0,0.042,0.0,1.5,0.0,0.023,1.03,23.0,0.187,1.244,0.201,43.0,322.0,1.87,0.086,0.0005,9.0,5.3,0.072,0.44,0.048,0.0,0.506,143.7,0.0,0.69,0.014,88.02,0.26,Side Dish,Generic,True,"Peppers, hot chili, red, raw",Generic
170108,Sweet Red Peppers,Vegetables and Vegetable Products,7.0,6.03,0.0,5.6,0.017,26.0,0.059,0.0,2.1,0.0,0.046,0.43,12.0,0.112,0.979,0.317,26.0,211.0,0.99,0.085,0.0001,4.0,4.2,0.054,0.3,0.157,0.0,0.291,127.7,0.0,1.58,0.0049,92.21,0.25,Side Dish,Generic,True,"Peppers, sweet, red, raw",Generic
170109,Cooked Green Peppers,Vegetables and Vegetable Products,9.0,6.11,0.0,7.4,0.065,26.0,0.029,0.0,1.2,0.0,0.016,0.46,10.0,0.115,0.477,0.079,18.0,166.0,0.92,0.03,0.0003,238.0,3.19,0.059,0.2,0.023,0.0,0.233,74.4,0.0,0.5,0.0098,91.87,0.12,Side Dish,Generic,True,"Peppers, sweet, green, cooked, boiled, drained, with salt",Generic
170110,Cooked Red Peppers,Vegetables and Vegetable Products,9.0,6.7,0.0,5.8,0.065,28.0,0.029,0.0,1.2,0.0,0.016,0.46,10.0,0.115,0.477,0.079,18.0,166.0,0.92,0.03,0.0003,2.0,4.39,0.059,0.2,0.147,0.0,0.233,171.0,0.0,1.65,0.0050999999999999,91.87,0.12,Side Dish,Generic,True,"Peppers, sweet, red, cooked, boiled, drained, without salt",Generic
170111,Baked Potatoes,Vegetables and Vegetable Products,15.0,21.15,0.0,0.0,0.118,93.0,0.034,0.0,2.2,0.0,0.028,1.08,28.0,0.219,1.41,0.376,70.0,535.0,2.5,0.048,0.0004,10.0,1.18,0.064,0.13,0.001,0.0,0.311,9.6,0.0,0.04,0.002,74.89,0.36,Side Dish,Generic,True,"Potatoes, baked, flesh and skin, with salt",Generic
170112,Baked Potatoes,Vegetables and Vegetable Products,5.0,21.55,0.0,14.5,0.215,93.0,0.026,0.0,1.5,0.0,0.009,0.35,25.0,0.161,1.395,0.555,50.0,391.0,1.96,0.021,0.0003,241.0,1.7,0.105,0.1,0.0,0.0,0.301,12.8,0.0,0.04,0.0003,75.42,0.29,Side Dish,Generic,True,"Potatoes, baked, flesh, with salt",Generic
170113,Baked Potatoes,Vegetables and Vegetable Products,34.0,46.06,0.0,31.0,0.817,198.0,0.026,0.0,7.9,0.0,0.022,7.04,43.0,0.616,3.065,0.857,101.0,573.0,4.29,0.106,0.0007,257.0,1.4,0.122,0.1,0.001,0.0,0.614,13.5,0.0,0.04,0.0017,47.31,0.49,Side Dish,Generic,True,"Potatoes, baked, skin only, with salt",Generic
170114,Boiled Potatoes,Vegetables and Vegetable Products,5.0,20.13,0.0,13.5,0.188,87.0,0.026,0.0,2.0,0.0494,0.01,0.31,22.0,0.138,1.439,0.52,44.0,379.0,1.87,0.02,0.0003,240.0,0.91,0.106,0.1,0.0,0.0,0.299,13.0,0.0,0.05,0.0022,76.98,0.3,Side Dish,Generic,True,"Potatoes, boiled, cooked in skin, flesh, with salt",Generic
170115,Microwaved Potatoes,Vegetables and Vegetable Products,46.0,29.63,0.0,0.0,0.882,132.0,0.026,0.0,5.5,0.0,0.017,5.94,37.0,0.98,2.22,0.594,82.0,650.0,4.39,0.075,0.0005,252.0,0.0,0.071,0.1,0.0,0.0,0.492,15.3,0.0,0.0,0.0,63.5,0.51,Side Dish,Generic,True,"Potatoes, microwaved, cooked, in skin, skin with salt",Generic
170116,Cooked Frozen Potatoes,Vegetables and Vegetable Products,7.0,13.93,0.0,0.0,0.078,63.0,0.034,0.0,1.4,0.0,0.008,0.84,11.0,0.185,1.326,0.28,26.0,287.0,1.98,0.025,0.0002,256.0,0.0,0.102,0.13,0.0,0.0,0.202,9.4,0.0,0.0,0.0,82.8,0.25,Side Dish,Generic,True,"Potatoes, frozen, whole, cooked, boiled, drained, with salt",Generic
170117,Cottage-Cut French Fries,Vegetables and Vegetable Products,10.0,34.03,0.0,0.0,0.2,218.0,3.894,0.0,3.2,0.0256,0.017,1.49,22.0,0.304,2.413,0.69,65.0,480.0,3.44,0.031,0.0004,281.0,0.0,0.119,8.2,0.0,0.0,0.243,9.5,0.0,0.0,0.0,52.9,0.41,Side Dish,Generic,True,"Potatoes, frozen, french fried, par fried, cottage-cut, prepared, heated in oven, with salt",Western
170118,French Fries,Vegetables and Vegetable Products,12.0,28.71,0.0,0.0,0.135,168.0,1.029,0.0,2.6,0.0,0.0,0.74,26.0,0.21,2.218,0.522,97.0,451.0,2.66,0.031,0.0002,32.0,0.28,0.128,5.22,0.0,0.0,0.184,13.3,0.0,0.11,0.0025,61.51,0.38,Side Dish,Generic,True,"Potatoes, french fried, all types, salt not added in processing, frozen, oven-heated",Generic
170119,Cooked Pumpkin Flowers,Vegetables and Vegetable Products,37.0,3.18,0.0,13.4,0.1,15.0,0.041,0.0,0.9,0.0,0.041,0.88,25.0,0.0,0.31,0.0,34.0,106.0,1.09,0.032,0.0009,242.0,2.4,0.018,0.08,0.087,0.0,0.05,5.0,0.0,0.04,0.0,95.2,0.1,Side Dish,Generic,True,"Pumpkin, flowers, cooked, boiled, drained, with salt",Generic
170120,Boiled Pumpkin Leaves,Vegetables and Vegetable Products,43.0,3.39,0.0,0.0,0.133,21.0,0.114,0.0,2.7,0.0,0.025,3.2,38.0,0.355,0.85,0.042,79.0,438.0,2.72,0.136,0.0009,244.0,0.69,0.068,0.22,0.08,0.0,0.196,1.0,0.0,0.96,0.108,92.51,0.2,Side Dish,Generic,True,"Pumpkin leaves, cooked, boiled, drained, with salt",Generic
170121,Salted boiled purslane,Vegetables and Vegetable Products,78.0,3.55,0.0,0.0,0.114,18.0,0.0,0.0,0.0,0.0,0.009,0.77,67.0,0.307,0.46,0.036,37.0,488.0,1.49,0.09,0.0009,280.0,0.0,0.031,0.19,0.093,0.0,0.07,10.5,0.0,0.0,0.0,93.52,0.17,Side Dish,Generic,True,"Purslane, cooked, boiled, drained, with salt",Generic
170122,Cooked Oriental Radishes,Vegetables and Vegetable Products,17.0,3.43,0.0,6.8,0.101,17.0,0.073,0.0,1.6,0.0,0.017,0.15,9.0,0.033,0.15,0.114,24.0,285.0,0.67,0.023,0.0007,249.0,1.83,0.0,0.24,0.0,0.0,0.038,15.1,0.0,0.0,0.0003,95.04,0.13,Side Dish,Generic,True,"Radishes, oriental, cooked, boiled, drained, with salt",Generic
170123,Canned Spinach,Vegetables and Vegetable Products,83.0,2.92,0.0,15.2,0.116,19.0,0.06,0.0,2.2,0.0,0.058,1.58,56.0,0.493,0.271,0.038,32.0,230.0,2.11,0.106,0.0012,75.0,0.33,0.018,0.37,0.404,0.0,0.08,13.5,0.0,1.6,0.3808,93.22,0.42,Side Dish,Generic,True,"Spinach, canned, no salt added, solids and liquids",Generic
170124,Cooked Frozen Spinach,Vegetables and Vegetable Products,153.0,4.8,0.0,24.8,0.161,34.0,0.036,0.0,3.7,0.0,0.121,1.96,82.0,0.717,0.439,0.075,50.0,302.0,4.01,0.176,0.0055,322.0,0.51,0.078,0.87,0.603,0.0,0.136,2.2,0.0,3.54,0.5407000000000001,88.94,0.49,Side Dish,Generic,True,"Spinach, frozen, chopped or leaf, cooked, boiled, drained, with salt",Generic
170125,Boiled Summer Squash,Vegetables and Vegetable Products,27.0,4.31,0.0,7.9,0.103,20.0,0.064,0.0,1.4,0.0,0.02,0.36,24.0,0.213,0.513,0.137,39.0,192.0,0.91,0.041,0.0002,237.0,2.59,0.044,0.31,0.011,0.0,0.065,5.5,0.0,0.14,0.0035,93.7,0.39,Side Dish,Generic,True,"Squash, summer, all varieties, cooked, boiled, drained, with salt",Generic
170126,Cooked Summer Squash,Vegetables and Vegetable Products,22.0,3.79,0.0,7.9,0.065,19.0,0.064,0.0,1.1,0.0,0.023,0.37,16.0,0.157,0.507,0.323,29.0,177.0,1.04,0.025,0.0002,237.0,2.48,0.043,0.39,0.056,0.0,0.078,11.6,0.0,0.12,0.0044,94.25,0.22,Side Dish,Generic,True,"Squash, summer, crookneck and straightneck, cooked, boiled, drained, with salt",Generic
170127,Baked Winter Squash with Salt,Vegetables and Vegetable Products,22.0,8.85,0.0,10.6,0.082,37.0,0.072,0.0,2.8,0.0,0.02,0.44,13.0,0.187,0.495,0.234,19.0,241.0,0.89,0.067,0.0004,237.0,3.3,0.016,0.35,0.261,0.0,0.161,1.8,0.0,0.12,0.0044,89.21,0.22,Side Dish,Generic,True,"Squash, winter, all varieties, cooked, baked, with salt",Generic
170128,Baked Acorn Squash,Vegetables and Vegetable Products,44.0,14.58,0.0,0.0,0.086,56.0,0.029,0.0,4.4,0.0,0.019,0.93,43.0,0.242,0.881,0.504,45.0,437.0,1.12,0.013,0.0007,240.0,0.0,0.167,0.14,0.021,0.0,0.194,10.8,0.0,0.0,0.0,82.9,0.17,Side Dish,Generic,True,"Squash, winter, acorn, cooked, baked, with salt",Generic
170129,Mashed Acorn Squash,Vegetables and Vegetable Products,26.0,8.79,0.0,0.0,0.052,34.0,0.017,0.0,2.6,0.0,0.011,0.56,26.0,0.146,0.531,0.303,27.0,263.0,0.67,0.008,0.0004,239.0,0.0,0.1,0.08,0.013,0.0,0.117,6.5,0.0,0.0,0.0,89.7,0.11,Side Dish,Generic,True,"Squash, winter, acorn, cooked, boiled, mashed, with salt",Generic
170130,Baked Butternut Squash,Vegetables and Vegetable Products,41.0,10.49,0.0,0.0,0.065,40.0,0.019,0.0,3.2,0.0,0.019,0.6,29.0,0.172,0.969,0.359,27.0,284.0,0.9,0.017,0.0005,240.0,1.97,0.072,0.09,0.558,0.0,0.124,15.1,0.0,1.29,0.001,87.8,0.13,Side Dish,Generic,True,"Squash, winter, butternut, cooked, baked, with salt",Generic
170131,Frozen Succotash,Vegetables and Vegetable Products,15.0,19.95,0.0,29.1,0.06,93.0,0.166,0.0,4.1,0.0,0.033,0.89,23.0,0.28,1.306,0.232,70.0,265.0,4.31,0.068,0.0006,281.0,2.21,0.074,0.89,0.01,0.0,0.095,5.9,0.0,0.18,0.0027,74.1,0.45,Side Dish,Generic,True,"Succotash, (corn and limas), frozen, cooked, boiled, drained, with salt",Generic
170132,Cooked Water Convolvulus,Vegetables and Vegetable Products,54.0,3.7,0.0,0.0,0.021,20.0,0.0,0.0,1.9,0.0,0.035,1.32,30.0,0.143,0.5,0.126,42.0,284.0,2.08,0.08,0.0009,358.0,0.0,0.05,0.24,0.26,0.0,0.081,16.0,0.0,0.0,0.0,92.93,0.16,Side Dish,Generic,True,"Water convolvulus, cooked, boiled, drained, with salt",Asian
170133,Steamed Sweet Potato Leaves,Vegetables and Vegetable Products,33.0,7.38,0.0,21.0,0.033,35.0,0.065,0.0,1.9,0.0,0.049,0.63,48.0,0.229,1.003,0.2,40.0,312.0,2.18,0.267,0.0009,249.0,5.48,0.112,0.34,0.147,0.0,0.16,1.5,0.0,0.96,0.1086,89.2,0.26,Side Dish,Generic,True,"Sweet potato leaves, cooked, steamed, with salt",Generic
170134,Baked Sweet Potato,Vegetables and Vegetable Products,38.0,20.71,0.0,13.1,0.161,90.0,0.052,0.0,3.3,0.0,0.006,0.69,27.0,0.497,1.487,0.884,54.0,475.0,2.01,0.106,0.0002,246.0,6.48,0.107,0.15,0.0,0.0,0.286,19.6,0.0,0.71,0.0023,75.78,0.32,Side Dish,Generic,True,"Sweet potato, cooked, baked in skin, flesh, with salt",Generic
170135,Cooked Taro Shoots,Vegetables and Vegetable Products,14.0,3.19,0.0,0.0,0.094,14.0,0.016,0.0,0.0,0.0,0.003,0.41,8.0,0.13,0.81,0.076,26.0,344.0,0.73,0.053,0.001,238.0,0.0,0.038,0.08,0.003,0.0,0.112,18.9,0.0,0.0,0.0,95.3,0.54,Side Dish,Generic,True,"Taro, shoots, cooked, with salt",Asian
170136,Salted Taro,Vegetables and Vegetable Products,149.0,6.85,0.0,0.0,0.076,44.0,0.139,0.0,0.0,0.0,0.007,1.56,51.0,0.168,0.48,0.126,67.0,623.0,4.16,0.198,0.0008,290.0,0.0,0.044,0.68,0.088,0.0,0.117,38.0,0.0,0.0,0.0,86.46,0.1,Side Dish,Generic,True,"Taro, tahitian, cooked, with salt",Generic
170137,Cooked Red Tomatoes with Salt,Vegetables and Vegetable Products,11.0,4.01,0.0,0.0,0.075,18.0,0.015,0.0,0.7,0.0,0.013,0.68,9.0,0.105,0.532,0.129,28.0,218.0,0.95,0.022,0.0,247.0,2.49,0.036,0.11,0.024,0.0,0.079,22.8,0.0,0.56,0.0028,94.34,0.14,Side Dish,Generic,True,"Tomatoes, red, ripe, cooked, with salt",Generic
170139,Turnip Greens,Vegetables and Vegetable Products,137.0,4.36,0.0,0.0,0.253,20.0,0.053,0.0,3.5,0.0,0.118,0.8,22.0,0.337,0.411,0.274,29.0,203.0,1.14,0.072,0.0009,265.0,0.53,0.045,0.23,0.381,0.0,0.18,27.4,0.0,1.88,0.3676,93.2,0.14,Side Dish,Generic,True,"Turnip greens, cooked, boiled, drained, with salt",Generic
170140,Turnip Greens,Vegetables and Vegetable Products,152.0,4.98,0.0,0.5,0.15,29.0,0.099,0.0,3.4,0.0,0.039,1.94,26.0,0.475,0.468,0.069,34.0,224.0,3.35,0.074,0.0012,251.0,0.75,0.054,0.42,0.538,0.0,0.067,21.8,0.0,2.66,0.5189,90.4,0.41,Side Dish,Generic,True,"Turnip greens, frozen, cooked, boiled, drained, with salt",Generic
170141,Cooked Turnip Greens,Vegetables and Vegetable Products,128.0,4.74,0.0,2.1,0.133,34.0,0.085,0.0,3.1,0.0,0.033,1.75,24.0,0.4,0.486,0.083,32.0,216.0,2.99,0.065,0.0011,255.0,0.95,0.05,0.38,0.431,0.0,0.067,18.2,0.0,2.13,0.4151,91.04,0.37,Side Dish,Generic,True,"Turnip greens and turnips, frozen, cooked, boiled, drained, with salt",Generic
170142,Mixed Vegetables,Vegetables and Vegetable Products,25.0,13.09,0.0,24.1,0.083,60.0,0.031,0.0,4.4,0.0,0.019,0.82,22.0,0.379,0.851,0.151,51.0,169.0,2.86,0.12,0.0003,271.0,3.12,0.071,0.15,0.214,0.0,0.074,3.2,0.0,0.38,0.0235,83.23,0.49,Side Dish,Generic,True,"Vegetables, mixed, frozen, cooked, boiled, drained, with salt",Generic
170143,Raw Portabella Mushrooms,Vegetables and Vegetable Products,3.0,3.87,0.0,21.2,0.286,22.0,0.06,0.004,1.3,0.0,0.028,0.31,10.0,0.069,4.494,1.14,108.0,364.0,2.11,0.13,0.0186,9.0,2.5,0.059,0.35,0.0,5e-05,0.148,0.0,0.0283999999999999,0.02,0.0,92.82,0.53,Side Dish,Generic,True,"Mushrooms, portabella, exposed to ultraviolet light, raw",Generic
170148,Hulled Hemp Seeds,Nut and Seed Products,70.0,8.67,0.0,0.0,1.6,553.0,4.6,0.0,4.0,0.0,0.11,7.95,700.0,7.6,9.2,0.0,1650.0,1200.0,31.56,0.285,0.0,5.0,1.5,1.275,48.75,0.001,0.0,0.6,0.5,0.0,0.8,0.0,4.96,9.9,Snack,Generic,True,"Seeds, hemp seed, hulled",Generic
170149,Dried Lotus Seeds,Nut and Seed Products,163.0,64.47,0.0,0.0,0.35,332.0,0.33,0.0,0.0,0.0,0.104,3.53,210.0,2.318,1.6,0.851,626.0,1368.0,15.41,0.15,0.0,5.0,0.0,0.64,1.97,0.003,0.0,0.629,0.0,0.0,0.0,0.0,14.16,1.05,Snack,Generic,True,"Seeds, lotus seeds, dried",Asian
170150,Sesame Seeds,Nut and Seed Products,975.0,23.45,0.0,25.6,4.082,573.0,6.957,0.0,11.8,0.0,0.097,14.55,351.0,2.46,4.515,0.05,629.0,468.0,17.73,0.247,0.0344,11.0,0.3,0.791,49.67,0.0,0.0,0.79,0.0,0.0,0.25,0.0,4.69,7.75,Snack,Generic,True,"Seeds, sesame seeds, whole, dried",Generic
170151,Roasted Sesame Seeds,Nut and Seed Products,989.0,25.74,0.0,0.0,2.47,565.0,6.722,0.0,14.0,0.0,0.098,14.76,356.0,2.496,4.581,0.051,638.0,475.0,16.96,0.251,0.0344,11.0,0.0,0.803,48.0,0.0,0.0,0.802,0.0,0.0,0.0,0.0,3.3,7.16,Snack,Generic,True,"Seeds, sesame seeds, whole, roasted and toasted",Generic
170152,Toasted Sesame Seeds,Nut and Seed Products,131.0,26.04,0.0,25.6,1.457,567.0,6.722,0.0,16.9,0.0,0.096,7.78,346.0,1.427,5.438,0.68,774.0,406.0,16.96,0.466,0.0344,39.0,0.48,1.205,48.0,0.003,0.0,0.146,0.0,0.0,0.25,0.0,5.0,10.23,Snack,Generic,True,"Seeds, sesame seed kernels, toasted, without salt added (decorticated)",Generic
170154,Toasted Sunflower Seeds,Nut and Seed Products,57.0,20.59,0.0,0.0,1.834,619.0,5.953,0.0,11.5,0.0,0.238,6.81,129.0,2.114,4.198,7.056,1158.0,491.0,17.21,0.285,0.0,3.0,0.0,0.325,56.8,0.0,0.0,0.805,1.4,0.0,0.0,0.0,1.0,5.3,Snack,Generic,True,"Seeds, sunflower seed kernels, toasted, without salt",Generic
170155,Sunflower Seed Butter,Nut and Seed Products,64.0,23.32,0.0,0.0,1.597,617.0,4.678,0.027,5.7,0.0,0.237,4.12,311.0,2.073,6.747,1.167,666.0,576.0,17.28,0.163,0.1044,3.0,10.54,0.053,55.2,0.0,0.0,0.55,2.7,0.0,22.89,0.0,0.62,4.89,Snack,Generic,True,"Seeds, sunflower seed butter, without salt",Generic
170158,Dry Roasted Almonds,Nut and Seed Products,268.0,21.01,0.0,52.1,1.099,598.0,4.092,0.007,10.9,0.0,0.055,3.73,279.0,2.232,3.637,0.321,471.0,713.0,20.96,1.197,0.002,3.0,4.86,0.077,52.54,0.0,0.0,0.136,0.0,0.0,23.9,0.0,2.41,3.31,Snack,Generic,True,"Nuts, almonds, dry roasted, without salt added",Generic
170159,Oil Roasted Almonds,Nut and Seed Products,291.0,17.68,0.0,52.1,0.955,607.0,4.208,0.0,10.5,0.0,0.027,3.68,274.0,2.46,3.665,0.229,466.0,699.0,21.23,0.781,0.0040999999999999,1.0,4.55,0.092,55.17,0.0,0.0,0.118,0.0,0.0,25.97,0.0,2.8,3.07,Snack,Generic,True,"Nuts, almonds, oil roasted, without salt added",Generic
170160,Almond Paste,Nut and Seed Products,172.0,47.81,0.0,28.5,0.454,458.0,2.629,0.0,4.8,0.0,0.073,1.6,130.0,0.856,1.422,0.113,258.0,314.0,9.0,0.414,0.0042,9.0,36.25,0.082,27.74,0.0,0.0,0.036,0.1,0.0,13.54,0.0,14.08,1.48,Snack,Generic,True,"Nuts, almond paste",Generic
170162,Raw Cashews,Nut and Seed Products,37.0,30.19,0.0,0.0,2.195,553.0,7.783,0.0,3.3,0.0,0.025,6.68,292.0,1.655,1.062,0.864,593.0,660.0,18.22,0.058,0.0198999999999999,12.0,5.91,0.423,43.85,0.0,0.0,0.417,0.5,0.0,0.9,0.0341,5.2,5.78,Snack,Generic,True,"Nuts, cashew nuts, raw",Generic
170163,Plain Cashew Butter,Nut and Seed Products,43.0,27.57,0.0,0.0,2.19,587.0,9.763,0.0,2.0,0.0,0.068,5.03,258.0,0.815,1.599,1.201,457.0,546.0,17.56,0.187,0.0115,15.0,0.0,0.312,49.41,0.0,0.0,0.252,0.0,0.0,0.0,0.0,2.96,5.16,Snack,Generic,True,"Nuts, cashew butter, plain, without salt added",Generic
170165,Dried Chinese Chestnuts,Nut and Seed Products,29.0,79.76,0.0,0.0,0.59,363.0,0.266,0.0,0.0,0.0,0.11,2.29,137.0,2.601,1.3,0.902,155.0,726.0,6.82,0.293,0.0,5.0,0.0,0.26,1.81,0.016,0.0,0.666,58.5,0.0,0.0,0.0,8.9,1.41,Snack,Generic,True,"Nuts, chestnuts, chinese, dried",Asian
170166,Boiled Chinese Chestnuts,Nut and Seed Products,12.0,33.64,0.0,0.0,0.249,153.0,0.112,0.0,0.0,0.0,0.046,0.97,58.0,1.097,0.548,0.381,66.0,306.0,2.88,0.123,0.0,2.0,0.0,0.11,0.76,0.007,0.0,0.281,24.7,0.0,0.0,0.0,61.57,0.6,Snack,Generic,True,"Nuts, chestnuts, chinese, boiled and steamed",Asian
170167,Dried European Chestnuts,Nut and Seed Products,64.0,78.43,0.0,0.0,0.653,369.0,0.736,0.0,0.0,0.0,0.11,2.39,74.0,1.183,0.854,0.901,137.0,991.0,5.01,0.054,0.0,37.0,0.0,0.354,3.91,0.0,0.0,0.666,15.1,0.0,0.0,0.0,9.0,0.35,Snack,Generic,True,"Nuts, chestnuts, european, dried, peeled",Generic
170168,Boiled European Chestnuts,Nut and Seed Products,46.0,27.76,0.0,0.0,0.472,131.0,0.26,0.0,0.0,0.0,0.038,1.73,54.0,0.854,0.731,0.316,99.0,715.0,2.0,0.104,0.0,27.0,0.0,0.148,1.38,0.001,0.0,0.233,26.7,0.0,0.0,0.0,68.15,0.25,Snack,Generic,True,"Nuts, chestnuts, european, boiled and steamed",Generic
170169,Raw Coconut Meat,Nut and Seed Products,14.0,15.23,0.0,12.1,0.435,354.0,29.698,0.0,9.0,0.0,0.026,2.43,32.0,1.5,0.54,0.3,113.0,356.0,3.33,0.02,0.0101,20.0,6.23,0.066,33.49,0.0,0.0,0.054,3.3,0.0,0.24,0.0002,46.99,1.1,Snack,Generic,True,"Nuts, coconut meat, raw",Generic
170170,Unsweetened Dried Coconut,Nut and Seed Products,26.0,23.65,0.0,22.1,0.796,660.0,57.218,0.0,16.3,0.0,0.009,3.32,90.0,2.745,0.603,0.8,206.0,543.0,6.88,0.1,0.0185,37.0,7.35,0.06,64.53,0.0,0.0,0.3,1.5,0.0,0.44,0.0003,3.0,2.01,Snack,Generic,True,"Nuts, coconut meat, dried (desiccated), not sweetened",Generic
170172,Raw Coconut Milk,Nut and Seed Products,16.0,5.54,0.0,8.5,0.266,230.0,21.14,0.0,2.2,0.0,0.016,1.64,37.0,0.916,0.76,0.183,100.0,263.0,2.29,0.0,0.0062,15.0,3.34,0.026,23.84,0.0,0.0,0.033,2.8,0.0,0.15,0.0001,67.62,0.67,Drink,Generic,True,"Nuts, coconut milk, raw (liquid expressed from grated meat and water)",Generic
170173,Coconut Milk,Nut and Seed Products,18.0,2.81,0.0,8.5,0.223,197.0,18.915,0.0,0.0,0.0,0.014,3.3,46.0,0.768,0.637,0.153,96.0,220.0,2.02,0.0,0.0,13.0,0.0,0.022,21.33,0.0,0.0,0.028,1.0,0.0,0.0,0.0,72.88,0.56,Drink,Generic,True,"Nuts, coconut milk, canned (liquid expressed from grated meat and water)",Generic
170178,Raw Macadamia Nuts,Nut and Seed Products,85.0,13.82,0.0,0.0,0.756,718.0,12.061,0.0,8.6,0.0,0.011,3.69,130.0,4.131,2.473,0.758,188.0,368.0,7.91,0.162,0.0036,5.0,4.57,1.195,75.77,0.0,0.0,0.275,1.2,0.0,0.54,0.0,1.36,1.3,Snack,Generic,True,"Nuts, macadamia nuts, raw",Generic
170179,Dry Roasted Macadamia Nuts,Nut and Seed Products,70.0,13.38,0.0,44.6,0.57,718.0,11.947,0.0,8.0,0.0,0.01,2.65,118.0,3.036,2.274,0.603,198.0,363.0,7.79,0.087,0.0117,4.0,4.14,0.71,76.08,0.0,0.0,0.359,0.7,0.0,0.57,0.0,1.61,1.29,Snack,Generic,True,"Nuts, macadamia nuts, dry roasted, without salt added",Generic
170180,Salted Wheat Nuts,Nut and Seed Products,26.0,23.68,0.0,0.0,0.18,622.0,8.701,0.0,5.2,0.0,0.142,2.4,58.0,7.919,1.5,0.31,371.0,318.0,13.82,0.3,0.0,505.0,0.0,0.3,57.7,0.0,0.0,0.394,0.1,0.0,0.0,0.0,2.5,2.94,Snack,Generic,True,"Nuts, formulated, wheat-based, unflavored, with salt added",Generic
170182,Pecans,Nut and Seed Products,70.0,13.86,0.0,40.5,1.2,691.0,6.18,0.0,9.6,0.01,0.022,2.53,121.0,4.5,1.167,0.863,277.0,410.0,9.17,0.13,0.0038,0.0,3.97,0.66,71.97,0.003,0.0,0.21,1.1,0.0,1.4,0.0035,3.52,4.53,Snack,Generic,True,"Nuts, pecans",Generic
170183,Dry Roasted Pecans,Nut and Seed Products,72.0,13.55,0.0,0.0,1.167,710.0,6.283,0.0,9.4,0.0,0.016,2.8,132.0,3.933,1.167,0.703,293.0,424.0,9.5,0.107,0.004,1.0,4.06,0.45,74.27,0.007,0.0,0.187,0.7,0.0,1.3,0.0,1.12,5.07,Snack,Generic,True,"Nuts, pecans, dry roasted, without salt added",Generic
170184,Raw Pistachios,Nut and Seed Products,105.0,27.17,0.0,0.0,1.3,560.0,5.907,0.0,10.6,0.0034,0.051,3.92,121.0,1.2,1.3,0.52,490.0,1025.0,20.16,0.16,0.007,1.0,7.66,0.87,45.32,0.026,0.0,1.7,5.6,0.0,2.86,0.0,4.37,2.2,Snack,Generic,True,"Nuts, pistachio nuts, raw",Generic
170185,Dry Roasted Pistachios,Nut and Seed Products,107.0,28.28,0.0,71.4,1.293,572.0,5.645,0.0,10.3,0.0,0.051,4.03,109.0,1.243,1.373,0.513,469.0,1007.0,21.05,0.234,0.01,6.0,7.74,0.695,45.82,0.013,0.0,1.122,3.0,0.0,2.17,0.0132,1.85,2.34,Snack,Generic,True,"Nuts, pistachio nuts, dry roasted, without salt added",Generic
170186,Dried Black Walnuts,Nut and Seed Products,61.0,9.58,0.0,32.1,1.36,619.0,3.483,0.0,6.8,0.0,0.031,3.12,201.0,3.896,0.47,1.66,513.0,523.0,24.06,0.13,0.017,2.0,1.1,0.057,59.33,0.002,0.0,0.583,1.7,0.0,2.08,0.0027,4.56,3.37,Snack,Generic,True,"Nuts, walnuts, black, dried",Generic
170187,English Walnuts,Nut and Seed Products,98.0,13.71,0.0,39.2,1.586,654.0,6.126,0.0,6.7,0.0,0.098,2.91,158.0,3.414,1.125,0.57,346.0,441.0,15.23,0.15,0.0049,2.0,2.61,0.341,65.21,0.001,0.0,0.537,1.3,0.0,0.7,0.0027,4.07,3.09,Snack,Generic,True,"Nuts, walnuts, english",Generic
170188,Roasted Pumpkin Seeds,Nut and Seed Products,55.0,53.75,0.0,0.0,0.69,446.0,3.67,0.0,18.4,0.0,0.009,3.31,262.0,0.496,0.286,0.056,92.0,919.0,18.55,0.052,0.0,18.0,0.0,0.034,19.4,0.003,0.0,0.037,0.3,0.0,0.0,0.0,4.5,10.3,Snack,Generic,True,"Seeds, pumpkin and squash seeds, whole, roasted, without salt",Generic
170189,Tahini,Nut and Seed Products,426.0,21.19,0.0,25.8,1.61,595.0,7.529,0.0,9.3,0.0,0.098,8.95,95.0,1.456,5.45,0.693,732.0,414.0,17.0,0.473,0.0344,115.0,0.49,1.22,53.76,0.003,0.0,0.149,0.0,0.0,0.25,0.0,3.05,4.62,Snack,Generic,True,"Seeds, sesame butter, tahini, from roasted and toasted kernels (most common type)",Mediterranean
170190,Roasted European Chestnuts,Nut and Seed Products,29.0,52.96,0.0,1.5,0.507,245.0,0.414,0.0,5.1,0.0,0.07,0.91,33.0,1.18,1.342,0.554,107.0,592.0,3.17,0.175,0.0012,2.0,10.6,0.243,2.2,0.001,0.0,0.497,26.0,0.0,0.5,0.0078,40.48,0.57,Snack,Generic,True,"Nuts, chestnuts, european, roasted",Generic
170191,Sesame Butter,Nut and Seed Products,960.0,24.05,0.0,0.0,4.214,586.0,7.124,0.0,5.5,0.0,0.1,19.2,362.0,2.54,6.7,0.052,659.0,582.0,18.08,0.2,0.0355,12.0,0.0,0.24,50.87,0.003,0.0,0.816,0.0,0.0,0.0,0.0,1.6,7.29,Snack,Generic,True,"Seeds, sesame butter, paste",Generic
170201,Grilled Chuck Steak,Beef Products,12.0,0.28,89.0,90.5,0.111,228.0,5.565,0.813,0.0,0.0,0.006,3.32,23.0,0.017,3.6,0.87,207.0,318.0,26.49,0.243,0.0322999999999999,73.0,0.0,0.09,13.42,0.001,0.0035,0.399,0.0,0.0001,0.09,0.0016,58.83,9.85,Main Course,Generic,False,"Beef, chuck, under blade center steak, boneless, Denver Cut, separable lean only, trimmed to 0"" fat, choice, cooked, grilled",Western
170244,Cheese Puffs,Snacks,58.0,54.1,4.0,0.0,0.063,558.0,5.512,0.806,2.2,0.0,0.18,1.1,20.0,0.095,5.743,0.374,108.0,197.0,5.76,0.2,0.003,896.0,2.76,0.155,35.76,0.0,0.00048,0.064,0.0,0.0,5.12,0.0361,1.5,0.6,Snack,Generic,False,"Snacks, corn-based, extruded, puffs or twists, cheese-flavor, unenriched",Generic
170245,Barbecue Corn Chips,Snacks,131.0,56.2,0.0,0.0,0.166,523.0,4.46,0.0,0.0,0.0,0.2,4.9,77.0,0.774,6.3,0.143,207.0,236.0,7.0,0.48,0.0067,763.0,0.0,0.42,32.7,0.031,0.0,0.23,1.7,0.0,0.0,0.0,1.2,1.06,Snack,Generic,True,"Snacks, corn-based, extruded, chips, barbecue-flavor, made with enriched masa flour",Generic
170246,Air-Popped Popcorn,Snacks,10.0,77.9,0.0,0.0,0.42,382.0,0.57,0.0,15.1,0.0,0.023,2.66,131.0,0.943,1.944,0.42,300.0,301.0,12.0,0.283,0.0099,4.0,0.0,0.203,4.2,0.001,0.0,0.245,0.0,0.0,0.0,0.0,4.1,3.44,Snack,Generic,True,"Snacks, popcorn, air-popped (Unsalted)",Generic
170247,Oil-Popped Popcorn,Snacks,10.0,57.2,0.0,0.0,0.221,500.0,4.89,0.0,10.0,0.0,0.017,2.78,108.0,0.879,1.55,0.305,250.0,225.0,9.0,0.136,0.0073,884.0,0.0,0.134,28.1,0.001,0.0,0.209,0.3,0.0,0.0,0.0,2.8,2.64,Snack,Generic,True,"Snacks, popcorn, oil-popped, white popcorn, salt added",Generic
170248,Plain Potato Chips,Snacks,24.0,52.9,0.0,0.0,0.306,536.0,5.43,0.0,4.8,0.0,0.045,1.63,67.0,0.44,3.827,0.402,165.0,1275.0,7.0,0.197,0.0081,594.0,0.0,0.167,34.6,0.0,0.0,0.66,31.1,0.0,0.0,0.0,1.9,1.09,Snack,Generic,True,"Snacks, potato chips, plain, made with partially hydrogenated soybean oil, salted",Generic
170249,Plain Hard Pretzels,Snacks,36.0,79.2,0.0,23.5,0.264,381.0,0.75,0.0,2.8,0.0,0.233,4.32,35.0,1.789,5.251,0.288,113.0,146.0,9.1,0.623,0.0058,250.0,2.21,0.461,3.5,0.0,0.0,0.116,0.0,0.0,0.35,0.0009,3.3,0.85,Snack,Generic,True,"Snacks, pretzels, hard, plain, made with enriched flour, unsalted",Western
170250,Plain Brown Rice Cakes,Snacks,11.0,81.5,0.0,31.6,0.445,387.0,0.57,0.0,4.2,0.0,0.021,1.49,131.0,3.73,7.806,1.0,360.0,290.0,8.2,0.165,0.0246,26.0,0.88,0.061,2.8,0.0,0.0,0.15,0.0,0.0,1.24,0.0019,5.8,3.0,Snack,Generic,True,"Snacks, rice cakes, brown rice, plain, unsalted",Generic
170251,Unsalted Brown Rice Cakes,Snacks,11.0,80.1,0.0,0.0,0.38,380.0,0.64,0.0,0.0,0.0,0.021,1.14,151.0,6.18,8.096,1.16,380.0,299.0,9.0,0.103,0.0163999999999999,4.0,0.0,0.056,3.5,0.0,0.0,0.13,0.0,0.0,0.0,0.0,5.9,2.5,Snack,Generic,True,"Snacks, rice cakes, brown rice, buckwheat, unsalted",Generic
170252,Unsalted Brown Rice Cakes,Snacks,21.0,80.1,0.0,0.0,0.427,387.0,0.56,0.0,0.0,0.0,0.02,1.96,137.0,5.22,6.602,1.002,370.0,294.0,8.5,0.184,0.02,4.0,0.0,0.067,3.5,0.0,0.0,0.137,0.0,0.0,0.0,0.0,6.3,2.53,Snack,Generic,True,"Snacks, rice cakes, brown rice, multigrain, unsalted",Generic
170253,Reduced Fat Potato Chips,Snacks,21.0,67.8,0.0,53.0,0.348,487.0,4.16,0.0,6.1,0.0,0.01,1.35,89.0,0.0,7.0,0.0,193.0,1744.0,7.1,0.27,0.0081,8.0,0.22,0.21,20.8,0.0,0.0,0.67,25.7,0.0,5.47,0.0133,1.0,1.01,Snack,Generic,True,"Potato chips, without salt, reduced fat",Generic
170254,Low Fat Tortilla Chips,Snacks,159.0,80.1,0.0,23.4,0.11,416.0,0.85,0.0,5.3,0.0,0.016,1.6,97.0,0.0,0.42,0.0,318.0,272.0,11.0,0.28,0.0157,15.0,0.85,0.22,5.7,0.004,0.0,0.18,0.2,0.0,3.53,0.0209,1.7,1.15,Snack,Generic,True,"Snacks, tortilla chips, low fat, unsalted",Generic
170256,Nacho Tortilla Chips,Snacks,147.0,62.3,3.0,0.0,0.177,511.0,4.9,0.0,5.3,0.0,0.13,3.7,82.0,0.408,4.0,0.29,244.0,216.0,7.8,0.35,0.013,708.0,0.0,0.4,25.6,0.024,5e-05,0.286,1.8,0.0,0.0,0.0,1.7,1.2,Snack,Generic,True,"Snacks, tortilla chips, nacho-flavor, made with enriched masa flour",Generic
170258,No Sugar Added Fudgsicles,Sweets,231.0,23.11,2.0,11.7,0.107,124.0,0.984,0.003,1.5,0.0,0.006,1.58,27.0,0.15,0.175,0.272,160.0,253.0,3.67,0.23,0.0017,96.0,5.1,0.07,1.87,0.0,7.000000000000001e-05,0.058,0.0,0.0,0.3,0.0001,69.93,0.55,Snack,Generic,True,"Frozen novelties, No Sugar Added, FUDGSICLE pops",Generic
170271,Dark Chocolate,Sweets,56.0,61.17,8.0,0.0,1.028,546.0,18.519,0.112,7.0,0.0,0.0,8.02,146.0,1.419,0.725,0.297,206.0,559.0,4.88,0.05,0.003,24.0,47.9,0.025,31.28,0.002,0.00023,0.042,0.0,0.0,0.54,0.0081,0.97,2.01,Snack,Generic,True,"Chocolate, dark, 45- 59% cacao solids",Generic
170272,Dark Chocolate,Sweets,62.0,52.42,6.0,0.0,1.248,579.0,22.031,0.079,8.0,0.0,0.0,6.32,176.0,1.325,0.838,0.3,260.0,567.0,6.12,0.049,0.0084,10.0,36.71,0.032,38.31,0.003,0.0001799999999999,0.034,0.0,0.0,0.59,0.0072,1.25,2.65,Snack,Generic,True,"Chocolate, dark, 60-69% cacao solids",Generic
170273,Dark Chocolate,Sweets,73.0,45.9,3.0,0.0,1.766,598.0,24.489,0.03,10.9,0.0,0.0,11.9,228.0,1.948,1.054,0.418,308.0,715.0,7.79,0.078,0.0068,20.0,23.99,0.034,42.63,0.002,0.00028,0.038,0.0,0.0,0.59,0.0073,1.37,3.31,Snack,Generic,True,"Chocolate, dark, 70-85% cacao solids",Generic
170274,Dark Chocolate Candies,Sweets,57.0,59.97,7.0,27.6,1.076,550.0,18.993,0.106,7.2,0.0,0.0,8.13,152.0,1.44,0.747,0.304,214.0,568.0,5.09,0.051,0.0035,23.0,46.14,0.026,32.2,0.002,0.00023,0.041,0.0,0.0,0.55,0.008,1.0,2.11,Snack,Generic,True,"Candies, chocolate, dark, NFS (45-59% cacao solids 90%; 60-69% cacao solids 5%; 70-85% cacao solids 5%)",Generic
170275,Peanut Butter Crispy Bar,Sweets,70.0,55.53,5.0,28.2,0.2,542.0,12.959,0.02,3.3,0.0,0.068,1.3,49.0,0.0,3.64,0.44,144.0,295.0,9.53,0.1,0.0007,264.0,40.33,0.13,31.34,0.015,0.00015,0.08,0.6,0.0,2.77,0.0059,1.6,0.99,Snack,Generic,True,"Candies, crispy bar with peanut butter filling",Generic
170277,Agave Syrup,Sweets,1.0,76.37,0.0,13.3,0.009,310.0,0.0,0.0,0.2,0.0,0.03,0.09,1.0,0.005,0.689,0.0,1.0,4.0,0.09,0.165,0.0017,4.0,68.03,0.122,0.45,0.008,0.0,0.234,17.0,0.0,0.98,0.0225,22.94,0.01,Side Dish,Generic,True,"Sweetener, syrup, agave",Generic
170278,Butterfinger Crisp Candies,Sweets,33.0,68.45,0.0,13.8,0.421,465.0,10.592,0.0,1.7,0.0,0.025,0.6,89.0,1.077,2.438,0.348,153.0,429.0,6.67,0.094,0.011,13.0,48.33,0.133,18.33,0.0,5e-05,0.146,0.1,0.0,1.31,0.0032,5.05,1.23,Snack,Generic,True,"Candies, NESTLE, BUTTERFINGER Crisp",Generic
170282,Coconut Bar,Sweets,43.0,55.87,0.0,10.0,0.36,481.0,25.54,0.0,6.4,0.0,0.022,0.77,27.0,1.238,0.445,0.247,93.0,294.0,2.13,0.021,0.0086,128.0,36.16,0.069,27.65,0.0,0.0,0.045,2.7,0.0,0.2,0.0001,13.26,1.02,Snack,Generic,True,"Candies, coconut bar, not chocolate covered",Generic
170283,Hulled Barley,Cereal Grains and Pasta,33.0,73.48,0.0,0.0,0.498,354.0,0.482,0.0,17.3,0.0,0.019,3.6,133.0,1.943,4.604,0.282,264.0,452.0,12.48,0.285,0.0377,12.0,0.8,0.646,2.3,0.001,0.0,0.318,0.0,0.0,0.57,0.0022,9.44,2.77,Main Course,Generic,True,"Barley, hulled",Generic
170287,Cooked Bulgur,Cereal Grains and Pasta,10.0,18.58,0.0,6.9,0.075,83.0,0.042,0.0,4.5,0.0,0.018,0.96,32.0,0.609,1.0,0.344,40.0,68.0,3.08,0.028,0.0006,5.0,0.1,0.057,0.24,0.0,0.0,0.083,0.0,0.0,0.01,0.0005,77.76,0.57,Main Course,Generic,True,"Bulgur, cooked",Generic
170291,Cheesy Nachos,Fast Foods,63.0,34.91,3.0,26.4,0.064,343.0,2.173,0.058,3.2,0.0,0.01,0.75,42.0,0.187,0.63,0.38,198.0,362.0,4.32,0.133,0.0086,313.0,2.17,0.123,21.5,0.005,7.000000000000001e-05,0.215,1.1,0.0,4.08,0.0193,37.4,0.86,Main Course,Generic,True,"Fast foods, nachos, with cheese",Western
170292,Cheesy Beef Nachos,Fast Foods,47.0,21.39,14.0,28.1,0.104,219.0,2.549,0.167,3.7,0.0,0.014,1.01,33.0,0.202,1.01,0.33,153.0,298.0,6.21,0.137,0.0081,348.0,1.63,0.073,12.48,0.042,0.00031,0.158,0.0,0.0001,1.75,0.0054,58.15,1.05,Main Course,Generic,True,"Fast foods, nachos, with cheese, beans, ground beef, and tomatoes",Western
170295,Chicken Fillet Sandwich with Pickles,Fast Foods,58.0,20.89,35.0,35.6,0.067,250.0,2.123,0.03,1.4,0.0,0.056,1.77,24.0,0.219,7.72,1.2,185.0,245.0,16.28,0.3,0.0198999999999999,753.0,3.64,0.23,11.19,0.003,0.00013,0.383,0.8,0.0001,2.41,0.0085,48.94,0.61,Main Course,Generic,True,"Fast foods, chicken fillet sandwich, plain with pickles",Western
170296,Fish Sandwich with Tartar Sauce,Fast Foods,37.0,26.69,35.0,28.9,0.075,257.0,1.949,0.08,1.0,0.0,0.066,1.5,25.0,0.264,2.15,0.37,116.0,206.0,10.29,0.14,0.018,602.0,3.53,0.21,12.45,0.006,0.00068,0.07,1.8,0.0002,0.55,0.0136,48.44,0.49,Main Course,Generic,True,"Fast foods, fish sandwich, with tartar sauce",Western
170297,Fish Sandwich with Tartar Sauce,Fast Foods,120.0,26.39,37.0,32.6,0.066,279.0,2.833,0.128,0.8,0.0,0.065,1.56,27.0,0.262,2.31,0.24,137.0,220.0,11.26,0.23,0.0484,434.0,3.67,0.25,14.64,0.022,0.00059,0.06,1.5,0.0009,1.0,0.0079,45.76,0.58,Main Course,Generic,True,"Fast foods, fish sandwich, with tartar sauce and cheese",Western
170298,Roast Beef Sub Sandwich,Fast Foods,164.0,20.34,18.0,26.2,0.081,156.0,0.972,0.052,0.7,0.0,0.108,2.09,20.0,0.267,4.183,0.415,118.0,188.0,12.17,0.257,0.017,329.0,3.0,0.23,2.73,0.006,0.00044,0.275,0.0,0.0,0.29,0.0045,63.08,1.5,Main Course,Generic,True,"Fast foods, submarine sandwich, roast beef on white bread with lettuce and tomato",Western
170299,Tuna Sub Sandwich,Fast Foods,136.0,15.95,28.0,18.2,0.075,218.0,2.059,0.043,0.7,0.0,0.074,1.57,22.0,0.214,7.727,0.35,109.0,177.0,12.33,0.217,0.0392,329.0,1.93,0.19,12.04,0.011,0.00106,0.271,0.0,0.0005,1.57,0.0224,58.17,0.67,Main Course,Generic,True,"Fast foods, submarine sandwich, tuna on white bread with lettuce and tomato",Western
170306,Sweet Onion Chicken Teriyaki Sub,Fast Foods,142.0,22.54,22.0,22.9,0.071,155.0,0.505,0.012,1.2,0.0,0.082,1.52,23.0,0.282,5.063,0.655,139.0,285.0,10.91,0.213,0.0154,305.0,6.06,0.273,2.37,0.003,0.00011,0.282,1.1,0.0,0.38,0.0042,62.4,0.64,Main Course,Generic,True,"Fast foods, submarine sandwich, sweet onion chicken teriyaki on white bread with lettuce, tomato and sweet onion sauce",Western
170307,Subway Club Sandwich,Fast Foods,153.0,20.36,16.0,0.0,0.081,146.0,0.57,0.031,1.4,0.0,0.0,1.93,22.0,0.278,4.507,0.445,131.0,265.0,10.66,0.24,0.0168,348.0,3.19,0.277,2.42,0.002,0.0002,0.222,0.8,0.0,0.24,0.0,64.7,1.18,Main Course,Generic,True,"SUBWAY, SUBWAY CLUB sub on white bread with lettuce and tomato",Western
170309,Oven Roasted Chicken Sub,Fast Foods,154.0,21.35,23.0,23.1,0.076,157.0,0.724,0.015,1.2,0.0,0.103,1.72,22.0,0.282,5.21,0.65,145.0,198.0,10.84,0.23,0.0168,268.0,2.99,1.157,3.15,0.005,8e-05,0.259,1.2,0.0,0.42,0.0044,63.15,0.66,Main Course,Generic,True,"Fast foods, submarine sandwich, oven roasted chicken on white bread with lettuce and tomato",Western
170310,Steak & Cheese Sub,Fast Foods,183.0,21.49,24.0,0.0,0.086,183.0,2.032,0.183,1.2,0.0,0.0,2.02,22.0,0.28,3.583,0.44,132.0,183.0,12.29,0.263,0.0175,444.0,3.41,0.253,5.34,0.012,0.00058,0.194,0.6,0.0,0.4,0.0,58.88,1.98,Main Course,Generic,True,"SUBWAY, steak & cheese sub on white bread with American cheese, lettuce and tomato",Western
170311,Steak and Cheese Sub Sandwich,Fast Foods,183.0,21.49,24.0,29.9,0.086,183.0,2.032,0.183,1.2,0.0,0.101,2.02,22.0,0.28,3.583,0.44,132.0,183.0,12.29,0.263,0.0175,444.0,3.41,0.253,5.34,0.012,0.00058,0.194,0.6,0.0002,0.4,0.0048,58.88,1.98,Main Course,Generic,True,"Fast foods, submarine sandwich, steak and cheese on white bread with cheese, lettuce and tomato",Western
170314,Oven Roasted Chicken Sub,Fast Foods,154.0,21.35,23.0,0.0,0.076,157.0,0.724,0.015,1.2,0.0,0.0,1.72,22.0,0.282,5.21,0.65,145.0,198.0,10.84,0.23,0.0168,268.0,2.99,1.157,3.15,0.005,8e-05,0.259,1.2,0.0,0.42,0.0,63.15,0.66,Main Course,Generic,True,"SUBWAY, oven roasted chicken sub on white bread with lettuce and tomato",Western
170315,Cold Cut Sub,Fast Foods,171.0,20.43,27.0,32.9,0.084,214.0,3.554,0.119,1.2,0.0,0.0,1.81,20.0,0.354,4.323,0.555,112.0,282.0,10.52,0.267,0.0198999999999999,575.0,3.18,0.343,10.04,0.022,0.00022,0.203,7.5,0.0,0.41,0.0,56.51,1.05,Main Course,Generic,True,"SUBWAY, cold cut sub on white bread with lettuce and tomato",Western
170316,Tuna Sub,Fast Foods,136.0,15.95,28.0,30.5,0.075,221.0,2.192,0.046,0.7,0.0,0.0,1.57,22.0,0.214,7.727,0.35,109.0,177.0,12.33,0.217,0.0392,329.0,1.93,0.19,12.04,0.011,0.00106,0.271,0.0,0.0,1.57,0.0,58.17,0.67,Main Course,Generic,True,"SUBWAY, tuna sub on white bread with lettuce and tomato",Western
170317,Frozen Cheese Pizza,Fast Foods,179.0,29.02,14.0,14.3,0.227,268.0,4.272,0.0,2.2,0.0313,0.065,2.27,23.0,0.291,2.196,0.219,179.0,152.0,10.36,0.258,0.0215,447.0,3.57,0.211,12.28,0.066,0.00078,0.083,1.2,0.0,1.01,0.0066,46.28,1.32,Main Course,Generic,True,"Pizza, cheese topping, regular crust, frozen, cooked",Western
170318,Crispy Chicken Sandwich,Fast Foods,72.0,27.4,29.0,31.2,0.082,276.0,2.461,0.078,1.4,0.0,0.043,1.71,20.0,0.349,5.11,0.804,144.0,179.0,10.94,0.183,0.0193,617.0,3.4,0.16,13.59,0.005,0.00033,0.126,0.3,0.0002,0.69,0.0046,45.84,0.62,Main Course,Generic,True,"Fast Foods, crispy chicken filet sandwich, with lettuce and mayonnaise",Western
170358,Fried Chicken Thigh,Fast Foods,24.0,0.24,125.0,117.3,0.086,178.0,2.484,0.059,0.0,0.0,0.012,0.91,21.0,0.046,5.725,1.205,206.0,248.0,23.21,0.337,0.0302,577.0,0.0,0.095,9.41,0.012,0.0005,0.2,0.0,0.0002,0.37,0.0,64.96,1.94,Main Course,Generic,True,"Fast Foods, Fried Chicken, Thigh, meat only, skin and breading removed",Western
170368,Grilled Chicken Sandwich,Fast Foods,62.0,16.78,40.0,45.6,0.071,182.0,0.949,0.0,0.9,0.0,0.057,1.58,23.0,0.2,7.78,0.0,142.0,197.0,17.34,0.121,0.0197,427.0,3.08,0.234,4.57,0.011,0.00022,0.309,2.4,0.0001,0.38,0.0067,60.44,0.75,Main Course,Generic,True,"Fast Foods, grilled chicken filet sandwich, with lettuce, tomato and spread",Western
170373,Frozen Cheese Pizza,Fast Foods,228.0,28.8,21.0,18.9,0.091,263.0,5.698,0.277,3.0,0.0,0.122,2.14,24.0,0.328,1.283,0.497,215.0,201.0,11.91,0.127,0.0214,471.0,3.71,0.103,11.07,0.072,0.00062,0.13,0.1,0.0,0.74,0.0042,46.01,1.49,Main Course,Generic,True,"Pizza, cheese topping, thin crust, frozen, cooked",Western
170376,Cooked Beet Greens,Vegetables and Vegetable Products,114.0,5.46,0.0,0.5,0.251,27.0,0.031,0.0,2.9,0.0,0.014,1.9,68.0,0.514,0.499,0.329,41.0,909.0,2.57,0.289,0.0009,241.0,0.6,0.117,0.2,0.383,0.0,0.132,24.9,0.0,1.81,0.484,89.13,0.5,Side Dish,Generic,True,"Beet greens, cooked, boiled, drained, without salt",Generic
170378,Boiled Broadbeans,Vegetables and Vegetable Products,18.0,10.1,0.0,0.0,0.06,62.0,0.142,0.0,3.6,0.0,0.058,1.5,31.0,0.261,1.2,0.066,73.0,193.0,4.8,0.09,0.001,41.0,0.0,0.128,0.5,0.014,0.0,0.029,19.8,0.0,0.0,0.0,83.7,0.47,Side Dish,Generic,True,"Broadbeans, immature seeds, cooked, boiled, drained, without salt",Generic
170379,Raw Broccoli,Vegetables and Vegetable Products,47.0,6.64,0.0,18.7,0.049,34.0,0.114,0.0,2.6,0.0,0.063,0.73,21.0,0.21,0.639,0.573,66.0,316.0,2.82,0.117,0.0025,33.0,1.7,0.071,0.37,0.031,0.0,0.175,89.2,0.0,0.78,0.1016,89.3,0.41,Side Dish,Generic,True,"Broccoli, raw",Generic
170380,Frozen Broccoli Spears,Vegetables and Vegetable Products,51.0,5.36,0.0,16.2,0.043,28.0,0.018,0.0,3.0,0.0,0.03,0.61,20.0,0.325,0.458,0.274,55.0,180.0,3.1,0.081,0.0019,24.0,1.47,0.055,0.11,0.051,0.0,0.13,40.1,0.0,1.32,0.0881,90.72,0.3,Side Dish,Generic,True,"Broccoli, frozen, spears, cooked, boiled, drained, without salt",Generic
170381,Raw Broccoli Raab,Vegetables and Vegetable Products,108.0,2.85,0.0,18.3,0.042,22.0,0.083,0.0,2.7,0.0,0.083,2.14,22.0,0.395,1.221,0.322,73.0,196.0,3.17,0.129,0.001,33.0,0.38,0.162,0.49,0.131,0.0,0.171,20.2,0.0,1.62,0.224,92.55,0.77,Side Dish,Generic,True,"Broccoli raab, raw",Generic
170382,Cooked Broccoli Raab,Vegetables and Vegetable Products,118.0,3.12,0.0,33.6,0.075,25.0,0.089,0.0,2.8,0.0,0.071,1.27,27.0,0.38,2.015,0.448,82.0,343.0,3.83,0.14,0.0013,56.0,0.62,0.169,0.52,0.227,0.0,0.22,37.0,0.0,2.53,0.256,91.41,0.54,Side Dish,Generic,True,"Broccoli raab, cooked",Generic
170384,Cooked Burdock Root,Vegetables and Vegetable Products,49.0,21.15,0.0,14.3,0.089,88.0,0.023,0.0,1.8,0.0,0.02,0.77,39.0,0.27,0.32,0.353,93.0,360.0,2.09,0.058,0.0009,4.0,3.55,0.039,0.14,0.0,0.0,0.279,2.6,0.0,0.46,0.002,75.64,0.38,Side Dish,Generic,True,"Burdock root, cooked, boiled, drained, without salt",Generic
170386,Cooked Butterbur,Vegetables and Vegetable Products,59.0,2.16,0.0,0.0,0.059,8.0,0.0,0.0,0.0,0.0,0.004,0.1,8.0,0.156,0.1,0.018,7.0,354.0,0.23,0.01,0.0009,4.0,0.0,0.01,0.02,0.001,0.0,0.052,18.9,0.0,0.0,0.0,96.7,0.09,Side Dish,Generic,True,"Butterbur, cooked, boiled, drained, without salt",Generic
170387,Canned Butterbur,Vegetables and Vegetable Products,34.0,0.38,0.0,0.0,0.037,3.0,0.0,0.0,0.0,0.0,0.003,0.63,2.0,0.098,0.14,0.011,4.0,12.0,0.11,0.006,0.0009,4.0,0.0,0.006,0.13,0.0,0.0,0.033,11.9,0.0,0.0,0.0,97.92,0.06,Side Dish,Generic,True,"Butterbur, canned",Generic
170388,Savoy Cabbage,Vegetables and Vegetable Products,35.0,6.1,0.0,12.3,0.062,27.0,0.013,0.0,3.1,0.0,0.08,0.4,28.0,0.18,0.3,0.187,42.0,230.0,2.0,0.03,0.0009,28.0,2.27,0.07,0.1,0.05,0.0,0.19,31.0,0.0,0.17,0.0688,91.0,0.27,Side Dish,Generic,True,"Cabbage, savoy, raw",Generic
170389,Cooked Savoy Cabbage,Vegetables and Vegetable Products,30.0,5.41,0.0,0.0,0.052,24.0,0.012,0.0,2.8,0.0,0.046,0.38,24.0,0.152,0.024,0.159,33.0,184.0,1.8,0.02,0.0007,24.0,0.0,0.051,0.09,0.044,0.0,0.152,17.0,0.0,0.0,0.0,92.0,0.23,Side Dish,Generic,True,"Cabbage, savoy, cooked, boiled, drained, without salt",Generic
170390,Raw Chinese Cabbage,Vegetables and Vegetable Products,105.0,2.18,0.0,6.4,0.021,13.0,0.027,0.0,1.0,0.0,0.066,0.8,19.0,0.159,0.5,0.088,37.0,252.0,1.5,0.07,0.0005,65.0,1.18,0.04,0.2,0.223,0.0,0.194,45.0,0.0,0.09,0.0455,95.32,0.19,Side Dish,Generic,True,"Cabbage, chinese (pak-choi), raw",Asian
170391,Cooked Chinese Cabbage,Vegetables and Vegetable Products,93.0,1.78,0.0,12.1,0.019,12.0,0.021,0.0,1.0,0.0,0.041,1.04,11.0,0.144,0.428,0.079,29.0,371.0,1.56,0.063,0.0004,34.0,0.83,0.032,0.16,0.212,0.0,0.166,26.0,0.0,0.09,0.034,95.55,0.17,Side Dish,Generic,True,"Cabbage, chinese (pak-choi), cooked, boiled, drained, without salt",Asian
170392,Kimchi Cabbage,Vegetables and Vegetable Products,33.0,2.4,0.0,15.5,0.024,15.0,0.067,0.0,1.6,0.0,0.052,2.5,14.0,0.0,1.1,0.0,24.0,151.0,1.1,0.21,0.0005,498.0,1.06,0.01,0.5,0.005,0.0,0.213,0.0,0.0,0.11,0.0436,94.3,0.22,Side Dish,Generic,True,"Cabbage, kimchi",Asian
170393,Raw Carrots,Vegetables and Vegetable Products,33.0,9.58,0.0,8.8,0.045,41.0,0.032,0.0,2.8,0.0032,0.019,0.3,12.0,0.143,0.983,0.273,35.0,320.0,0.93,0.058,0.0001,69.0,4.74,0.066,0.24,0.835,0.0,0.138,5.9,0.0,0.66,0.0132,88.29,0.24,Side Dish,Generic,True,"Carrots, raw",Generic
170394,Boiled Carrots,Vegetables and Vegetable Products,30.0,8.22,0.0,8.8,0.017,35.0,0.03,0.0,3.0,0.0475,0.014,0.34,10.0,0.155,0.645,0.232,30.0,235.0,0.76,0.044,0.0007,58.0,3.45,0.066,0.18,0.852,0.0,0.153,3.6,0.0,1.03,0.0137,90.17,0.2,Side Dish,Generic,True,"Carrots, cooked, boiled, drained, without salt",Generic
170395,Canned Carrots,Vegetables and Vegetable Products,31.0,5.37,0.0,6.3,0.103,23.0,0.025,0.0,1.8,0.0,0.008,0.52,9.0,0.45,0.421,0.139,20.0,173.0,0.58,0.027,0.0004,240.0,2.46,0.019,0.14,0.613,0.0,0.112,2.0,0.0,0.73,0.0098,92.99,0.29,Side Dish,Generic,True,"Carrots, canned, regular pack, solids and liquids",Generic
170396,Canned Carrots,Vegetables and Vegetable Products,25.0,5.54,0.0,6.3,0.104,25.0,0.036,0.0,1.5,0.0,0.009,0.64,8.0,0.45,0.552,0.135,24.0,179.0,0.64,0.03,0.0004,242.0,2.48,0.018,0.19,0.558,0.0,0.112,2.7,0.0,0.74,0.0098,92.95,0.26,Side Dish,Generic,True,"Carrots, canned, regular pack, drained solids",Generic
170397,Cooked Cauliflower,Vegetables and Vegetable Products,16.0,4.11,0.0,39.1,0.018,23.0,0.07,0.0,2.3,0.0,0.044,0.32,9.0,0.132,0.41,0.508,32.0,142.0,1.84,0.052,0.0006,15.0,2.08,0.042,0.45,0.001,0.0,0.173,44.3,0.0,0.07,0.0138,93.0,0.17,Side Dish,Generic,True,"Cauliflower, cooked, boiled, drained, without salt",Generic
170399,Cooked Cauliflower,Vegetables and Vegetable Products,17.0,3.75,0.0,33.5,0.024,19.0,0.034,0.0,2.7,0.0,0.041,0.41,9.0,0.15,0.31,0.098,24.0,139.0,1.61,0.053,0.0006,18.0,1.05,0.037,0.22,0.0,0.0,0.088,31.3,0.0,0.06,0.0119,94.0,0.13,Side Dish,Generic,True,"Cauliflower, frozen, cooked, boiled, drained, without salt",Generic
170401,Swiss Chard,Vegetables and Vegetable Products,58.0,4.13,0.0,28.7,0.163,20.0,0.012,0.0,2.1,0.0,0.009,2.26,86.0,0.334,0.36,0.163,33.0,549.0,1.88,0.086,0.0009,179.0,1.1,0.034,0.08,0.306,0.0,0.085,18.0,0.0,1.89,0.3273,92.65,0.33,Side Dish,Generic,True,"Chard, swiss, cooked, boiled, drained, without salt",Generic
170402,Fresh Chayote,Vegetables and Vegetable Products,17.0,4.51,0.0,9.2,0.123,19.0,0.028,0.0,1.7,0.0,0.093,0.34,12.0,0.189,0.47,0.249,18.0,125.0,0.82,0.029,0.0002,2.0,1.66,0.025,0.13,0.0,0.0,0.076,7.7,0.0,0.12,0.0040999999999999,94.24,0.74,Side Dish,Generic,True,"Chayote, fruit, raw",Generic
170403,Cooked Chayote,Vegetables and Vegetable Products,13.0,5.09,0.0,10.5,0.11,24.0,0.0,0.0,2.8,0.0,0.018,0.22,12.0,0.169,0.42,0.408,29.0,173.0,0.62,0.04,0.0003,1.0,1.89,0.026,0.48,0.0,0.0,0.118,8.0,0.0,0.14,0.0047,93.43,0.31,Side Dish,Generic,True,"Chayote, fruit, cooked, boiled, drained, without salt",Generic
170404,Raw Chicory,Vegetables and Vegetable Products,19.0,4.0,0.0,0.0,0.051,17.0,0.024,0.0,3.1,0.0,0.037,0.24,10.0,0.1,0.16,0.145,26.0,211.0,0.9,0.027,0.0002,2.0,0.0,0.062,0.1,0.001,0.0,0.042,2.8,0.0,0.0,0.0,94.52,0.16,Side Dish,Generic,True,"Chicory, witloof, raw",Generic
170405,Boiled Chrysanthemum,Vegetables and Vegetable Products,69.0,4.31,0.0,12.8,0.133,20.0,0.022,0.0,2.3,0.0,0.05,3.74,18.0,0.355,0.72,0.042,43.0,569.0,1.64,0.16,0.0003,53.0,2.01,0.021,0.09,0.129,0.0,0.118,23.9,0.0,2.5,0.1427,92.49,0.2,Side Dish,Generic,True,"Chrysanthemum, garland, cooked, boiled, drained, without salt",Generic
170409,Canned Sweet Corn,Vegetables and Vegetable Products,4.0,13.86,0.0,16.6,0.028,61.0,0.077,0.0,1.7,0.018,0.038,0.36,15.0,0.082,0.884,0.522,46.0,136.0,1.95,0.015,0.0005,195.0,4.15,0.015,0.77,0.002,0.0,0.037,2.6,0.0,0.03,0.0,82.61,0.39,Side Dish,Generic,True,"Corn, sweet, yellow, canned, brine pack, regular pack, solids and liquids",Generic
170411,Frozen Chopped Onions,Vegetables and Vegetable Products,16.0,6.59,0.0,4.4,0.019,28.0,0.016,0.0,1.8,0.0,0.013,0.3,6.0,0.071,0.139,0.099,19.0,108.0,0.77,0.025,0.0004,12.0,2.9,0.023,0.1,0.0,0.0,0.069,2.6,0.0,0.01,0.0003,92.24,0.07,Side Dish,Generic,True,"Onions, frozen, chopped, cooked, boiled, drained, without salt",Generic
170413,Frozen Onions,Vegetables and Vegetable Products,27.0,6.7,0.0,4.4,0.024,28.0,0.009,0.0,1.4,0.0,0.013,0.34,8.0,0.04,0.132,0.078,2.0,101.0,0.71,0.018,0.0004,8.0,2.9,0.016,0.05,0.0,0.0,0.07,5.1,0.0,0.01,0.0003,92.24,0.09,Side Dish,Generic,True,"Onions, frozen, whole, cooked, boiled, drained, without salt",Generic
170415,Oven-Baked Onion Rings,Vegetables and Vegetable Products,31.0,33.79,0.0,10.7,0.073,276.0,2.137,0.053,2.2,0.0,0.033,1.25,17.0,0.348,1.349,0.294,71.0,123.0,4.14,0.116,0.0056,370.0,5.1,0.185,14.3,0.0,0.0,0.117,1.6,0.0,0.46,0.0341,46.37,0.42,Snack,Generic,True,"Onion rings, breaded, par fried, frozen, prepared, heated in oven",Western
170416,Fresh Parsley,Vegetables and Vegetable Products,138.0,6.33,0.0,12.8,0.149,36.0,0.132,0.0,3.3,0.0,0.152,6.2,50.0,0.16,1.313,0.4,58.0,554.0,2.97,0.098,0.0001,56.0,0.85,0.086,0.79,0.421,0.0,0.09,133.0,0.0,0.75,1.64,87.71,1.07,Side Dish,Generic,True,"Parsley, fresh",Generic
170418,Cooked Edible Pod Peas,Vegetables and Vegetable Products,59.0,9.02,0.0,21.0,0.09,52.0,0.073,0.0,3.1,0.0,0.035,2.4,28.0,0.28,0.563,0.857,58.0,217.0,3.5,0.119,0.0008,5.0,4.82,0.064,0.38,0.066,0.0,0.174,22.0,0.0,0.47,0.0302,86.6,0.49,Side Dish,Generic,True,"Peas, edible-podded, frozen, cooked, boiled, drained, without salt",Generic
170420,Boiled Green Peas,Vegetables and Vegetable Products,27.0,15.63,0.0,29.7,0.173,84.0,0.039,0.0,5.5,0.0,0.063,1.54,39.0,0.525,2.021,0.153,117.0,271.0,5.36,0.149,0.0019,3.0,5.93,0.259,0.22,0.04,0.0,0.216,14.2,0.0,0.14,0.0259,77.87,1.19,Side Dish,Generic,True,"Peas, green, cooked, boiled, drained, without salt",Generic
170421,Canned Green Peas,Vegetables and Vegetable Products,20.0,10.6,0.0,20.0,0.099,58.0,0.086,0.0,3.3,0.0,0.024,1.29,19.0,0.211,0.995,0.091,63.0,106.0,3.01,0.024,0.0013,185.0,3.2,0.077,0.48,0.076,0.0,0.065,7.8,0.0,0.02,0.0207,85.13,0.72,Side Dish,Generic,True,"Peas, green, canned, regular pack, solids and liquids",Generic
170423,Cooked Sprouted Peas,Vegetables and Vegetable Products,26.0,17.08,0.0,0.0,0.02,98.0,0.09,0.0,0.0,0.0,0.036,1.67,41.0,0.325,1.072,0.683,24.0,268.0,7.05,0.285,0.0006,3.0,0.0,0.216,0.51,0.005,0.0,0.128,6.6,0.0,0.0,0.0,74.37,0.78,Side Dish,Generic,True,"Peas, mature seeds, sprouted, cooked, boiled, drained, without salt",Generic
170424,Peas and Carrots,Vegetables and Vegetable Products,23.0,8.48,0.0,0.0,0.103,38.0,0.049,0.0,2.0,0.0,0.018,0.75,14.0,0.357,0.581,0.12,46.0,100.0,2.17,0.053,0.0009,260.0,0.0,0.074,0.27,0.289,0.0,0.088,6.6,0.0,0.0,0.0,88.15,0.58,Side Dish,Generic,True,"Peas and carrots, canned, regular pack, solids and liquids",Generic
170427,Raw Green Bell Peppers,Vegetables and Vegetable Products,10.0,4.64,0.0,5.5,0.066,20.0,0.058,0.0,1.7,0.002,0.01,0.34,10.0,0.122,0.48,0.099,20.0,175.0,0.86,0.028,0.0,3.0,2.4,0.057,0.17,0.018,0.0,0.224,80.4,0.0,0.37,0.0074,93.89,0.13,Side Dish,Generic,True,"Peppers, sweet, green, raw",Generic
170428,Cooked Green Peppers,Vegetables and Vegetable Products,9.0,6.7,0.0,7.4,0.065,28.0,0.029,0.0,1.2,0.0,0.016,0.46,10.0,0.115,0.477,0.079,18.0,166.0,0.92,0.03,0.0003,2.0,3.19,0.059,0.2,0.023,0.0,0.233,74.4,0.0,0.5,0.0098,91.87,0.12,Side Dish,Generic,True,"Peppers, sweet, green, cooked, boiled, drained, without salt",Generic
170434,Baked White Potatoes,Vegetables and Vegetable Products,10.0,21.08,0.0,14.4,0.127,92.0,0.04,0.0,2.1,0.0,0.038,0.64,27.0,0.189,1.528,0.383,75.0,544.0,2.1,0.043,0.0005,7.0,1.53,0.048,0.15,0.001,0.0,0.211,12.6,0.0,0.04,0.0027,75.43,0.35,Main Course,Generic,True,"Potatoes, white, flesh and skin, baked",Generic
170435,Baked Red Potatoes,Vegetables and Vegetable Products,9.0,19.59,0.0,18.9,0.174,87.0,0.04,0.0,1.8,0.0,0.027,0.7,28.0,0.173,1.595,0.341,72.0,545.0,2.3,0.05,0.0,12.0,1.43,0.072,0.15,0.001,0.0,0.212,12.6,0.0,0.08,0.0028,76.67,0.4,Main Course,Generic,True,"Potatoes, red, flesh and skin, baked",Generic
170436,French Fries,Vegetables and Vegetable Products,13.0,23.96,0.0,19.2,0.077,146.0,1.249,0.106,2.0,0.0,0.031,0.62,21.0,0.157,2.14,0.448,81.0,380.0,2.34,0.037,0.0005,349.0,0.21,0.106,4.99,0.0,0.0,0.196,7.7,0.0,0.1,0.0021,67.11,0.34,Side Dish,Generic,True,"Potatoes, french fried, crinkle or regular cut, salt added in processing, frozen, as purchased",Generic
170437,French Fries,Vegetables and Vegetable Products,13.0,27.5,0.0,0.0,0.145,161.0,1.082,0.0,2.3,0.0,0.0,0.75,28.0,0.219,2.135,0.491,97.0,471.0,2.51,0.031,0.0001,391.0,0.29,0.122,5.13,0.0,0.0,0.172,11.8,0.0,0.1,0.0023,63.07,0.4,Side Dish,Generic,True,"Potatoes, french fried, crinkle or regular cut, salt added in processing, frozen, oven-heated",Generic
170438,Boiled Potatoes,Vegetables and Vegetable Products,5.0,20.13,0.0,13.5,0.188,87.0,0.026,0.0,1.8,0.0494,0.01,0.31,22.0,0.138,1.439,0.52,44.0,379.0,1.87,0.02,0.0003,4.0,0.91,0.106,0.1,0.0,0.0,0.299,13.0,0.0,0.01,0.0022,76.98,0.3,Side Dish,Generic,True,"Potatoes, boiled, cooked in skin, flesh, without salt",Generic
170439,Boiled Potatoes,Vegetables and Vegetable Products,45.0,17.21,0.0,0.0,0.878,78.0,0.026,0.0,3.3,0.0,0.01,6.07,30.0,1.338,1.222,0.361,54.0,407.0,2.86,0.036,0.0003,14.0,0.0,0.032,0.1,0.0,0.0,0.239,5.2,0.0,0.0,0.0,77.8,0.44,Side Dish,Generic,True,"Potatoes, boiled, cooked in skin, skin, without salt",Generic
170440,Boiled Potatoes,Vegetables and Vegetable Products,8.0,20.01,0.0,13.2,0.167,86.0,0.026,0.0,1.8,0.0,0.009,0.31,20.0,0.14,1.312,0.509,40.0,328.0,1.71,0.019,0.0003,5.0,0.89,0.098,0.1,0.0,0.0,0.269,7.4,0.0,0.01,0.0022,77.46,0.27,Side Dish,Generic,True,"Potatoes, boiled, cooked without skin, flesh, without salt",Generic
170441,Microwaved Potatoes,Vegetables and Vegetable Products,5.0,23.28,0.0,0.0,0.237,100.0,0.026,0.0,1.6,0.0,0.012,0.41,25.0,0.17,1.625,0.597,109.0,411.0,2.1,0.025,0.0004,7.0,0.0,0.129,0.1,0.0,0.0,0.319,15.1,0.0,0.0,0.0,73.55,0.33,Side Dish,Generic,True,"Potatoes, microwaved, cooked in skin, flesh, without salt",Generic
170442,Au Gratin Potatoes,Vegetables and Vegetable Products,119.0,11.26,23.0,0.0,0.16,134.0,4.733,0.0,1.8,0.0,0.013,0.64,20.0,0.161,0.993,0.387,113.0,396.0,5.06,0.116,0.0027,433.0,0.0,0.064,7.59,0.064,0.0,0.174,9.9,0.0,0.0,0.0,74.0,0.69,Main Course,Generic,True,"Potatoes, au gratin, home-prepared from recipe using butter",Western
170443,Canned Potatoes with Liquids,Vegetables and Vegetable Products,39.0,9.89,0.0,0.0,0.07,44.0,0.029,0.0,1.4,0.0,0.005,0.72,14.0,0.071,0.889,0.174,22.0,205.0,1.2,0.02,0.0007,217.0,0.0,0.034,0.11,0.0,0.0,0.137,7.6,0.0,0.0,0.0,87.83,0.39,Side Dish,Generic,True,"Potatoes, canned, solids and liquids",Generic
170444,Canned Potatoes,Vegetables and Vegetable Products,5.0,13.61,0.0,0.0,0.057,60.0,0.054,0.0,2.3,0.0,0.006,1.26,14.0,0.097,0.915,0.354,28.0,229.0,1.41,0.013,0.0009,219.0,0.0,0.068,0.21,0.0,0.0,0.188,5.1,0.0,0.0,0.0,84.28,0.28,Side Dish,Generic,True,"Potatoes, canned, drained solids",Generic
170448,Au Gratin Potatoes Mix,Vegetables and Vegetable Products,83.0,12.84,15.0,0.0,0.046,93.0,2.586,0.0,0.9,0.0,0.007,0.32,15.0,0.13,0.939,0.239,95.0,219.0,2.3,0.081,0.0027,439.0,0.0,0.02,4.12,0.052,0.0,0.04,3.1,0.0,0.0,0.0,78.98,0.24,Main Course,Generic,True,"Potatoes, au gratin, dry mix, prepared with water, whole milk and butter",Generic
170450,Scalloped Potatoes,Vegetables and Vegetable Products,36.0,12.77,11.0,0.0,0.049,93.0,2.633,0.0,1.1,0.0,0.01,0.38,14.0,0.181,1.029,0.327,56.0,203.0,2.12,0.056,0.0016,341.0,0.0,0.019,4.3,0.035,0.0,0.042,3.3,0.0,0.0,0.0,79.17,0.25,Main Course,Generic,True,"Potatoes, scalloped, dry mix, prepared with water, whole milk and butter",Western
170451,Shoestring French Fries,Vegetables and Vegetable Products,11.0,25.59,0.0,20.8,0.11,163.0,1.371,0.14,2.3,0.0,0.036,0.72,21.0,0.155,1.97,0.498,90.0,379.0,2.16,0.034,0.0005,323.0,0.2,0.09,6.24,0.0,0.0,0.17,12.3,0.0,0.12,0.0026,64.51,0.36,Side Dish,Generic,True,"Potatoes, french fried, shoestring, salt added in processing, frozen, as purchased",Western
170452,Oven-Heated French Fries,Vegetables and Vegetable Products,12.0,31.66,0.0,0.0,0.114,194.0,1.267,0.0,2.8,0.0,0.0,0.8,25.0,0.187,2.28,0.554,112.0,505.0,2.9,0.034,0.0006,400.0,0.31,0.129,6.76,0.0,0.0,0.192,14.2,0.0,0.16,0.0027,56.62,0.43,Side Dish,Generic,True,"Potatoes, french fried, shoestring, salt added in processing, frozen, oven-heated",Western
170454,O'Brien Potatoes,Vegetables and Vegetable Products,20.0,21.86,0.0,0.0,0.241,204.0,3.313,0.0,1.7,0.0,0.012,0.96,34.0,0.226,1.448,0.732,93.0,473.0,2.22,0.135,0.0012,43.0,0.0,0.052,13.21,0.009,0.0,0.377,10.4,0.0,0.0,0.0,61.96,0.55,Side Dish,Generic,True,"Potatoes, o'brien, frozen, prepared",Generic
170455,Cooked Tahitian Taro,Vegetables and Vegetable Products,149.0,6.85,0.0,0.0,0.076,44.0,0.139,0.0,0.0,0.0,0.007,1.56,51.0,0.168,0.48,0.126,67.0,623.0,4.16,0.198,0.0008,54.0,0.0,0.044,0.68,0.088,0.0,0.117,38.0,0.0,0.0,0.0,86.46,0.1,Main Course,Generic,True,"Taro, tahitian, cooked, without salt",Asian
170456,Green Tomatoes,Vegetables and Vegetable Products,13.0,5.1,0.0,8.6,0.09,23.0,0.028,0.0,1.1,0.0,0.009,0.51,10.0,0.1,0.5,0.5,28.0,204.0,1.2,0.04,0.0004,13.0,4.0,0.06,0.2,0.032,0.0,0.081,23.4,0.0,0.38,0.0101,93.0,0.07,Side Dish,Generic,True,"Tomatoes, green, raw",Generic
170457,Fresh Red Tomatoes,Vegetables and Vegetable Products,10.0,3.89,0.0,6.7,0.059,18.0,0.028,0.0,1.2,0.0023,0.015,0.27,11.0,0.114,0.594,0.089,24.0,237.0,0.88,0.019,0.0,5.0,2.63,0.037,0.2,0.042,0.0,0.08,13.7,0.0,0.54,0.0079,94.52,0.17,Side Dish,Generic,True,"Tomatoes, red, ripe, raw, year round average",Generic
170459,Canned Tomato Paste,Vegetables and Vegetable Products,36.0,18.91,0.0,38.5,0.365,82.0,0.1,0.0,4.1,0.0,0.012,2.98,42.0,0.302,3.076,0.142,83.0,1014.0,4.32,0.153,0.0053,59.0,12.18,0.06,0.47,0.076,0.0,0.216,21.9,0.0,4.3,0.0114,73.5,0.63,Side Dish,Generic,True,"Tomato products, canned, paste, without salt added (Includes foods for USDA's Food Distribution Program)",Generic
170464,Cooked Tree Fern,Vegetables and Vegetable Products,8.0,10.98,0.0,0.0,0.202,40.0,0.009,0.0,3.7,0.0,0.015,0.16,5.0,0.539,3.5,0.063,4.0,5.0,0.29,0.3,0.0009,5.0,0.0,0.0,0.07,0.01,0.0,0.179,30.0,0.0,0.0,0.0,88.6,0.31,Side Dish,Generic,True,"Tree fern, cooked, without salt",Generic
170466,Turnip Greens,Vegetables and Vegetable Products,137.0,4.36,0.0,0.3,0.253,20.0,0.053,0.0,3.5,0.0,0.118,0.8,22.0,0.337,0.411,0.274,29.0,203.0,1.14,0.072,0.0009,29.0,0.53,0.045,0.23,0.381,0.0,0.18,27.4,0.0,1.88,0.3676,93.2,0.14,Side Dish,Generic,True,"Turnip greens, cooked, boiled, drained, without salt",Generic
170467,Canned Turnip Greens,Vegetables and Vegetable Products,118.0,2.42,0.0,0.0,0.083,14.0,0.07,0.0,1.7,0.0,0.041,1.51,20.0,0.277,0.362,0.04,21.0,141.0,1.36,0.063,0.0007,277.0,0.0,0.012,0.3,0.179,0.0,0.037,15.5,0.0,0.0,0.0,94.69,0.23,Side Dish,Generic,True,"Turnip greens, canned, solids and liquids",Generic
170469,Turnip Greens,Vegetables and Vegetable Products,152.0,4.98,0.0,0.5,0.15,29.0,0.099,0.0,3.4,0.0,0.039,1.94,26.0,0.475,0.468,0.069,34.0,224.0,3.35,0.074,0.0012,15.0,0.75,0.054,0.42,0.538,0.0,0.067,21.8,0.0,2.66,0.5189,90.4,0.41,Side Dish,Generic,True,"Turnip greens, frozen, cooked, boiled, drained, without salt",Generic
170472,Mixed Vegetables,Vegetables and Vegetable Products,25.0,13.09,0.0,24.1,0.083,65.0,0.031,0.0,4.4,0.0,0.019,0.82,22.0,0.379,0.851,0.151,51.0,169.0,2.86,0.12,0.0003,35.0,3.12,0.071,0.15,0.214,0.0,0.074,3.2,0.0,0.38,0.0235,83.23,0.49,Side Dish,Generic,True,"Vegetables, mixed, frozen, cooked, boiled, drained, without salt",Generic
170479,Canned Harvard Beets,Vegetables and Vegetable Products,11.0,18.18,0.0,0.0,0.097,73.0,0.009,0.0,2.5,0.0,0.029,0.36,19.0,0.241,0.084,0.15,17.0,164.0,0.84,0.05,0.0011,162.0,0.0,0.01,0.06,0.001,0.0,0.055,2.4,0.0,0.0,0.0,80.16,0.23,Side Dish,Generic,True,"Beets, harvard, canned, solids and liquids",Generic
170482,Boiled Borage,Vegetables and Vegetable Products,102.0,3.55,0.0,0.0,0.143,25.0,0.197,0.0,0.0,0.0,0.01,3.64,57.0,0.385,0.94,0.045,55.0,491.0,2.09,0.165,0.0009,88.0,0.0,0.059,0.81,0.219,0.0,0.088,32.5,0.0,0.0,0.0,91.88,0.22,Side Dish,Generic,True,"Borage, cooked, boiled, drained, without salt",Generic
170488,Boiled Summer Squash,Vegetables and Vegetable Products,27.0,4.31,0.0,7.9,0.103,20.0,0.064,0.0,1.4,0.0,0.02,0.36,24.0,0.213,0.513,0.137,39.0,192.0,0.91,0.041,0.0002,1.0,2.59,0.044,0.31,0.011,0.0,0.065,5.5,0.0,0.14,0.0035,93.7,0.39,Side Dish,Generic,True,"Squash, summer, all varieties, cooked, boiled, drained, without salt",Generic
170490,Baked Winter Squash,Vegetables and Vegetable Products,22.0,8.85,0.0,10.6,0.082,37.0,0.072,0.0,2.8,0.0,0.02,0.44,13.0,0.187,0.495,0.234,19.0,241.0,0.89,0.067,0.0004,1.0,3.3,0.016,0.35,0.261,0.0,0.161,9.6,0.0,0.12,0.0044,89.21,0.22,Side Dish,Generic,True,"Squash, winter, all varieties, cooked, baked, without salt",Generic
170492,Corn Pudding,Vegetables and Vegetable Products,39.0,16.97,72.0,55.5,0.043,131.0,2.451,0.093,1.2,0.0,0.029,0.53,15.0,0.079,1.033,0.0,90.0,176.0,4.42,0.154,0.0060999999999999,282.0,6.59,0.069,5.04,0.057,0.00031,0.127,3.7,0.0005,0.27,0.0005,72.33,0.48,Main Course,Generic,True,"Corn pudding, home prepared",Western
170493,Homemade Mashed Potatoes,Vegetables and Vegetable Products,24.0,17.57,2.0,13.3,0.145,83.0,0.302,0.0,1.5,0.0,0.008,0.27,18.0,0.119,1.118,0.485,46.0,296.0,1.91,0.041,0.0008,302.0,1.48,0.089,0.57,0.007,7.000000000000001e-05,0.232,6.2,0.0002,0.02,0.0018,78.48,0.28,Side Dish,Generic,True,"Potatoes, mashed, home-prepared, whole milk added",Western
170494,Spinach Souffle,Vegetables and Vegetable Products,165.0,5.9,118.0,61.0,0.059,172.0,6.091,0.188,0.7,0.0047,0.077,1.19,30.0,0.269,0.479,0.438,139.0,231.0,7.89,0.263,0.0111,566.0,1.85,0.082,12.95,0.244,0.0004,0.098,7.3,0.0008,0.93,0.1265,70.73,0.85,Main Course,Generic,True,Spinach souffle,Western
170498,Home-Prepared O'Brien Potatoes,Vegetables and Vegetable Products,36.0,15.47,4.0,0.0,0.129,81.0,0.797,0.0,0.0,0.0,0.008,0.47,18.0,0.121,1.008,0.436,50.0,266.0,2.35,0.056,0.0012,217.0,0.0,0.075,1.28,0.0,0.0,0.213,16.7,0.0,0.0,0.0,79.6,0.3,Main Course,Generic,True,"Potatoes, o'brien, home-prepared",Generic
170502,Orange Tomatoes,Vegetables and Vegetable Products,5.0,3.18,0.0,0.0,0.062,16.0,0.025,0.0,0.9,0.0,0.029,0.47,8.0,0.088,0.593,0.186,29.0,212.0,1.16,0.034,0.0004,42.0,0.0,0.046,0.19,0.075,0.0,0.06,16.0,0.0,0.0,0.0,94.78,0.14,Snack,Generic,True,"Tomatoes, orange, raw",Generic
170503,Cooked Mustard Greens,Vegetables and Vegetable Products,118.0,4.51,0.0,0.3,0.098,26.0,0.012,0.0,2.0,0.0,0.009,0.87,13.0,0.0,0.433,0.12,42.0,162.0,2.56,0.063,0.0006,252.0,1.41,0.041,0.47,0.527,0.0,0.098,25.3,0.0,1.78,0.5927,91.78,0.15,Side Dish,Generic,True,"Mustard greens, cooked, boiled, drained, with salt",Generic
170504,Cooked Mustard Greens,Vegetables and Vegetable Products,101.0,3.11,0.0,0.3,0.058,19.0,0.013,0.0,2.8,0.0,0.07,1.12,13.0,0.294,0.258,0.016,24.0,139.0,2.27,0.053,0.0006,261.0,0.32,0.04,0.25,0.354,0.0,0.108,13.8,0.0,1.35,0.3351,93.8,0.2,Side Dish,Generic,True,"Mustard greens, frozen, cooked, boiled, drained, with salt",Generic
170505,Boiled Mustard Spinach,Vegetables and Vegetable Products,158.0,2.8,0.0,0.0,0.05,16.0,0.0,0.0,2.0,0.0,0.073,0.8,7.0,0.27,0.43,0.119,18.0,285.0,1.7,0.062,0.0006,250.0,0.0,0.041,0.2,0.41,0.0,0.097,65.0,0.0,0.0,0.0,94.5,0.11,Side Dish,Generic,True,"Mustard spinach, (tendergreen), cooked, boiled, drained, with salt",Generic
170506,Cooked New Zealand Spinach with Salt,Vegetables and Vegetable Products,48.0,2.13,0.0,0.0,0.077,12.0,0.027,0.0,1.4,0.0,0.008,0.66,32.0,0.526,0.39,0.256,22.0,102.0,1.3,0.107,0.0009,343.0,0.25,0.03,0.17,0.0,0.0,0.237,16.0,0.0,1.23,0.292,94.8,0.31,Side Dish,Generic,True,"New zealand spinach, cooked, boiled, drained, with salt",Generic
170507,Boiled Onions,Vegetables and Vegetable Products,27.0,6.11,0.0,4.4,0.024,26.0,0.009,0.0,1.4,0.0,0.013,0.34,8.0,0.04,0.132,0.078,2.0,101.0,0.71,0.018,0.0004,244.0,2.9,0.016,0.05,0.0,0.0,0.07,5.1,0.0,0.01,0.0003,92.24,0.09,Side Dish,Generic,True,"Onions, frozen, whole, cooked, boiled, drained, with salt",Generic
170508,Boiled Parsnips,Vegetables and Vegetable Products,37.0,17.01,0.0,27.0,0.138,71.0,0.05,0.0,4.0,0.0,0.058,0.58,29.0,0.294,0.724,0.588,69.0,367.0,1.32,0.051,0.0017,246.0,4.8,0.083,0.3,0.0,0.0,0.093,13.0,0.0,1.0,0.001,80.24,0.26,Side Dish,Generic,True,"Parsnips, cooked, boiled, drained, with salt",Generic
170509,Cooked Peas,Vegetables and Vegetable Products,42.0,6.46,0.0,17.4,0.077,40.0,0.044,0.0,2.8,0.0,0.029,1.97,26.0,0.168,0.539,0.673,55.0,240.0,3.27,0.076,0.0007,240.0,3.99,0.128,0.23,0.052,0.0,0.144,47.9,0.0,0.39,0.025,88.91,0.37,Side Dish,Generic,True,"Peas, edible-podded, cooked, boiled, drained, with salt",Generic
170510,Cooked Frozen Edible Pod Peas,Vegetables and Vegetable Products,59.0,8.43,0.0,21.0,0.09,50.0,0.073,0.0,3.1,0.0,0.035,2.4,28.0,0.28,0.563,0.857,58.0,217.0,3.5,0.119,0.0008,241.0,4.82,0.064,0.38,0.066,0.0,0.174,22.0,0.0,0.47,0.0302,86.6,0.49,Side Dish,Generic,True,"Peas, edible-podded, frozen, cooked, boiled, drained, with salt",Generic
170511,Cooked Sprouted Peas,Vegetables and Vegetable Products,26.0,17.08,0.0,0.0,0.02,98.0,0.09,0.0,0.0,0.0,0.036,1.67,41.0,0.325,1.072,0.683,24.0,268.0,7.05,0.285,0.0006,239.0,0.0,0.216,0.51,0.005,0.0,0.128,6.6,0.0,0.0,0.0,74.37,0.78,Side Dish,Generic,True,"Peas, mature seeds, sprouted, cooked, boiled, drained, with salt",Generic
170512,Canned Peas and Carrots,Vegetables and Vegetable Products,23.0,8.48,0.0,12.6,0.103,38.0,0.049,0.0,3.3,0.0,0.018,0.75,14.0,0.357,0.581,0.12,46.0,100.0,2.17,0.053,0.0009,4.0,2.83,0.074,0.27,0.343,0.0,0.088,6.6,0.0,0.38,0.0131,88.15,0.58,Side Dish,Generic,True,"Peas and carrots, canned, no salt added, solids and liquids",Generic
170513,Cooked Peas and Carrots,Vegetables and Vegetable Products,23.0,10.12,0.0,18.1,0.076,48.0,0.077,0.0,3.1,0.0,0.026,0.94,16.0,0.202,1.154,0.163,49.0,158.0,3.09,0.064,0.0011,304.0,4.36,0.225,0.42,0.476,0.0,0.087,8.1,0.0,0.52,0.0188,85.8,0.45,Side Dish,Generic,True,"Peas and carrots, frozen, cooked, boiled, drained, with salt",Generic
170514,Peas and Onions,Vegetables and Vegetable Products,14.0,8.63,0.0,15.9,0.063,45.0,0.036,0.0,2.2,0.0,0.02,0.94,13.0,0.166,1.044,0.09,34.0,117.0,2.54,0.069,0.0004,273.0,3.77,0.15,0.2,0.053,0.0,0.087,6.9,0.0,0.02,0.0121,88.18,0.29,Side Dish,Generic,True,"Peas and onions, frozen, cooked, boiled, drained, with salt",Generic
170515,Cooked Red Bell Peppers,Vegetables and Vegetable Products,9.0,6.11,0.0,5.8,0.065,26.0,0.029,0.0,1.2,0.0,0.016,0.46,10.0,0.115,0.477,0.079,18.0,166.0,0.92,0.03,0.0003,238.0,4.39,0.059,0.2,0.147,0.0,0.233,171.0,0.0,1.65,0.0050999999999999,91.87,0.12,Side Dish,Generic,True,"Peppers, sweet, red, cooked, boiled, drained, with salt",Generic
170516,Cooked Chopped Green Peppers,Vegetables and Vegetable Products,8.0,3.31,0.0,0.0,0.044,16.0,0.027,0.0,0.9,0.0,0.01,0.52,7.0,0.097,1.082,0.023,13.0,72.0,0.95,0.031,0.0002,240.0,0.0,0.051,0.18,0.0,0.0,0.108,41.2,0.0,0.0,0.0,94.7,0.05,Side Dish,Generic,True,"Peppers, sweet, green, frozen, chopped, cooked, boiled, drained, with salt",Generic
170519,Boiled Potatoes,Vegetables and Vegetable Products,45.0,17.2,0.0,0.0,0.878,78.0,0.026,0.0,3.3,0.0,0.01,6.07,30.0,1.338,1.222,0.361,54.0,407.0,2.86,0.036,0.0003,250.0,0.0,0.032,0.1,0.0,0.0,0.239,5.2,0.0,0.0,0.0,77.8,0.44,Side Dish,Generic,True,"Potatoes, boiled, cooked in skin, skin, with salt",Generic
170520,Boiled Potatoes,Vegetables and Vegetable Products,8.0,20.01,0.0,13.2,0.167,86.0,0.026,0.0,2.0,0.0,0.009,0.31,20.0,0.14,1.312,0.509,40.0,328.0,1.71,0.019,0.0003,241.0,0.89,0.098,0.1,0.0,0.0,0.269,7.4,0.0,0.01,0.0022,77.46,0.27,Side Dish,Generic,True,"Potatoes, boiled, cooked without skin, flesh, with salt",Generic
170521,Microwaved Potatoes,Vegetables and Vegetable Products,11.0,24.24,0.0,0.0,0.334,105.0,0.026,0.0,2.3,0.0,0.012,1.24,27.0,0.292,1.714,0.454,105.0,447.0,2.44,0.032,0.0004,244.0,0.0,0.12,0.1,0.0,0.0,0.344,15.1,0.0,0.0,0.0,72.04,0.36,Side Dish,Generic,True,"Potatoes, microwaved, cooked, in skin, flesh and skin, with salt",Generic
170522,Microwaved Potatoes with Salt,Vegetables and Vegetable Products,5.0,23.28,0.0,0.0,0.237,100.0,0.026,0.0,1.6,0.0,0.012,0.41,25.0,0.17,1.625,0.597,109.0,411.0,2.1,0.025,0.0004,243.0,0.0,0.129,0.1,0.0,0.0,0.319,15.1,0.0,0.0,0.0,73.55,0.33,Side Dish,Generic,True,"Potatoes, microwaved, cooked in skin, flesh, with salt",Generic
170523,Frozen French Fries,Vegetables and Vegetable Products,9.0,24.81,0.0,0.0,0.093,147.0,0.94,0.0,1.9,0.0,0.0,0.62,21.0,0.158,2.038,0.473,83.0,408.0,2.24,0.048,0.0,23.0,0.2,0.098,4.66,0.0,0.0,0.178,17.3,0.0,0.1,0.0022,66.61,0.35,Snack,Generic,True,"Potatoes, french fried, all types, salt not added in processing, frozen, as purchased",Generic
170524,Au Gratin Potatoes,Vegetables and Vegetable Products,119.0,11.27,15.0,0.0,0.16,132.0,3.53,0.0,1.8,0.0,0.013,0.64,20.0,0.161,0.993,0.387,113.0,396.0,5.06,0.116,0.0027,433.0,0.0,0.064,7.59,0.064,0.0,0.174,9.9,0.0,0.0,0.0,74.0,0.69,Main Course,Generic,True,"Potatoes, au gratin, home-prepared from recipe using margarine",Western
170525,Scalloped Potatoes,Vegetables and Vegetable Products,57.0,10.78,6.0,0.0,0.163,88.0,1.377,0.0,1.9,0.0315,0.013,0.57,19.0,0.166,1.053,0.514,63.0,378.0,2.87,0.092,0.0016,335.0,0.0,0.069,3.68,0.033,0.0,0.178,10.6,0.0,0.0,0.0,80.94,0.4,Main Course,Generic,True,"Potatoes, scalloped, home-prepared with margarine",Western
170526,Cooked Pumpkin,Vegetables and Vegetable Products,15.0,4.31,0.0,6.2,0.091,18.0,0.037,0.0,1.1,0.0,0.009,0.57,9.0,0.089,0.413,0.201,30.0,230.0,0.72,0.078,0.0002,237.0,2.08,0.031,0.07,0.288,0.0,0.044,4.7,0.0,0.8,0.0008,93.69,0.23,Side Dish,Generic,True,"Pumpkin, cooked, boiled, drained, with salt",Generic
170527,Canned Pumpkin,Vegetables and Vegetable Products,26.0,8.09,0.0,9.8,0.107,34.0,0.146,0.0,2.9,0.0,0.012,1.39,23.0,0.149,0.367,0.4,35.0,206.0,1.1,0.054,0.0004,241.0,3.3,0.024,0.28,0.778,0.0,0.056,4.2,0.0,1.06,0.016,89.97,0.17,Side Dish,Generic,True,"Pumpkin, canned, with salt",Generic
170528,Cooked Rutabagas,Vegetables and Vegetable Products,18.0,6.84,0.0,15.2,0.029,30.0,0.029,0.0,1.8,0.0,0.015,0.18,10.0,0.097,0.715,0.155,41.0,216.0,0.93,0.041,0.0007,254.0,3.95,0.082,0.18,0.0,0.0,0.102,18.8,0.0,0.24,0.0002,91.54,0.12,Side Dish,Generic,True,"Rutabagas, cooked, boiled, drained, with salt",Generic
170529,Cooked Salsify,Vegetables and Vegetable Products,47.0,15.36,0.0,25.9,0.07,68.0,0.0,0.0,3.1,0.0,0.015,0.55,18.0,0.21,0.392,0.276,56.0,283.0,2.73,0.173,0.0006,252.0,2.9,0.056,0.17,0.0,0.0,0.218,4.6,0.0,0.19,0.0003,81.0,0.3,Side Dish,Generic,True,"Salsify, cooked, boiled, drained, with salt",Generic
170530,Salted Green Soybeans,Vegetables and Vegetable Products,145.0,11.05,0.0,0.0,0.117,141.0,0.74,0.0,4.2,0.0,0.111,2.5,60.0,0.502,1.25,0.128,158.0,539.0,12.35,0.155,0.0014,250.0,0.0,0.26,6.4,0.008,0.0,0.06,17.0,0.0,0.0,0.0,68.6,0.91,Main Course,Generic,True,"Soybeans, green, cooked, boiled, drained, with salt",Asian
170531,Cooked Spinach,Vegetables and Vegetable Products,136.0,3.75,0.0,19.7,0.174,23.0,0.043,0.0,2.4,0.0378,0.146,3.57,87.0,0.935,0.49,0.145,56.0,466.0,2.97,0.236,0.0015,306.0,0.43,0.095,0.26,0.524,0.0,0.242,9.8,0.0,2.08,0.4936,91.21,0.76,Side Dish,Generic,True,"Spinach, cooked, boiled, drained, with salt",Generic
170532,Cooked Summer Squash,Vegetables and Vegetable Products,20.0,5.54,0.0,9.7,0.073,25.0,0.04,0.0,1.4,0.0,0.013,0.52,27.0,0.263,0.44,0.102,41.0,253.0,1.28,0.047,0.0003,242.0,2.33,0.036,0.2,0.01,0.0,0.099,6.8,0.0,0.15,0.0054,92.24,0.34,Side Dish,Generic,True,"Squash, summer, crookneck and straightneck, frozen, cooked, boiled, drained, with salt",Generic
170533,Boiled Summer Squash,Vegetables and Vegetable Products,15.0,3.3,0.0,6.2,0.083,16.0,0.035,0.0,1.9,0.0,0.021,0.33,19.0,0.128,0.464,0.079,28.0,140.0,1.03,0.025,0.0002,237.0,1.5,0.051,0.17,0.004,0.0,0.085,10.8,0.0,0.12,0.0035,95.0,0.24,Side Dish,Generic,True,"Squash, summer, scallop, cooked, boiled, drained, with salt",Generic
170534,Zucchini,Vegetables and Vegetable Products,18.0,2.69,0.0,9.4,0.052,15.0,0.072,0.0,1.0,0.0,0.028,0.37,19.0,0.173,0.51,0.288,37.0,264.0,1.14,0.024,0.0002,239.0,1.71,0.035,0.36,0.056,0.0,0.08,12.9,0.0,0.12,0.0042,95.22,0.33,Side Dish,Generic,True,"Squash, summer, zucchini, includes skin, cooked, boiled, drained, with salt",Generic
170535,Cooked Zucchini,Vegetables and Vegetable Products,17.0,2.97,0.0,9.4,0.047,14.0,0.027,0.0,1.3,0.0,0.008,0.48,13.0,0.23,0.386,0.265,25.0,194.0,1.15,0.04,0.0002,238.0,1.69,0.041,0.13,0.009,0.0,0.045,3.7,0.0,0.12,0.0042,94.74,0.2,Side Dish,Generic,True,"Squash, summer, zucchini, includes skin, frozen, cooked, boiled, drained, with salt",Generic
170536,Boiled Butternut Squash,Vegetables and Vegetable Products,19.0,10.04,0.0,0.0,0.036,39.0,0.014,0.0,0.0,0.0,0.016,0.58,9.0,0.173,0.464,0.154,14.0,133.0,1.23,0.039,0.0005,238.0,0.0,0.05,0.07,0.167,0.0,0.069,3.5,0.0,0.0,0.0,87.8,0.12,Side Dish,Generic,True,"Squash, winter, butternut, frozen, cooked, boiled, with salt",Generic
170537,Baked Hubbard Squash,Vegetables and Vegetable Products,17.0,10.81,0.0,14.6,0.045,50.0,0.128,0.0,4.9,0.0,0.016,0.47,22.0,0.17,0.558,0.447,23.0,358.0,2.48,0.047,0.0006,244.0,4.9,0.074,0.62,0.335,0.0,0.172,9.5,0.0,0.2,0.0016,85.1,0.15,Side Dish,Generic,True,"Squash, winter, hubbard, baked, with salt",Generic
170538,Mashed Hubbard Squash,Vegetables and Vegetable Products,10.0,6.46,0.0,8.7,0.047,30.0,0.076,0.0,2.9,0.0,0.01,0.28,13.0,0.126,0.334,0.297,14.0,214.0,1.48,0.028,0.0003,241.0,2.93,0.042,0.37,0.2,0.0,0.103,6.5,0.0,0.12,0.001,91.1,0.1,Side Dish,Generic,True,"Squash, winter, hubbard, cooked, boiled, mashed, with salt",Generic
170539,Spaghetti Squash,Vegetables and Vegetable Products,21.0,6.46,0.0,7.5,0.035,27.0,0.062,0.0,1.4,0.0,0.008,0.34,11.0,0.109,0.81,0.355,0.0,117.0,0.66,0.022,0.0003,254.0,2.53,0.038,0.26,0.006,0.0,0.099,3.5,0.0,0.12,0.0008,92.3,0.2,Side Dish,Generic,True,"Squash, winter, spaghetti, cooked, boiled, drained, or baked, with salt",Generic
170540,Cooked Succotash,Vegetables and Vegetable Products,17.0,24.37,0.0,0.0,0.179,111.0,0.148,0.0,0.0,0.0,0.033,1.52,53.0,0.769,1.327,0.567,117.0,410.0,5.07,0.096,0.0006,253.0,0.0,0.168,0.8,0.015,0.0,0.116,8.2,0.0,0.0,0.0,68.37,0.63,Side Dish,Generic,True,"Succotash, (corn and limas), cooked, boiled, drained, with salt",Generic
170541,Cooked Sweet Potatoes,Vegetables and Vegetable Products,27.0,17.72,0.0,10.8,0.094,76.0,0.04,0.0,2.5,0.0,0.006,0.72,18.0,0.266,0.538,0.581,32.0,230.0,1.37,0.047,0.0002,263.0,5.74,0.056,0.14,0.787,0.0,0.165,12.8,0.0,0.94,0.0021,80.13,0.2,Side Dish,Generic,True,"Sweet potato, cooked, boiled, without skin, with salt",Generic
170542,Baked Sweet Potatoes,Vegetables and Vegetable Products,35.0,23.4,0.0,0.0,0.183,100.0,0.026,0.0,1.8,0.0,0.022,0.54,21.0,0.665,0.555,0.56,44.0,377.0,1.71,0.056,0.0006,244.0,0.0,0.066,0.12,0.8210000000000001,0.0,0.186,9.1,0.0,0.0,0.0,73.7,0.3,Side Dish,Generic,True,"Sweet potato, frozen, cooked, baked, with salt",Generic
170543,Cooked Taro,Vegetables and Vegetable Products,18.0,34.6,0.0,21.3,0.201,142.0,0.023,0.0,5.1,0.0,0.019,0.72,30.0,0.449,0.51,0.336,76.0,484.0,0.52,0.028,0.0009,251.0,0.49,0.107,0.11,0.004,0.0,0.331,5.0,0.0,2.93,0.0012,63.8,0.27,Side Dish,Generic,True,"Taro, cooked, with salt",Asian
170544,Steamed Taro Leaves,Vegetables and Vegetable Products,86.0,3.89,0.0,0.0,0.14,24.0,0.083,0.0,2.0,0.0,0.048,1.18,20.0,0.371,1.267,0.044,27.0,460.0,2.72,0.38,0.0009,238.0,0.0,0.139,0.41,0.212,0.0,0.072,35.5,0.0,0.0,0.0,92.15,0.21,Side Dish,Generic,True,"Taro, leaves, cooked, steamed, with salt",Asian
170547,Cooked Turnips,Vegetables and Vegetable Products,22.0,5.06,0.0,8.7,0.064,22.0,0.008,0.0,2.0,0.0,0.009,0.22,8.0,0.1,0.299,0.142,19.0,135.0,0.71,0.023,0.0006,286.0,2.99,0.027,0.08,0.0,0.0,0.067,11.6,0.0,0.02,0.0001,93.6,0.2,Side Dish,Generic,True,"Turnips, cooked, boiled, drained, with salt",Generic
170548,Boiled Turnips,Vegetables and Vegetable Products,32.0,3.73,0.0,8.7,0.063,21.0,0.025,0.0,2.0,0.0,0.008,0.98,14.0,0.1,0.56,0.141,26.0,182.0,1.53,0.028,0.0006,272.0,1.73,0.035,0.24,0.0,0.0,0.067,3.9,0.0,0.02,0.0001,93.6,0.2,Side Dish,Generic,True,"Turnips, frozen, cooked, boiled, drained, with salt",Generic
170551,Boiled Yam,Vegetables and Vegetable Products,14.0,26.99,0.0,16.2,0.152,114.0,0.029,0.0,3.9,0.0,0.016,0.52,18.0,0.371,0.552,0.311,49.0,670.0,1.49,0.028,0.0007,244.0,0.49,0.095,0.14,0.006,0.0,0.228,12.1,0.0,0.34,0.0023,70.13,0.2,Side Dish,Generic,True,"Yam, cooked, boiled, drained, or baked, with salt",Asian
170554,Dried Chia Seeds,Nut and Seed Products,631.0,42.12,0.0,0.0,0.924,486.0,3.33,0.14,34.4,0.0,0.0,7.72,335.0,2.723,8.83,0.0,860.0,407.0,16.54,0.17,0.0552,16.0,0.0,0.62,30.74,0.0,0.0,0.0,1.6,0.0,0.5,0.0,5.8,4.58,Snack,Generic,True,"Seeds, chia seeds, dried",Generic
170556,Dried Pumpkin Seeds,Nut and Seed Products,46.0,10.71,0.0,63.0,1.343,559.0,8.659,0.064,6.0,0.0,0.058,8.82,592.0,4.543,4.987,0.75,1233.0,809.0,30.23,0.153,0.0094,7.0,1.4,0.273,49.05,0.001,0.0,0.143,1.9,0.0,2.18,0.0073,5.23,7.81,Snack,Generic,True,"Seeds, pumpkin and squash seed kernels, dried",Generic
170557,Roasted Pumpkin Seeds,Nut and Seed Products,52.0,14.71,0.0,63.0,1.275,574.0,8.544,0.042,6.5,0.0,0.057,8.07,550.0,4.49,4.43,0.57,1174.0,788.0,29.84,0.15,0.0094,18.0,1.29,0.07,49.05,0.0,0.0,0.1,1.8,0.0,0.56,0.0045,2.03,7.64,Snack,Generic,True,"Seeds, pumpkin and squash seed kernels, roasted, without salt",Generic
170558,Safflower Seeds,Nut and Seed Products,78.0,34.29,0.0,0.0,1.747,517.0,3.682,0.0,0.0,0.0,0.16,4.9,353.0,2.014,2.284,4.03,644.0,687.0,16.18,0.415,0.0,3.0,0.0,1.163,38.45,0.003,0.0,1.17,0.0,0.0,0.0,0.0,5.62,5.05,Snack,Generic,True,"Seeds, safflower seed kernels, dried",Generic
170562,Sunflower Seed Kernels,Nut and Seed Products,78.0,20.0,0.0,55.1,1.8,584.0,4.455,0.0,8.6,0.0,0.227,5.25,325.0,1.95,8.335,1.13,660.0,645.0,20.78,0.355,0.053,9.0,2.62,1.48,51.46,0.003,0.0,1.345,1.4,0.0,35.17,0.0,4.73,5.0,Snack,Generic,True,"Seeds, sunflower seed kernels, dried",Generic
170563,Dry Roasted Sunflower Seeds,Nut and Seed Products,70.0,24.07,0.0,55.1,1.83,582.0,5.219,0.0,11.1,0.0,0.237,3.8,129.0,2.11,7.042,7.042,1155.0,850.0,19.33,0.246,0.0793,3.0,2.73,0.106,49.8,0.0,0.0,0.804,1.4,0.0,26.1,0.0027,1.2,5.29,Snack,Generic,True,"Seeds, sunflower seed kernels, dry roasted, without salt",Generic
170564,Oil-Roasted Sunflower Seeds,Nut and Seed Products,87.0,22.89,0.0,55.1,1.804,592.0,7.068,0.158,10.6,0.0,0.234,4.28,127.0,2.08,4.13,6.942,1139.0,483.0,20.06,0.28,0.0782,3.0,3.11,0.32,51.3,0.0,0.0,0.792,1.1,0.0,36.33,0.0031,1.54,5.21,Snack,Generic,True,"Seeds, sunflower seed kernels, oil roasted, without salt",Generic
170567,Almonds,Nut and Seed Products,269.0,21.55,0.0,52.1,1.031,579.0,3.802,0.015,12.5,0.0,0.044,3.71,270.0,2.179,3.618,0.471,481.0,733.0,21.15,1.138,0.0040999999999999,1.0,4.35,0.205,49.93,0.0,0.0,0.137,0.0,0.0,25.63,0.0,4.41,3.12,Snack,Generic,True,"Nuts, almonds",Generic
170568,Blanched Almonds,Nut and Seed Products,236.0,18.67,0.0,52.1,1.027,590.0,3.953,0.019,9.9,0.0,0.049,3.28,268.0,1.835,3.5,0.314,481.0,659.0,21.4,0.711,0.0032,19.0,4.63,0.191,52.52,0.0,0.0,0.115,0.0,0.0,23.75,0.0,4.51,2.97,Snack,Generic,True,"Nuts, almonds, blanched",Generic
170569,Dried Brazil Nuts,Nut and Seed Products,160.0,11.74,0.0,28.8,1.743,659.0,16.134,0.0,7.5,0.0,0.022,2.43,376.0,1.223,0.295,0.184,725.0,659.0,14.32,0.035,1.917,3.0,2.33,0.617,67.1,0.0,0.0,0.101,0.7,0.0,5.65,0.0,3.42,4.06,Snack,Generic,True,"Nuts, brazilnuts, dried, unblanched",Generic
170571,Dry Roasted Cashews,Nut and Seed Products,45.0,32.69,0.0,61.0,2.22,574.0,9.157,0.0,3.0,0.0,0.069,6.0,260.0,0.826,1.4,1.217,490.0,565.0,15.31,0.2,0.0117,16.0,5.01,0.2,46.35,0.0,0.0,0.256,0.0,0.0,0.92,0.0347,1.7,5.6,Snack,Generic,True,"Nuts, cashew nuts, dry roasted, without salt added",Generic
170572,Oil Roasted Cashews,Nut and Seed Products,43.0,29.87,0.0,61.0,2.043,580.0,8.478,0.0,3.3,0.0,0.025,6.05,273.0,1.668,1.736,0.88,531.0,632.0,16.84,0.218,0.0203,13.0,5.01,0.363,47.77,0.0,0.0,0.323,0.3,0.0,0.92,0.0347,3.48,5.35,Snack,Generic,True,"Nuts, cashew nuts, oil roasted, without salt added",Generic
170573,Roasted Chestnuts,Nut and Seed Products,19.0,52.36,0.0,0.0,0.387,239.0,0.175,0.0,0.0,0.0,0.072,1.5,90.0,1.708,1.5,0.592,102.0,477.0,4.48,0.09,0.0,4.0,0.0,0.15,1.19,0.0,0.0,0.437,38.4,0.0,0.0,0.0,40.2,0.93,Snack,Generic,True,"Nuts, chestnuts, chinese, roasted",Generic
170575,Peeled Chestnuts,Nut and Seed Products,19.0,44.17,0.0,0.0,0.418,196.0,0.235,0.0,0.0,0.0,0.058,0.94,30.0,0.336,1.102,0.476,38.0,484.0,1.63,0.016,0.0,2.0,0.0,0.144,1.25,0.001,0.0,0.352,40.2,0.0,0.0,0.0,52.0,0.49,Snack,Generic,True,"Nuts, chestnuts, european, raw, peeled",Generic
170576,Dried European Chestnuts,Nut and Seed Products,67.0,77.31,0.0,0.0,0.65,374.0,0.837,0.0,11.7,0.0,0.109,2.38,74.0,1.3,0.85,0.897,175.0,986.0,6.39,0.36,0.0018,37.0,0.0,0.295,4.45,0.0,0.0,0.663,15.0,0.0,0.0,0.0,9.45,0.35,Snack,Generic,True,"Nuts, chestnuts, european, dried, unpeeled",Generic
170577,Sweetened Flaked Coconut,Nut and Seed Products,11.0,51.85,0.0,19.3,0.295,456.0,26.396,0.002,9.9,0.0,0.003,1.51,51.0,0.959,0.697,0.14,100.0,361.0,3.13,0.015,0.0161,285.0,36.75,0.015,27.99,0.0,0.0,0.03,0.0,0.0,0.0,0.0,15.46,0.71,Snack,Generic,True,"Nuts, coconut meat, dried (desiccated), sweetened, flaked, packaged",Generic
170578,Sweetened Coconut Flakes,Nut and Seed Products,14.0,40.91,0.0,0.0,0.308,443.0,28.101,0.0,4.5,0.0,0.007,1.84,49.0,2.171,0.305,0.633,103.0,324.0,3.35,0.02,0.0,20.0,0.0,0.03,31.69,0.0,0.0,0.237,0.0,0.0,0.0,0.0,23.27,1.59,Snack,Generic,True,"Nuts, coconut meat, dried (desiccated), sweetened, flaked, canned",Generic
170579,Toasted Coconut Flakes,Nut and Seed Products,27.0,44.4,0.0,0.0,0.812,592.0,41.678,0.0,0.0,0.0,0.009,3.39,92.0,2.801,0.616,0.817,211.0,554.0,5.3,0.102,0.0,37.0,0.0,0.061,47.0,0.0,0.0,0.306,1.5,0.0,0.0,0.0,1.0,2.05,Snack,Generic,True,"Nuts, coconut meat, dried (desiccated), toasted",Generic
170580,Coconut Cream,Nut and Seed Products,11.0,6.65,0.0,0.0,0.378,330.0,30.753,0.0,2.2,0.0,0.023,2.28,28.0,1.304,0.89,0.261,122.0,325.0,3.63,0.0,0.0,4.0,0.0,0.03,34.68,0.0,0.0,0.047,2.8,0.0,0.0,0.0,53.9,0.96,Drink,Generic,True,"Nuts, coconut cream, raw (liquid expressed from grated meat)",Generic
170581,Hazelnuts,Nut and Seed Products,114.0,16.7,0.0,45.6,1.725,628.0,4.464,0.0,9.7,0.0,0.113,4.7,163.0,6.175,1.8,0.918,290.0,680.0,14.95,0.113,0.0024,0.0,4.34,0.643,60.75,0.001,0.0,0.563,6.3,0.0,15.03,0.0141999999999999,5.31,2.45,Snack,Generic,True,"Nuts, hazelnuts or filberts",Generic
170582,Blanched Hazelnuts,Nut and Seed Products,149.0,17.0,0.0,0.0,1.6,629.0,4.669,0.0,11.0,0.0,0.078,3.3,160.0,12.65,1.55,0.815,310.0,658.0,13.7,0.11,0.0040999999999999,0.0,3.49,0.475,61.15,0.002,0.0,0.585,2.0,0.0,17.5,0.0,5.79,2.2,Snack,Generic,True,"Nuts, hazelnuts or filberts, blanched",Generic
170583,Dry Roasted Hazelnuts,Nut and Seed Products,123.0,17.6,0.0,0.0,1.75,646.0,4.511,0.0,9.4,0.0,0.088,4.38,173.0,5.55,2.05,0.923,310.0,755.0,15.03,0.123,0.0040999999999999,0.0,4.89,0.338,62.4,0.003,0.0,0.62,3.8,0.0,15.28,0.0,2.52,2.5,Snack,Generic,True,"Nuts, hazelnuts or filberts, dry roasted, without salt added",Generic
170585,Dry Roasted Mixed Nuts,Nut and Seed Products,87.0,22.42,0.0,59.2,1.52,607.0,8.01,0.033,6.4,0.0,0.06,3.73,227.0,2.61,6.22,0.0,438.0,643.0,19.5,0.4,0.0093,4.0,5.0,0.3,53.5,0.0,0.0,0.36,0.8,0.0,6.13,0.012,2.13,4.06,Snack,Generic,True,"Nuts, mixed nuts, dry roasted, with peanuts, without salt added",Generic
170586,Salted Dry Roasted Mixed Nuts,Nut and Seed Products,129.0,23.07,0.0,0.0,1.008,572.0,6.71,0.027,8.1,0.0,0.0,3.43,209.0,1.77,4.51,0.78,493.0,758.0,23.28,0.57,0.011,232.0,4.45,0.35,47.52,0.004,0.0,0.495,0.0,0.0,5.65,0.0089,2.87,3.42,Snack,Generic,True,"Nuts, mixed nuts, dry roasted, with peanuts, salt added, PLANTERS pistachio blend",Generic
170587,Oil-Roasted Mixed Nuts,Nut and Seed Products,117.0,21.05,0.0,52.0,0.907,607.0,8.711,0.055,7.0,0.0,0.083,2.61,229.0,2.04,7.709,1.14,456.0,632.0,20.04,0.196,0.0339,5.0,4.15,0.189,53.95,0.0,0.0,0.352,0.5,0.0,7.82,0.0057,2.08,3.36,Snack,Generic,True,"Nuts, mixed nuts, oil roasted, with peanuts, without salt added",Generic
170588,Oil-Roasted Mixed Nuts,Nut and Seed Products,106.0,22.27,0.0,0.0,1.795,615.0,9.087,0.0,5.5,0.0,0.056,2.57,251.0,1.547,1.964,0.962,449.0,544.0,15.52,0.486,0.0,11.0,0.0,0.504,56.17,0.001,0.0,0.18,0.5,0.0,0.0,0.0,3.15,4.66,Snack,Generic,True,"Nuts, mixed nuts, oil roasted, without peanuts, without salt added",Generic
170589,Oil Roasted Pecans,Nut and Seed Products,67.0,13.01,0.0,0.0,1.2,715.0,7.238,0.0,9.5,0.0,0.015,2.47,121.0,3.7,1.2,0.737,263.0,392.0,9.2,0.11,0.006,1.0,3.97,0.473,75.23,0.005,0.0,0.187,0.7,0.0,2.53,0.0,1.13,4.47,Snack,Generic,True,"Nuts, pecans, oil roasted, without salt added",Generic
170591,Dried Pine Nuts,Nut and Seed Products,16.0,13.08,0.0,55.8,1.324,673.0,4.899,0.0,3.7,0.0,0.034,5.53,251.0,8.802,4.387,0.313,575.0,597.0,13.69,0.227,0.0007,2.0,3.59,0.364,68.37,0.001,0.0,0.094,0.8,0.0,9.33,0.0538999999999999,2.28,6.45,Snack,Generic,True,"Nuts, pine nuts, dried",Generic
170592,Pine Nuts,Nut and Seed Products,8.0,19.3,0.0,0.0,1.035,629.0,9.377,0.0,10.7,0.0,0.058,3.06,234.0,4.333,4.37,0.21,35.0,628.0,11.57,0.223,0.0,72.0,0.0,1.243,60.98,0.001,0.0,0.111,2.0,0.0,0.0,0.0,5.9,4.28,Snack,Generic,True,"Nuts, pine nuts, pinyon, dried",Generic
170594,Salted Dry Roasted Walnuts,Nut and Seed Products,71.0,17.86,0.0,38.0,1.487,643.0,5.357,0.0,7.1,0.0,0.091,2.57,151.0,0.0,2.217,0.0,329.0,459.0,14.29,0.298,0.005,643.0,3.57,0.521,60.71,0.001,0.0,0.526,1.4,0.0,0.9,0.0033,4.39,2.98,Snack,Generic,True,"Nuts, walnuts, dry roasted, with salt added",Generic
170596,Roasted Cottonseed,Nut and Seed Products,100.0,21.9,0.0,0.0,1.2,506.0,9.699,0.0,5.5,0.0,0.233,5.4,440.0,2.181,3.0,0.456,800.0,1350.0,32.59,0.255,0.0,25.0,0.0,0.75,36.29,0.022,0.0,0.782,9.0,0.0,0.0,0.0,4.65,6.0,Snack,Generic,True,"Seeds, cottonseed kernels, roasted (glandless)",Generic
170605,Grilled Chuck Steak,Beef Products,14.0,0.14,93.0,91.3,0.11,220.0,5.28,0.798,0.0,0.0,0.006,3.31,23.0,0.017,3.617,0.92,205.0,314.0,26.5,0.247,0.0302,73.0,0.0,0.09,12.64,0.002,0.00373,0.418,0.0,0.0001,0.08,0.0016,59.72,10.05,Main Course,Generic,False,"Beef, chuck, under blade center steak, boneless, Denver Cut, separable lean only, trimmed to 0"" fat, all grades, cooked, grilled",Western
170645,Apricot Jam,Sweets,20.0,64.4,0.0,0.4,0.1,242.0,0.01,0.0,0.3,0.0,0.001,0.49,4.0,0.04,0.036,0.02,3.0,77.0,0.7,0.022,0.002,40.0,43.4,0.0,0.2,0.01,0.0,0.02,8.8,0.0,0.13,0.0,34.5,0.06,Side Dish,Generic,True,"Jams and preserves, apricot",Generic
170647,Low Sodium Corn Cakes,Snacks,19.0,83.4,0.0,0.0,0.42,387.0,0.42,0.0,0.0,0.0,0.019,1.4,114.0,1.815,5.15,0.83,157.0,157.0,8.1,0.05,0.0099,28.0,0.0,0.25,2.4,0.012,0.0,0.14,0.0,0.0,0.0,0.0,4.6,2.0,Snack,Generic,True,"Snacks, corn cakes, very low sodium",Generic
170648,Plain Potato Chips,Snacks,24.0,52.9,0.0,0.0,0.306,536.0,5.43,0.0,4.8,0.0,0.045,1.63,67.0,0.44,3.827,0.402,165.0,1275.0,7.0,0.197,0.0081,8.0,0.0,0.167,34.6,0.0,0.0,0.66,31.1,0.0,0.0,0.0,1.9,1.09,Snack,Generic,True,"Snacks, potato chips, plain, made with partially hydrogenated soybean oil, unsalted",Generic
170649,Plain Unsalted Potato Chips,Snacks,24.0,52.9,0.0,37.5,0.306,536.0,10.96,0.0,4.8,0.0,0.045,1.63,67.0,0.44,3.827,0.402,165.0,1275.0,7.0,0.197,0.0081,8.0,0.22,0.167,34.6,0.0,0.0,0.66,31.1,0.0,9.11,0.0221,1.9,1.09,Snack,Generic,True,"Snacks, potato chips, plain, unsalted",Generic
170650,Salted Hard Pretzels,Snacks,36.0,79.2,0.0,0.0,0.264,381.0,0.75,0.0,2.8,0.0,0.083,1.67,35.0,1.789,1.92,0.288,113.0,146.0,9.1,0.1,0.0058,1715.0,0.0,0.18,3.5,0.0,0.0,0.116,0.0,0.0,0.0,0.0,3.3,0.85,Snack,Generic,True,"Snacks, pretzels, hard, plain, made with unenriched flour, salted",Generic
170651,Plain Hard Pretzels,Snacks,36.0,79.2,0.0,0.0,0.264,381.0,0.75,0.0,2.8,0.0,0.083,1.67,35.0,1.789,1.92,0.288,113.0,146.0,9.1,0.1,0.0058,289.0,0.0,0.18,3.5,0.0,0.0,0.116,0.0,0.0,0.0,0.0,3.3,0.85,Snack,Generic,True,"Snacks, pretzels, hard, plain, made with unenriched flour, unsalted",Western
170652,Unsalted Brown Rice Cakes,Snacks,12.0,81.5,0.0,0.0,0.39,392.0,0.54,0.0,0.0,0.0,0.018,1.58,136.0,4.299,7.205,1.461,375.0,290.0,7.6,0.085,0.0241,4.0,0.0,0.048,3.8,0.0,0.0,0.155,3.0,0.0,0.0,0.0,5.9,3.0,Snack,Generic,True,"Snacks, rice cakes, brown rice, sesame seed, unsalted",Generic
170653,Unsalted Sesame Sticks,Snacks,170.0,46.5,0.0,0.0,0.406,541.0,6.48,0.0,0.0,0.0,0.022,0.74,45.0,0.904,1.552,0.234,138.0,177.0,10.9,0.063,0.0171,29.0,0.0,0.123,36.7,0.004,0.0,0.086,0.0,0.0,0.0,0.0,2.0,1.17,Snack,Generic,True,"Snacks, sesame sticks, wheat-based, unsalted",Generic
170654,Unsalted Trail Mix,Snacks,78.0,44.9,0.0,0.0,0.985,462.0,5.55,0.0,0.0,0.0,0.071,3.05,158.0,1.034,4.712,0.895,345.0,685.0,13.8,0.198,0.0,10.0,0.0,0.462,29.4,0.001,0.0,0.298,1.4,0.0,0.0,0.0,9.2,3.22,Snack,Generic,True,"Snacks, trail mix, regular, unsalted",Generic
170655,Trail Mix with Chocolate Chips,Snacks,109.0,44.9,0.0,0.0,0.844,484.0,6.1,0.0,0.0,0.0,0.065,3.39,161.0,1.062,4.405,0.964,387.0,648.0,14.2,0.224,0.0,27.0,0.0,0.413,31.9,0.013,0.0,0.259,1.3,0.0,0.0,0.0,6.6,3.14,Snack,Generic,True,"Snacks, trail mix, regular, with chocolate chips, unsalted nuts and seeds",Generic
170656,Sugar-Coated Almonds,Sweets,100.0,68.26,0.0,26.0,0.586,465.0,1.948,0.0,2.5,0.0,0.015,1.9,137.0,1.121,1.0,0.156,166.0,255.0,10.0,0.27,0.0017,13.0,62.5,0.05,17.93,0.0,0.0,0.06,0.0,0.0,12.36,0.0,2.3,1.56,Snack,Generic,True,"Candies, sugar-coated almonds",Generic
170658,Fruit and Nut Candies,Sweets,17.0,73.81,0.0,5.5,0.303,390.0,0.898,0.0,2.4,0.0,0.011,0.93,25.0,0.539,0.178,0.112,54.0,82.0,2.31,0.039,0.0014,131.0,45.95,0.047,9.52,0.0,0.0,0.082,0.2,0.0,0.1,0.0004,13.88,0.53,Snack,Generic,True,"Candies, soft fruit and nut squares",Generic
170676,3 Musketeers Truffle Crisp,Sweets,150.0,63.15,18.0,36.6,0.391,538.0,19.23,0.0,0.0,0.004,0.009,1.88,50.0,0.374,0.306,0.375,165.0,296.0,6.41,0.239,0.0036,63.0,57.69,0.089,28.85,0.046,0.0006,0.028,0.0,0.0,0.6,0.0058,0.18,1.83,Snack,Generic,True,"Candies, M&M MARS 3 MUSKETEERS Truffle Crisp",Generic
170677,Sugar-Free Chocolate Syrup,Sweets,0.0,14.2,0.0,1.8,0.565,43.0,0.746,0.0,2.9,0.0635,0.005,2.06,74.0,0.579,0.371,0.039,113.0,388.0,2.87,0.071,0.002,343.0,0.27,0.017,2.03,0.0,0.0,0.018,0.0,0.0,0.02,0.0004,78.89,0.99,Side Dish,Generic,True,"Syrups, chocolate, HERSHEY'S Sugar free, Genuine Chocolate Flavored, Lite Syrup",Generic
170678,Pretzel Chocolate Candies,Sweets,50.0,72.94,13.0,29.3,0.271,447.0,8.986,0.0,2.5,0.0021,0.019,0.9,39.0,0.297,0.433,0.314,135.0,253.0,5.0,0.203,0.0033,475.0,50.0,0.082,15.0,0.034,0.00045,0.032,0.0,0.0,0.37,0.0047,4.84,1.25,Snack,Generic,True,"Candies, M&M MARS Pretzel Chocolate Candies",Generic
170680,PAYDAY Candy Bar,Sweets,94.0,52.88,0.0,35.6,0.325,490.0,4.806,0.0,3.8,0.0001,0.051,1.92,90.0,0.912,7.166,0.521,197.0,725.0,13.44,0.115,0.0050999999999999,231.0,40.32,0.083,25.0,0.0,2e-05,0.235,0.0,0.0,2.47,0.0,6.97,1.57,Snack,Generic,True,"Candies, HERSHEYS, PAYDAY Bar",Generic
170689,Beef Taco,Fast Foods,89.0,19.85,28.0,32.0,0.077,226.0,4.384,0.467,3.9,0.0,0.021,1.19,32.0,0.249,1.65,0.0,178.0,209.0,8.86,0.06,0.0092,397.0,0.9,0.05,12.7,0.02,0.00093,0.09,0.4,0.0001,0.6,0.0153,57.02,1.75,Main Course,Generic,True,"Fast foods, taco with beef, cheese and lettuce, hard shell",Western
170696,Cold Cut Sub Sandwich,Fast Foods,171.0,20.43,27.0,29.1,0.084,213.0,3.554,0.119,1.2,0.0,0.106,1.81,20.0,0.354,4.323,0.555,112.0,282.0,10.52,0.267,0.0198999999999999,575.0,3.18,0.343,10.04,0.022,0.00022,0.203,7.5,0.0002,0.41,0.0045,56.51,1.05,Main Course,Generic,True,"Fast foods, submarine sandwich, cold cut on white bread with lettuce and tomato",Western
170698,French Fries,Fast Foods,18.0,41.44,0.0,36.8,0.124,312.0,2.336,0.06,3.8,0.0,0.03,0.81,35.0,0.247,3.004,0.58,125.0,579.0,3.43,0.039,0.0009,210.0,0.3,0.17,14.73,0.0,0.0,0.372,4.7,0.0,1.67,0.0112,38.55,0.5,Side Dish,Generic,True,"Fast foods, potato, french fried in vegetable oil",Generic
170705,Sweet Onion Chicken Teriyaki Sub,Fast Foods,142.0,22.54,22.0,0.0,0.071,155.0,0.505,0.012,1.2,0.0,0.0,1.52,23.0,0.282,5.063,0.655,139.0,285.0,10.91,0.213,0.0154,305.0,6.06,0.273,2.37,0.003,0.00011,0.282,1.1,0.0,0.38,0.0,62.4,0.64,Main Course,Generic,True,"SUBWAY, sweet onion chicken teriyaki sub on white bread with lettuce, tomato and sweet onion sauce",Western
170706,Turkey Sub Sandwich,Fast Foods,169.0,22.42,10.0,28.4,0.075,147.0,0.476,0.018,1.3,0.0,0.102,1.84,23.0,0.297,4.617,0.425,122.0,253.0,9.12,0.227,0.017,317.0,3.09,0.27,2.31,0.002,0.00012,0.176,1.2,0.0,0.28,0.0047,64.33,0.66,Main Course,Generic,True,"Fast foods, submarine sandwich, turkey breast on white bread with lettuce and tomato",Western
170708,Meatball Marinara Sub,Fast Foods,176.0,26.01,15.0,0.0,0.133,219.0,3.124,0.421,2.1,0.0,0.0,2.32,29.0,0.426,3.547,0.425,97.0,275.0,9.77,0.253,0.0138,437.0,4.98,0.25,8.45,0.015,0.00055,0.132,0.4,0.0,0.79,0.0,53.59,1.19,Main Course,Generic,True,"SUBWAY, meatball marinara sub on white bread (no toppings)",Western
170709,Meatball Sub Sandwich,Fast Foods,176.0,26.01,15.0,32.9,0.133,219.0,3.124,0.421,2.1,0.0,0.113,2.32,29.0,0.426,3.547,0.425,97.0,275.0,9.77,0.253,0.0138,437.0,4.98,0.25,8.45,0.015,0.00055,0.132,0.4,0.0,0.79,0.0066,53.59,1.19,Main Course,Generic,True,"Fast foods, submarine sandwich, meatball marinara on white bread",Western
170711,Turkey Breast Sub,Fast Foods,169.0,22.42,10.0,0.0,0.075,147.0,0.476,0.018,1.3,0.0,0.0,1.84,23.0,0.297,4.617,0.425,122.0,253.0,9.12,0.227,0.017,317.0,3.09,0.27,2.31,0.002,0.00012,0.176,1.2,0.0,0.28,0.0,64.33,0.66,Main Course,Generic,True,"SUBWAY, turkey breast sub on white bread with lettuce and tomato",Western
170713,Roast Beef Sub,Fast Foods,164.0,20.34,18.0,34.7,0.081,155.0,0.972,0.052,0.7,0.0,0.0,2.09,20.0,0.267,4.183,0.415,118.0,188.0,12.17,0.257,0.017,329.0,3.0,0.23,2.73,0.006,0.00044,0.275,0.0,0.0,0.29,0.0,63.08,1.5,Main Course,Generic,True,"SUBWAY, roast beef sub on white bread with lettuce and tomato",Western
170714,Cheese Pizza,Fast Foods,177.0,32.91,16.0,17.1,0.255,260.0,3.825,0.0,2.5,0.0,0.063,1.77,26.0,0.428,1.985,0.256,238.0,175.0,12.37,0.246,0.0348,556.0,5.09,0.241,8.78,0.069,0.0007,0.092,1.9,0.0,0.72,0.0075,43.46,1.32,Main Course,Generic,True,"Pizza, cheese topping, rising crust, frozen, cooked",Western
170715,Frozen Meat and Vegetable Pizza,Fast Foods,152.0,25.14,16.0,24.5,0.17,276.0,5.083,0.0,2.2,0.0,0.057,1.36,25.0,0.323,2.379,0.332,181.0,209.0,11.28,0.233,0.009,555.0,4.85,0.216,14.43,0.065,0.00062,0.149,3.4,0.0,1.13,0.0081999999999999,46.71,1.71,Main Course,Generic,True,"Pizza, meat and vegetable topping, regular crust, frozen, cooked",Western
170716,Frozen Meat and Vegetable Pizza,Fast Foods,155.0,28.78,19.0,24.3,0.21,271.0,4.586,0.0,2.3,0.0,0.098,1.36,27.0,0.323,2.155,0.435,211.0,189.0,12.63,0.206,0.0116,640.0,7.26,0.25,11.75,0.068,0.0008,0.14,4.2,0.0,0.92,0.0067,44.24,1.87,Main Course,Generic,True,"Pizza, meat and vegetable topping, rising crust, frozen, cooked",Western
170763,Beef Taco,Fast Foods,123.0,20.23,25.0,25.9,0.067,206.0,4.155,0.403,2.9,0.0,0.096,1.67,19.0,0.31,2.88,0.0,167.0,161.0,9.25,0.13,0.0168,560.0,1.57,0.18,9.75,0.019,0.00084,0.06,0.1,0.0001,0.25,0.0074,58.78,1.37,Main Course,Generic,True,"Fast foods, taco with beef, cheese and lettuce, soft",Western
170764,Chicken Taco,Fast Foods,122.0,19.69,29.0,28.2,0.06,189.0,2.559,0.113,1.2,0.0,0.08,1.59,24.0,0.245,5.17,0.0,244.0,217.0,13.3,0.11,0.0173,613.0,1.3,0.16,6.35,0.025,0.00012,0.11,0.2,0.0001,0.21,0.0079,58.42,0.76,Main Course,Generic,True,"Fast foods, taco with chicken, lettuce and cheese, soft",Western
170765,Chicken Quesadilla,Fast Foods,269.0,24.04,37.0,29.8,0.076,294.0,6.154,0.322,1.7,0.0,0.081,1.77,25.0,0.266,4.2,0.0,313.0,183.0,15.05,0.18,0.0208,745.0,1.88,0.2,15.25,0.072,0.00019,0.08,0.1,0.0002,0.29,0.0024,42.62,1.42,Main Course,Generic,True,"Fast foods, quesadilla, with chicken",Western
170779,Cheese Pizza,Fast Foods,193.0,28.08,19.0,17.9,0.174,254.0,4.358,0.316,2.9,0.0,0.123,2.63,40.0,1.405,3.242,0.0,284.0,303.0,14.62,0.179,0.0299,421.0,5.02,0.242,9.27,0.038,0.0021,0.104,0.4,0.0,0.72,0.0058,45.73,1.83,Main Course,Generic,True,"School Lunch, pizza, cheese topping, thick crust, whole grain, frozen, cooked",Western
170782,Frozen Sausage Pizza,Fast Foods,238.0,32.24,25.0,38.0,0.102,250.0,3.488,0.0,3.9,0.0,0.104,2.09,52.0,0.0,3.759,0.0,318.0,385.0,12.63,0.34,0.0225,457.0,7.53,0.274,7.83,0.089,0.00218,0.189,0.6,0.0,0.81,0.0053,45.3,2.53,Main Course,Generic,True,"School Lunch, pizza, sausage topping, thin crust, whole grain, frozen, cooked",Western
170785,Crispy Chicken Tortilla Wrap,Fast Foods,88.0,23.22,29.0,28.6,0.069,275.0,3.837,0.144,1.3,0.0,0.052,1.47,19.0,0.269,3.523,0.0,186.0,173.0,11.48,0.237,0.0192,607.0,2.48,0.17,15.1,0.024,0.00011,0.166,0.3,0.0001,1.21,0.0236,47.88,0.72,Main Course,Generic,True,"Fast foods, crispy chicken in tortilla, with lettuce, cheese, and ranch sauce",Western
170786,Grilled Chicken Wrap,Fast Foods,93.0,18.43,41.0,34.6,0.062,222.0,3.363,0.13,0.9,0.0,0.069,1.45,20.0,0.209,5.333,0.59,184.0,192.0,13.77,0.233,0.023,577.0,1.53,0.17,10.31,0.029,0.0002,0.194,0.4,0.0,0.45,0.0177,55.17,0.77,Main Course,Generic,True,"Fast foods, grilled chicken in tortilla, with lettuce, cheese, and ranch sauce",Western
170788,Garlic Parmesan Breadsticks,Fast Foods,87.0,44.48,7.0,7.5,0.107,343.0,2.966,0.093,2.4,0.0,0.233,4.65,22.0,0.488,7.08,0.39,129.0,132.0,12.2,0.56,0.022,539.0,1.11,0.493,12.88,0.024,0.00013,0.103,0.0,0.0,0.88,0.0211,28.38,1.02,Side Dish,Generic,True,"Fast foods, breadstick, soft, prepared with garlic and parmesan cheese",Generic
170792,Cheese Pizza on Whole Grain Crust,Fast Foods,218.0,31.31,12.0,19.0,0.098,247.0,4.0,0.0,4.0,0.0,0.078,2.53,51.0,0.314,2.996,0.0,316.0,348.0,12.72,0.347,0.0227,421.0,7.12,0.284,7.91,0.066,0.00149,0.163,0.0,0.0,0.75,0.0042,45.64,1.97,Main Course,Generic,True,"School Lunch, pizza, cheese topping, thin crust, whole grain, frozen, cooked",Western
170793,Sausage Pizza,Fast Foods,168.0,30.58,26.0,29.1,0.123,257.0,4.219,0.15,4.0,0.0,0.12,2.21,23.0,0.375,4.1,0.436,279.0,282.0,13.26,0.311,0.025,433.0,3.72,0.326,9.07,0.06,0.00034,0.122,0.4,0.0,0.75,0.0033,45.31,1.6,Main Course,Generic,True,"School Lunch, pizza, sausage topping, thick crust, whole grain, frozen, cooked",Western
170795,Whole Grain Chicken Nuggets,Fast Foods,32.0,22.86,50.0,44.9,0.074,270.0,2.83,0.0,2.2,0.0,0.015,1.99,24.0,0.294,5.985,0.0,183.0,231.0,15.67,0.204,0.0177,511.0,0.49,0.092,12.9,0.016,0.00024,0.309,0.6,0.0003,1.23,0.0104,46.53,0.71,Main Course,Generic,True,"School Lunch, chicken nuggets, whole grain breaded",Western
170816,Grilled Denver Cut Steak,Beef Products,13.0,0.21,93.0,90.0,0.108,227.0,5.692,0.868,0.0,0.0,0.006,3.26,23.0,0.016,3.591,0.909,202.0,310.0,26.18,0.243,0.0299,73.0,0.0,0.089,13.54,0.007,0.00368,0.413,0.0,0.0001,0.08,0.0016,59.08,9.85,Main Course,Generic,False,"Beef, chuck, under blade center steak, boneless, Denver Cut, separable lean and fat, trimmed to 0"" fat, all grades, cooked, grilled",Generic
170843,Fontina Cheese,Dairy and Egg Products,550.0,1.55,116.0,15.4,0.025,389.0,19.196,0.0,0.0,0.0,0.006,0.23,14.0,0.014,0.15,0.429,346.0,64.0,25.6,0.204,0.0145,800.0,1.55,0.021,31.14,0.261,0.00168,0.083,0.0,0.0006,0.27,0.0026,37.92,3.5,Side Dish,Generic,True,"Cheese, fontina",Generic
170844,Monterey Cheese,Dairy and Egg Products,746.0,0.68,89.0,15.4,0.032,373.0,19.066,0.0,0.0,0.0,0.018,0.72,27.0,0.011,0.093,0.21,444.0,81.0,24.48,0.39,0.0145,600.0,0.5,0.015,30.28,0.198,0.00083,0.079,0.0,0.0006,0.26,0.0025,41.01,3.0,Side Dish,Generic,True,"Cheese, monterey",Generic
170845,Whole Milk Mozzarella Cheese,Dairy and Egg Products,505.0,2.4,79.0,15.4,0.011,299.0,13.9,0.0,0.0,0.0,0.007,0.44,20.0,0.03,0.104,0.141,354.0,76.0,22.17,0.283,0.017,486.0,0.0,0.03,22.14,0.179,0.00228,0.037,0.0,0.0004,0.19,0.0023,50.01,2.92,Side Dish,Generic,True,"Cheese, mozzarella, whole milk",Generic
170846,Low-Moisture Mozzarella Cheese,Dairy and Egg Products,575.0,2.47,89.0,15.0,0.022,318.0,15.561,0.0,0.0,0.0,0.008,0.2,21.0,0.009,0.094,0.071,412.0,75.0,21.6,0.27,0.0161,710.0,1.01,0.016,24.64,0.197,0.00073,0.062,0.0,0.0005,0.21,0.0025,48.38,2.46,Side Dish,Generic,True,"Cheese, mozzarella, whole milk, low moisture",Generic
170847,Part Skim Mozzarella Cheese,Dairy and Egg Products,782.0,2.77,64.0,15.4,0.025,254.0,10.114,0.0,0.0,0.0,0.009,0.22,23.0,0.01,0.105,0.079,463.0,84.0,24.26,0.303,0.0144,619.0,1.13,0.018,15.92,0.127,0.00082,0.07,0.0,0.0003,0.14,0.0016,53.78,2.76,Side Dish,Generic,True,"Cheese, mozzarella, part skim milk",Generic
170848,Hard Parmesan Cheese,Dairy and Egg Products,1184.0,3.22,68.0,15.4,0.032,392.0,14.85,0.0,0.0,0.0,0.007,0.82,44.0,0.02,0.271,0.453,694.0,92.0,35.75,0.332,0.0225,1175.0,0.11,0.039,25.0,0.207,0.0012,0.091,0.0,0.0005,0.22,0.0017,30.0,2.75,Side Dish,Generic,True,"Cheese, parmesan, hard",Generic
170849,Port de Salut Cheese,Dairy and Egg Products,650.0,0.57,123.0,15.4,0.022,352.0,16.691,0.0,0.0,0.0,0.018,0.43,24.0,0.011,0.06,0.21,360.0,136.0,23.78,0.24,0.0145,534.0,0.57,0.014,28.2,0.315,0.0015,0.053,0.0,0.0005,0.24,0.0024,45.45,2.6,Side Dish,Generic,True,"Cheese, port de salut",Generic
170850,Provolone Cheese,Dairy and Egg Products,756.0,2.14,69.0,15.4,0.026,351.0,17.078,0.0,0.0,0.0,0.01,0.52,28.0,0.01,0.156,0.476,496.0,138.0,25.58,0.321,0.0145,727.0,0.56,0.019,26.62,0.236,0.00146,0.073,0.0,0.0005,0.23,0.0022,40.95,3.23,Side Dish,Generic,True,"Cheese, provolone",Western
170851,Whole Milk Ricotta Cheese,Dairy and Egg Products,206.0,7.27,49.0,17.5,0.018,150.0,6.42,0.333,0.0,0.0,0.004,0.13,20.0,0.011,0.137,0.461,154.0,219.0,7.54,0.298,0.0059,110.0,0.27,0.013,10.18,0.12,0.00085,0.097,0.0,0.0002,0.11,0.0011,73.69,0.53,Side Dish,Generic,True,"Cheese, ricotta, whole milk",Western
170852,Tilsit Cheese,Dairy and Egg Products,700.0,1.88,102.0,0.0,0.026,340.0,16.775,0.0,0.0,0.0,0.02,0.23,13.0,0.013,0.205,0.346,500.0,65.0,24.41,0.359,0.0145,753.0,0.0,0.061,25.98,0.249,0.0021,0.065,0.0,0.0,0.0,0.0,42.86,3.5,Side Dish,Generic,True,"Cheese, tilsit",Western
170853,Fortified American Cheese,Dairy and Egg Products,1045.0,4.78,100.0,19.2,0.046,366.0,18.057,1.144,0.0,0.035,0.008,0.63,26.0,0.041,0.076,0.403,641.0,132.0,18.13,0.234,0.0202,1671.0,2.26,0.015,30.71,0.317,0.0015,0.054,0.0,0.0075,0.8,0.0037,39.61,2.49,Side Dish,Generic,False,"Cheese, pasteurized process, American, fortified with vitamin D",Western
170854,Pimento Cheese,Dairy and Egg Products,614.0,1.73,94.0,34.7,0.033,375.0,19.663,0.0,0.1,0.0,0.008,0.42,22.0,0.016,0.078,0.485,744.0,162.0,22.13,0.354,0.0145,915.0,0.62,0.027,31.2,0.244,0.0007,0.071,2.3,0.0005,0.29,0.0029,39.08,2.98,Side Dish,Generic,True,"Cheese, pasteurized process, pimento",Western
170855,Swiss Cheese,Dairy and Egg Products,772.0,2.1,85.0,36.2,0.027,334.0,16.045,0.0,0.0,0.0,0.006,0.61,29.0,0.014,0.038,0.26,762.0,216.0,24.73,0.276,0.0159,1370.0,1.23,0.014,25.01,0.198,0.00123,0.036,0.0,0.0005,0.34,0.0022,42.31,3.61,Side Dish,Generic,True,"Cheese, pasteurized process, swiss",Western
170856,American Cheese Spread,Dairy and Egg Products,497.0,8.32,64.0,0.0,0.03,331.0,15.355,0.0,0.0,0.0,0.005,0.84,30.0,0.01,0.074,0.977,400.0,363.0,19.66,0.446,0.0162,966.0,0.0,0.03,24.46,0.0,0.00128,0.141,0.0,0.0,0.0,0.0,43.12,3.01,Side Dish,Generic,True,"Cheese food, cold pack, American",Western
170857,Light Cream,Dairy and Egg Products,91.0,3.66,59.0,17.4,0.012,195.0,10.176,0.625,0.0,0.0,0.002,0.05,9.0,0.005,0.09,0.44,92.0,136.0,2.96,0.19,0.0046,72.0,3.67,0.023,19.1,0.12,0.00014,0.044,0.8,0.0011,0.12,0.0017,73.75,0.32,Side Dish,Generic,False,"Cream, fluid, light (coffee cream or table cream)",Generic
170858,Light Whipping Cream,Dairy and Egg Products,69.0,2.96,111.0,16.8,0.007,292.0,19.337,0.0,0.0,0.003,0.004,0.03,7.0,0.001,0.042,0.259,61.0,97.0,2.17,0.125,0.0005,34.0,2.96,0.024,30.91,0.279,0.0002,0.028,0.6,0.0006,0.88,0.0027,63.5,0.25,Side Dish,Generic,True,"Cream, fluid, light whipping",Generic
170859,Heavy Whipping Cream,Dairy and Egg Products,66.0,2.84,113.0,16.8,0.011,340.0,23.032,1.236,0.0,0.003,0.004,0.1,7.0,0.006,0.064,0.495,58.0,95.0,2.84,0.188,0.003,27.0,2.92,0.02,36.08,0.411,0.00016,0.035,0.6,0.0016,0.92,0.0032,57.71,0.24,Side Dish,Generic,False,"Cream, fluid, heavy whipping",Generic
170860,Whipped Cream Topping,Dairy and Egg Products,101.0,12.49,76.0,16.8,0.01,257.0,13.831,0.0,0.0,0.003,0.003,0.05,11.0,0.001,0.07,0.305,89.0,147.0,3.2,0.065,0.0014,8.0,8.0,0.037,22.22,0.188,0.00029,0.041,0.0,0.0004,0.64,0.0019,61.33,0.37,Side Dish,Generic,True,"Cream, whipped, cream topping, pressurized",Generic
170861,Creamy Vegetable Oil Milk,Dairy and Egg Products,128.0,4.74,2.0,0.0,0.01,63.0,0.768,0.0,0.0,0.0,0.005,0.05,13.0,0.002,0.087,0.301,97.0,139.0,3.33,0.123,0.002,57.0,0.0,0.03,3.46,0.002,0.00034,0.04,0.9,0.0,0.0,0.0,87.67,0.36,Drink,Generic,True,"Milk, filled, fluid, with blend of hydrogenated vegetable oils",Generic
170862,Filled Milk,Dairy and Egg Products,128.0,4.74,2.0,15.0,0.01,63.0,3.101,0.0,0.0,0.0,0.005,0.05,13.0,0.002,0.087,0.301,97.0,139.0,3.33,0.123,0.002,57.0,4.74,0.03,3.4,0.002,0.00034,0.04,0.9,0.0,0.13,0.0008,87.73,0.36,Drink,Generic,True,"Milk, filled, fluid, with lauric acid oil",Generic
170867,Pressurized Dessert Topping,Dairy and Egg Products,5.0,16.07,0.0,0.0,0.024,264.0,18.912,0.0,0.0,0.0,0.0,0.02,1.0,0.045,0.0,0.0,18.0,19.0,0.98,0.0,0.0015,62.0,16.07,0.0,22.3,0.004,0.0,0.0,0.0,0.0,0.85,0.0055,60.37,0.01,Side Dish,Generic,True,"Dessert topping, pressurized",Generic
170868,Frozen Dessert Topping,Dairy and Egg Products,6.0,23.05,0.0,0.0,0.03,318.0,21.783,0.0,0.0,0.0,0.0,0.12,2.0,0.058,0.0,0.0,8.0,18.0,1.25,0.0,0.0021,25.0,23.05,0.0,25.31,0.007,0.0,0.0,0.0,0.0,0.96,0.0063,50.21,0.03,Side Dish,Generic,True,"Dessert topping, semi solid, frozen",Generic
170870,Reduced Fat Milk,Dairy and Egg Products,128.0,4.97,8.0,0.0,0.008,51.0,1.195,0.0,0.0,0.0,0.005,0.05,14.0,0.002,0.09,0.336,100.0,162.0,3.48,0.173,0.0023,52.0,0.0,0.04,1.92,0.056,0.00038,0.045,1.0,0.001,0.0,0.0,88.86,0.4,Drink,Generic,True,"Milk, reduced fat, fluid, 2% milkfat, with added nonfat milk solids and vitamin A and vitamin D",Generic
170871,2% Reduced Fat Milk,Dairy and Egg Products,143.0,5.49,8.0,0.0,0.008,56.0,1.232,0.0,0.0,0.0,0.006,0.06,16.0,0.002,0.101,0.376,112.0,182.0,3.95,0.194,0.0026,59.0,5.26,0.045,1.98,0.0,0.00043,0.051,1.1,0.001,0.04,0.0001,87.71,0.45,Drink,Generic,True,"Milk, reduced fat, fluid, 2% milkfat, protein fortified, with added vitamin A and vitamin D",Generic
170872,Lowfat Milk,Dairy and Egg Products,125.0,4.99,5.0,17.7,0.01,42.0,0.633,0.0,0.0,0.0026,0.005,0.03,11.0,0.003,0.093,0.361,95.0,150.0,3.37,0.185,0.0033,44.0,5.2,0.02,0.97,0.058,0.00047,0.037,0.0,0.0012,0.01,0.0001,89.92,0.42,Drink,Generic,True,"Milk, lowfat, fluid, 1% milkfat, with added vitamin A and vitamin D",Generic
170873,Lowfat Milk,Dairy and Egg Products,128.0,4.97,4.0,0.0,0.01,43.0,0.604,0.0,0.0,0.0,0.005,0.05,14.0,0.002,0.09,0.336,100.0,162.0,3.48,0.173,0.0023,52.0,0.0,0.04,0.97,0.059,0.00038,0.045,1.0,0.001,0.0,0.0,89.81,0.4,Drink,Generic,True,"Milk, lowfat, fluid, 1% milkfat, with added nonfat milk solids, vitamin A and vitamin D",Generic
170874,Cultured Lowfat Buttermilk,Dairy and Egg Products,116.0,4.79,4.0,17.7,0.011,40.0,0.66,0.0,0.0,0.004,0.005,0.05,11.0,0.002,0.058,0.275,89.0,151.0,3.31,0.154,0.002,148.0,5.36,0.034,1.07,0.014,0.00022,0.034,1.0,0.0,0.05,0.0001,90.13,0.42,Drink,Generic,True,"Milk, buttermilk, fluid, cultured, lowfat",Generic
170875,Low Sodium Milk,Dairy and Egg Products,101.0,4.46,14.0,16.0,0.01,61.0,2.154,0.0,0.0,0.0,0.005,0.05,5.0,0.004,0.043,0.304,86.0,253.0,3.1,0.105,0.002,3.0,4.46,0.02,3.46,0.029,0.0003599999999999,0.034,0.9,0.0013,0.08,0.0003,88.2,0.38,Drink,Generic,True,"Milk, low sodium, fluid",Generic
170876,Dry Whole Milk with Vitamin D,Dairy and Egg Products,912.0,38.42,97.0,119.3,0.08,496.0,16.742,0.0,0.0,0.0,0.037,0.47,85.0,0.04,0.646,2.271,776.0,1330.0,26.32,1.205,0.0163,371.0,38.42,0.283,26.71,0.258,0.00325,0.302,8.6,0.0105,0.58,0.0022,2.47,3.34,Drink,Generic,True,"Milk, dry, whole, with added vitamin D",Generic
170877,Nonfat Dry Milk,Dairy and Egg Products,1257.0,51.98,20.0,169.2,0.041,362.0,0.499,0.0,0.0,0.0,0.05,0.32,110.0,0.02,0.951,3.568,968.0,1794.0,36.16,1.55,0.0273,535.0,51.98,0.415,0.77,0.006,0.00403,0.361,6.8,0.0,0.0,0.0001,3.16,4.08,Drink,Generic,True,"Milk, dry, nonfat, regular, without added vitamin A and vitamin D",Generic
170879,Chocolate Whole Milk,Dairy and Egg Products,112.0,10.34,12.0,17.0,0.065,83.0,2.104,0.0,0.8,0.0052,0.005,0.24,13.0,0.077,0.125,0.295,101.0,167.0,3.17,0.162,0.0019,60.0,9.54,0.037,3.39,0.027,0.00033,0.04,0.9,0.0013,0.07,0.0003,82.3,0.41,Drink,Generic,True,"Milk, chocolate, fluid, commercial, whole, with added vitamin A and vitamin D",Generic
170880,Reduced Fat Chocolate Milk,Dairy and Egg Products,109.0,12.13,8.0,17.1,0.075,76.0,1.177,0.0,0.7,0.0052,0.002,0.24,14.0,0.062,0.164,0.539,102.0,169.0,2.99,0.183,0.0034,66.0,9.55,0.045,1.9,0.064,0.00033,0.024,0.0,0.0012,0.04,0.0002,82.17,0.39,Drink,Generic,True,"Milk, chocolate, fluid, commercial, reduced fat, with added vitamin A and vitamin D",Generic
170881,Chocolate Milk,Dairy and Egg Products,129.0,10.15,5.0,17.0,0.028,64.0,0.616,0.0,0.1,0.0,0.003,0.23,13.0,0.03,0.124,0.43,96.0,172.0,3.46,0.247,0.0019,65.0,9.94,0.031,1.11,0.052,0.00023,0.047,0.4,0.0011,0.0,0.0001,84.5,0.43,Drink,Generic,True,"Milk, chocolate, lowfat, with added vitamin A and vitamin D",Generic
170882,Sheep Milk,Dairy and Egg Products,193.0,5.36,27.0,0.0,0.046,108.0,4.603,0.0,0.0,0.0,0.007,0.1,18.0,0.018,0.417,0.407,158.0,137.0,5.98,0.355,0.0017,44.0,0.0,0.065,7.0,0.044,0.00071,0.06,4.2,0.0,0.0,0.0,80.7,0.54,Drink,Generic,True,"Milk, sheep, fluid",Generic
170883,Thick Chocolate Milkshake,Dairy and Egg Products,132.0,21.15,11.0,17.0,0.065,119.0,1.681,0.0,0.3,0.0,0.005,0.31,16.0,0.039,0.124,0.363,126.0,224.0,3.05,0.222,0.0019,111.0,20.85,0.047,2.7,0.018,0.00032,0.025,0.0,0.001,0.05,0.0002,72.2,0.48,Drink,Generic,True,"Milk shakes, thick chocolate",Generic
170884,Thick Vanilla Milkshake,Dairy and Egg Products,146.0,17.75,12.0,14.3,0.051,112.0,1.886,0.0,0.0,0.0,0.007,0.1,12.0,0.014,0.146,0.368,115.0,183.0,3.86,0.195,0.0023,95.0,17.75,0.03,3.03,0.025,0.00052,0.042,0.0,0.0012,0.05,0.0002,74.45,0.39,Drink,Generic,True,"Milk shakes, thick vanilla",Generic
170886,Low Fat Plain Yogurt,Dairy and Egg Products,183.0,7.04,6.0,15.2,0.013,63.0,1.0,0.0,0.0,0.012,0.011,0.08,17.0,0.004,0.114,0.591,144.0,234.0,5.25,0.214,0.0033,70.0,7.04,0.044,1.55,0.014,0.00056,0.049,0.8,0.0,0.03,0.0002,85.07,0.89,Snack,Generic,True,"Yogurt, plain, low fat",Generic
170887,Plain Skim Yogurt,Dairy and Egg Products,199.0,7.68,2.0,15.2,0.015,56.0,0.116,0.0,0.0,0.012,0.012,0.09,19.0,0.005,0.124,0.641,157.0,255.0,5.73,0.234,0.0036,77.0,7.68,0.048,0.18,0.002,0.00061,0.053,0.9,0.0,0.0,0.0002,85.23,0.97,Snack,Generic,True,"Yogurt, plain, skim milk",Generic
170888,Low-Fat Vanilla Yogurt,Dairy and Egg Products,171.0,13.8,5.0,15.2,0.013,85.0,0.806,0.0,0.0,0.012,0.011,0.07,16.0,0.004,0.107,0.552,135.0,219.0,4.93,0.201,0.0049,66.0,13.8,0.042,1.25,0.012,0.00053,0.045,0.8,0.0,0.02,0.0001,79.0,0.83,Snack,Generic,True,"Yogurt, vanilla, low fat.",Generic
170889,Low Fat Fruit Yogurt,Dairy and Egg Products,138.0,18.64,5.0,15.2,0.079,99.0,0.742,0.0,0.0,0.009,0.009,0.06,13.0,0.064,0.086,0.446,109.0,177.0,3.98,0.162,0.0028,53.0,18.64,0.034,1.15,0.011,0.00043,0.037,0.6,0.0,0.02,0.0001,75.3,0.67,Drink,Generic,True,"Yogurt, fruit, low fat,9 g protein/8 oz",Generic
170890,Frozen Milk Dessert Bar,Dairy and Egg Products,184.0,32.0,7.0,19.6,0.103,147.0,0.735,0.0,6.6,0.0,0.004,0.53,20.0,0.0,0.126,0.0,83.0,316.0,4.41,0.129,0.0022,92.0,22.06,0.023,1.47,0.071,0.00014,0.023,0.9,0.0001,0.2,0.0006,61.43,0.43,Snack,Generic,True,"Milk dessert bar, frozen, made from lowfat milk",Generic
170894,Nonfat Plain Greek Yogurt,Dairy and Egg Products,110.0,3.6,5.0,15.1,0.017,59.0,0.117,0.006,0.0,0.0,0.007,0.07,11.0,0.009,0.208,0.331,135.0,141.0,10.19,0.278,0.0097,36.0,3.24,0.023,0.39,0.001,0.00075,0.063,0.0,0.0,0.01,0.0,85.1,0.52,Snack,Generic,True,"Yogurt, Greek, plain, nonfat (Includes foods for USDA's Food Distribution Program)",Generic
170896,Reduced Fat Cheese Spread,Dairy and Egg Products,557.0,10.71,38.0,42.6,0.032,176.0,5.647,0.327,0.0,0.0,0.0,0.36,27.0,0.026,0.153,0.797,931.0,250.0,13.41,0.442,0.0155,1102.0,7.06,0.038,8.88,0.185,0.00117,0.099,0.0,0.0,0.46,0.0,61.82,1.81,Side Dish,Generic,True,"Cheese spread, American or Cheddar cheese base, reduced fat",Generic
170898,Queso Cotija Cheese,Dairy and Egg Products,800.0,3.97,100.0,15.4,0.238,366.0,17.5,0.0,0.0,0.0,0.01,0.0,38.0,0.0,0.114,0.0,729.0,125.0,20.0,0.486,0.0177,1400.0,0.0,0.029,30.0,0.229,0.00226,0.049,0.0,0.0005,0.25,0.0019,38.0,3.87,Side Dish,Generic,True,"Cheese, mexican, queso cotija",Mediterranean
170900,Shredded Mozzarella Cheese,Dairy and Egg Products,716.0,8.06,65.0,14.2,0.034,304.0,11.472,0.709,0.0,0.0,0.027,0.23,29.0,0.041,0.151,0.508,537.0,131.0,23.63,0.367,0.0268,682.0,2.24,0.029,19.72,0.254,0.00133,0.111,0.0,0.0004,0.49,0.0013,44.81,3.61,Side Dish,Generic,False,"Cheese, mozzarella, low moisture, part-skim, shredded",Western
170902,Vanilla Greek Yogurt,Dairy and Egg Products,99.0,10.37,3.0,15.2,0.018,78.0,0.133,0.004,0.5,0.0,0.011,0.04,10.0,0.008,0.201,0.386,119.0,123.0,8.64,0.24,0.0097,34.0,9.54,0.042,0.18,0.0,0.00064,0.05,0.0,0.0009,0.02,0.0001,80.26,0.46,Drink,Generic,True,"Yogurt, Greek, vanilla, nonfat",Generic
170903,Plain Lowfat Greek Yogurt,Dairy and Egg Products,115.0,3.94,10.0,15.2,0.021,73.0,1.23,0.06,0.0,0.0,0.012,0.04,11.0,0.007,0.197,0.47,137.0,141.0,9.95,0.233,0.0124,34.0,3.56,0.044,1.92,0.09,0.00052,0.055,0.8,0.0,0.04,0.0002,83.56,0.6,Snack,Generic,True,"Yogurt, Greek, plain, lowfat",Generic
170904,Plain Lowfat Kefir,Dairy and Egg Products,130.0,4.77,5.0,15.2,0.009,43.0,0.658,0.037,0.0,0.0,0.013,0.04,12.0,0.005,0.15,0.385,105.0,164.0,3.79,0.135,0.0036,40.0,4.61,0.03,1.02,0.171,0.00029,0.058,0.2,0.001,0.02,0.0001,89.7,0.46,Drink,Generic,True,"Kefir, lowfat, plain, LIFEWAY",Generic
170905,Greek Fruit Yogurt,Dairy and Egg Products,100.0,12.29,10.0,14.3,0.019,106.0,1.599,0.0,0.0,0.0,0.005,0.0,10.0,0.036,0.205,0.394,109.0,113.0,7.33,0.235,0.0096,37.0,12.0,0.046,3.0,0.046,0.0005,0.049,0.0,0.0,0.07,0.0003,76.81,0.41,Snack,Generic,True,"Yogurt, Greek, fruit, whole milk",Mediterranean
170907,Vanilla Greek Yogurt,Dairy and Egg Products,100.0,9.54,5.0,33.4,0.018,95.0,1.465,0.0,0.0,0.0,0.009,0.04,10.0,0.008,0.201,0.386,119.0,123.0,8.64,0.24,0.0097,40.0,9.54,0.038,2.5,0.11,0.00064,0.05,0.0,0.0009,0.02,0.0002,78.76,0.46,Drink,Generic,True,"Yogurt, Greek, vanilla, lowfat",Generic
170908,Lowfat Frozen Yogurt,Dairy and Egg Products,200.0,21.0,45.0,16.0,0.006,139.0,1.509,0.0,0.0,0.0,0.003,0.0,7.0,0.0,0.049,0.0,62.0,108.0,8.0,0.125,0.0013,45.0,21.0,0.028,2.5,0.034,5e-05,0.028,0.0,0.0,0.06,0.0002,68.08,0.19,Snack,Generic,True,"Yogurt, frozen, flavors other than chocolate, lowfat",Generic
170910,Low-Fat Chocolate Milk,Dairy and Egg Products,122.0,7.68,5.0,15.2,0.018,57.0,0.616,0.036,0.0,0.0,0.005,0.16,13.0,0.021,0.122,0.467,98.0,168.0,3.43,0.225,0.0019,66.0,7.29,0.035,1.04,0.096,0.0002,0.05,0.0,0.0015,0.0,0.0001,87.09,0.46,Drink,Generic,True,"Milk, chocolate, lowfat, reduced sugar",Generic
171048,Fried Chicken,Poultry Products,21.0,9.03,103.0,0.0,0.089,291.0,4.67,0.0,0.0,0.0,0.038,1.79,21.0,0.064,7.083,1.039,158.0,190.0,22.84,0.248,0.0203,284.0,0.0,0.113,17.53,0.181,0.00083,0.32,0.4,0.0,0.0,0.0,49.29,1.91,Main Course,Generic,True,"Chicken, broilers or fryers, meat and skin and giblets and neck, cooked, fried, batter",Western
171049,Fried Chicken with Giblets,Poultry Products,17.0,3.27,112.0,0.0,0.1,272.0,4.16,0.0,0.0,0.0,0.032,1.99,25.0,0.047,8.93,1.283,194.0,237.0,28.57,0.278,0.0166,86.0,0.0,0.088,15.27,0.248,0.00111,0.42,0.5,0.0,0.0,0.0,51.88,2.36,Main Course,Generic,True,"Chicken, broilers or fryers, meat and skin and giblets and neck, cooked, fried, flour",Western
171050,Roasted Chicken,Poultry Products,15.0,0.06,107.0,73.3,0.08,234.0,3.7,0.0,0.0,0.0,0.029,1.66,23.0,0.031,7.908,1.128,182.0,212.0,26.78,0.224,0.0159,79.0,0.0,0.063,13.27,0.191,0.00094,0.38,0.5,0.0,0.33,0.0024,60.11,2.16,Main Course,Generic,True,"Chicken, broilers or fryers, meat and skin and giblets and neck, roasted",Western
171053,Fried Chicken Breast,Poultry Products,17.0,1.69,94.0,91.2,0.075,219.0,2.46,0.0,0.1,0.0,0.007,1.35,27.0,0.028,9.663,1.166,205.0,257.0,30.57,0.198,0.0245,91.0,0.0,0.085,9.12,0.018,0.00034,0.48,0.0,0.0001,0.46,0.0028,57.53,2.24,Main Course,Generic,True,"Chicken, broilers or fryers, meat only, cooked, fried",Western
171058,Fried Chicken Giblets,Poultry Products,18.0,4.35,446.0,0.0,0.422,277.0,3.8,0.0,0.0,0.0,0.379,10.32,25.0,0.222,10.987,4.453,286.0,330.0,32.54,1.524,0.1042,113.0,0.0,0.097,13.46,3.5820000000000003,0.01331,0.61,8.7,0.0,0.0,0.0,47.89,6.27,Main Course,Generic,True,"Chicken, broilers or fryers, giblets, cooked, fried",Western
171059,Cooked Chicken Hearts,Poultry Products,19.0,0.1,242.0,0.0,0.502,185.0,2.26,0.0,0.0,0.0,0.08,9.03,20.0,0.107,2.803,2.654,199.0,132.0,26.41,0.741,0.008,48.0,0.0,0.07,7.92,0.008,0.00729,0.32,1.8,0.0,0.0,0.0,64.85,7.3,Main Course,Generic,True,"Chicken, heart, all classes, cooked, simmered",Generic
171061,Simmered Chicken Liver,Poultry Products,11.0,0.87,563.0,290.0,0.496,167.0,2.06,0.09,0.0,0.0,0.578,11.63,25.0,0.359,11.045,6.668,405.0,263.0,24.46,1.993,0.0824,76.0,0.0,0.291,6.51,3.981,0.01685,0.755,27.9,0.0,0.82,0.0,66.81,3.98,Main Course,Generic,True,"Chicken, liver, all classes, cooked, simmered",Generic
171063,Fried Dark Meat Chicken,Poultry Products,21.0,9.38,89.0,0.0,0.08,298.0,4.95,0.0,0.0,0.0,0.024,1.44,20.0,0.058,5.607,0.953,145.0,185.0,21.85,0.218,0.0236,295.0,0.0,0.117,18.64,0.031,0.00027,0.25,0.0,0.0,0.0,0.0,48.82,2.08,Main Course,Generic,True,"Chicken, broilers or fryers, dark meat, meat and skin, cooked, fried, batter",Western
171064,Fried Dark Meat Chicken,Poultry Products,17.0,4.08,92.0,0.0,0.088,285.0,4.58,0.0,0.0,0.0,0.013,1.5,24.0,0.039,6.842,1.157,176.0,230.0,27.22,0.235,0.0205,89.0,0.0,0.095,16.91,0.031,0.0003,0.32,0.0,0.0,0.0,0.0024,50.82,2.6,Main Course,Generic,True,"Chicken, broilers or fryers, dark meat, meat and skin, cooked, fried, flour",Western
171068,Fried Dark Meat Chicken,Poultry Products,18.0,2.59,96.0,0.0,0.089,239.0,3.12,0.0,0.0,0.0,0.009,1.49,25.0,0.033,7.07,1.261,187.0,253.0,28.99,0.249,0.0205,97.0,0.0,0.093,11.62,0.024,0.00033,0.37,0.0,0.0,0.0,0.0,55.7,2.91,Main Course,Generic,True,"Chicken, broilers or fryers, dark meat, meat only, cooked, fried",Western
171074,Fried Cooked Chicken Back,Poultry Products,26.0,5.68,93.0,0.0,0.095,288.0,4.12,0.0,0.0,0.0,0.009,1.65,25.0,0.047,7.68,1.198,176.0,251.0,29.99,0.253,0.0198999999999999,99.0,0.0,0.109,15.32,0.029,0.00031,0.35,0.0,0.0,0.0,0.0,47.87,2.8,Main Course,Generic,True,"Chicken, broilers or fryers, back, meat only, cooked, fried",Western
171078,Fried Chicken Breast,Poultry Products,16.0,0.51,91.0,95.9,0.054,187.0,1.29,0.0,0.0,0.0,0.004,1.14,31.0,0.021,14.782,1.04,246.0,276.0,33.44,0.125,0.0262,79.0,0.0,0.079,4.71,0.007,0.00037,0.64,0.0,0.0001,0.42,0.0024,60.21,1.08,Main Course,Generic,True,"Chicken, broilers or fryers, breast, meat only, cooked, fried",Western
171082,Roasted Whole Turkey,Poultry Products,21.0,0.57,177.0,73.8,0.11,459.0,11.356,0.568,0.0,0.0,0.008,1.63,33.0,0.017,10.235,0.92,233.0,242.0,23.94,0.29,0.0211,116.0,0.0,0.029,39.31,0.079,0.00171,0.375,0.0,0.0014,0.15,0.0,34.91,2.14,Main Course,Generic,False,"Turkey, whole, skin (light and dark), roasted",Western
171089,Roasted Light Meat Turkey,Poultry Products,11.0,0.05,89.0,82.5,0.068,177.0,1.603,0.075,0.0,0.0,0.009,0.8,32.0,0.012,11.608,0.902,230.0,248.0,29.55,0.213,0.0293,101.0,0.0,0.035,5.57,0.01,0.0005,0.767,0.0,0.0004,0.07,0.0,64.79,1.76,Main Course,Generic,True,"Turkey, whole, light meat, meat and skin, cooked, roasted",Western
171092,Roasted Turkey,Poultry Products,33.0,0.16,91.0,67.6,0.142,244.0,4.18,0.0,0.0,0.0,0.008,2.19,22.0,0.023,3.446,1.073,189.0,260.0,26.59,0.224,0.0378,73.0,0.0,0.054,14.38,0.0,0.00034,0.3,0.0,0.0,0.59,0.0045,57.94,3.92,Main Course,Generic,True,"Turkey, all classes, back, meat and skin, cooked, roasted",Western
171101,Canned Turkey,Poultry Products,12.0,1.47,66.0,74.0,0.074,169.0,2.0,0.0,0.0,0.0,0.006,1.86,20.0,0.017,6.622,0.686,162.0,224.0,23.68,0.171,0.0259,518.0,0.0,0.014,6.86,0.0,0.00028,0.33,2.0,0.0003,0.27,0.0007,66.07,2.37,Main Course,Generic,True,"Turkey, canned, meat only, with broth",Generic
171102,Seasoned Diced Turkey,Poultry Products,1.0,1.0,55.0,0.0,0.063,138.0,1.75,0.0,0.0,0.0,0.005,1.8,17.0,0.013,4.8,0.589,240.0,310.0,18.7,0.11,0.0261,850.0,0.0,0.04,6.0,0.0,0.00024,0.28,0.0,0.0,0.0,0.0,71.7,2.02,Main Course,Generic,True,"Turkey, diced, light and dark meat, seasoned",Generic
171103,Breaded Turkey Sticks,Poultry Products,14.0,17.0,64.0,0.0,0.073,279.0,4.38,0.0,0.0,0.0,0.043,2.2,15.0,0.083,2.1,0.533,234.0,260.0,14.2,0.18,0.0207,838.0,0.0,0.1,16.9,0.012,0.00023,0.2,0.0,0.0,0.0,0.0,49.4,1.46,Main Course,Generic,True,"Turkey sticks, breaded, battered, fried",Western
171110,Canned Chicken,Poultry Products,14.0,0.9,50.0,73.8,0.05,185.0,2.25,0.0,0.0,0.0,0.002,1.3,19.0,0.0,2.4,0.0,153.0,153.0,25.3,0.1,0.0184,482.0,0.0,0.0,8.1,0.053,0.001,0.19,0.0,0.0001,0.32,0.0023,64.9,2.5,Main Course,Generic,True,"Chicken, canned, no broth",Generic
171111,Barbecue Chicken Wings,Poultry Products,28.0,3.34,126.0,0.0,0.039,211.0,3.321,0.0,0.6,0.0,0.01,2.41,20.0,0.0,5.5,0.545,205.0,190.0,19.67,0.242,0.0332,615.0,2.04,0.074,12.67,0.017,0.0004,0.142,0.0,0.0,0.36,0.0,61.79,1.14,Main Course,Generic,True,"Chicken, wing, frozen, glazed, barbecue flavored",Western
171115,Barbecue Glazed Chicken Wings,Poultry Products,28.0,3.36,136.0,0.0,0.0,242.0,3.966,0.0,0.5,0.0,0.01,1.97,21.0,0.0,6.03,0.603,233.0,218.0,22.24,0.26,0.0342,559.0,1.94,0.117,14.87,0.021,0.00055,0.183,0.0,0.0,0.44,0.0,57.25,1.3,Main Course,Generic,True,"Chicken, wing, frozen, glazed, barbecue flavored, heated (conventional oven)",Western
171119,Boiled Chicken Feet,Poultry Products,88.0,0.2,84.0,13.3,0.102,215.0,3.92,0.0,0.0,0.0,0.086,0.91,5.0,0.0,0.4,0.0,83.0,31.0,19.4,0.2,0.0036,67.0,0.0,0.06,14.6,0.03,0.00047,0.01,0.0,0.0002,0.27,0.0002,65.8,0.69,Main Course,Generic,True,"Chicken, feet, boiled",Asian
171124,BBQ Rotisserie Chicken,Poultry Products,33.0,0.4,118.0,51.4,0.061,251.0,4.953,0.103,0.0,0.0,0.007,0.83,19.0,0.006,5.621,0.201,217.0,254.0,20.29,0.185,0.0354,509.0,0.4,0.065,18.86,0.024,0.0006,0.153,0.0,0.0001,0.26,0.0,59.41,1.51,Main Course,Generic,True,"Chicken, broiler, rotisserie, BBQ, back, meat and skin",Western
171125,BBQ Rotisserie Chicken,Poultry Products,16.0,0.09,90.0,57.1,0.041,175.0,1.958,0.057,0.0,0.0,0.008,0.51,25.0,0.004,9.303,0.111,244.0,276.0,26.37,0.139,0.0223,329.0,0.09,0.078,7.67,0.011,0.0003,0.307,0.0,0.0,0.33,0.0,65.19,0.86,Main Course,Generic,True,"Chicken, broiler, rotisserie, BBQ, breast, meat and skin",Western
171127,BBQ Rotisserie Chicken Thigh,Poultry Products,16.0,0.12,127.0,62.9,0.077,226.0,3.927,0.078,0.0,0.0,0.008,0.95,21.0,0.005,5.732,0.152,218.0,255.0,22.51,0.227,0.022,335.0,0.12,0.055,15.08,0.02,0.00047,0.191,0.0,0.0,0.46,0.0,61.41,1.78,Main Course,Generic,True,"Chicken, broiler, rotisserie, BBQ, thigh, meat and skin",Western
171133,Roasted Turkey Wings,Poultry Products,14.0,0.13,115.0,77.1,0.07,235.0,3.656,0.175,0.0,0.0,0.009,1.0,24.0,0.007,8.876,0.777,192.0,215.0,28.74,0.205,0.0283999999999999,106.0,0.0,0.037,13.29,0.024,0.00136,0.59,0.0,0.0008,0.17,0.0,57.34,2.99,Main Course,Generic,True,"Turkey, retail parts, wing, meat and skin, cooked, roasted",Western
171137,Roasted Turkey Thigh,Poultry Products,4.0,0.41,116.0,96.8,0.089,183.0,2.96,0.138,0.0,0.0,0.008,1.5,21.0,0.006,6.446,1.133,187.0,273.0,23.95,0.297,0.0273,101.0,0.0,0.047,9.5,0.014,0.00167,0.444,0.0,0.0003,0.07,0.0,65.12,3.0,Main Course,Generic,True,"Turkey, retail parts, thigh, meat and skin, cooked, roasted",Western
171211,Grilled Chuck Steak,Beef Products,12.0,0.4,89.0,89.2,0.11,236.0,5.963,0.882,0.0,0.0,0.006,3.27,23.0,0.017,3.575,0.86,204.0,313.0,26.1,0.24,0.0319,73.0,0.0,0.089,14.41,0.007,0.00346,0.395,0.0,0.0001,0.09,0.0016,58.12,9.66,Main Course,Generic,False,"Beef, chuck, under blade center steak, boneless, Denver Cut, separable lean and fat, trimmed to 0"" fat, choice, cooked, grilled",Western
171240,Gjetost Cheese,Dairy and Egg Products,400.0,42.65,94.0,0.0,0.08,466.0,19.16,0.0,0.0,0.0,0.005,0.52,70.0,0.04,0.813,3.351,444.0,1409.0,9.65,1.382,0.0145,600.0,0.0,0.315,29.51,0.334,0.00242,0.271,0.0,0.0,0.0,0.0,13.44,1.14,Side Dish,Generic,True,"Cheese, gjetost",Western
171241,Gouda Cheese,Dairy and Egg Products,700.0,2.22,114.0,15.4,0.036,356.0,17.614,0.0,0.0,0.0,0.021,0.24,29.0,0.011,0.063,0.34,546.0,121.0,24.94,0.334,0.0145,819.0,2.22,0.03,27.44,0.165,0.00154,0.08,0.0,0.0005,0.24,0.0023,41.46,3.9,Side Dish,Generic,True,"Cheese, gouda",Western
171242,Gruyere Cheese,Dairy and Egg Products,1011.0,0.36,110.0,15.4,0.032,413.0,18.913,0.0,0.0,0.0,0.01,0.17,36.0,0.017,0.106,0.562,605.0,81.0,29.81,0.279,0.0145,714.0,0.36,0.06,32.34,0.271,0.0016,0.081,0.0,0.0006,0.28,0.0027,33.19,3.9,Side Dish,Generic,True,"Cheese, gruyere",Western
171243,Limburger Cheese,Dairy and Egg Products,497.0,0.49,90.0,15.4,0.021,327.0,16.746,0.0,0.0,0.0,0.058,0.13,21.0,0.038,0.158,1.177,393.0,128.0,20.05,0.503,0.0145,800.0,0.49,0.08,27.25,0.34,0.00104,0.086,0.0,0.0005,0.23,0.0023,48.42,2.1,Side Dish,Generic,True,"Cheese, limburger",Western
171244,Low-Moisture Mozzarella Cheese,Dairy and Egg Products,697.0,5.58,64.0,14.2,0.033,295.0,11.295,0.72,0.0,0.0,0.027,0.22,27.0,0.039,0.111,0.429,548.0,188.0,23.75,0.353,0.0276,666.0,1.9,0.024,19.78,0.227,0.00168,0.1,0.0,0.0004,0.5,0.0013,47.07,3.62,Side Dish,Generic,False,"Cheese, mozzarella, low moisture, part-skim",Generic
171245,Muenster Cheese,Dairy and Egg Products,717.0,1.12,96.0,15.4,0.031,368.0,19.113,0.0,0.0,0.0,0.012,0.41,27.0,0.008,0.103,0.19,468.0,134.0,23.41,0.32,0.0145,628.0,1.12,0.013,30.04,0.298,0.00147,0.056,0.0,0.0006,0.26,0.0025,41.77,2.81,Side Dish,Generic,True,"Cheese, muenster",Western
171246,Neufchatel Cheese,Dairy and Egg Products,117.0,3.59,74.0,0.0,0.027,253.0,12.79,0.0,0.0,0.0,0.014,0.13,10.0,0.011,0.21,0.575,138.0,152.0,9.15,0.155,0.003,334.0,3.19,0.022,22.78,0.241,0.0003,0.041,0.0,0.0,0.4,0.0017,63.11,0.82,Side Dish,Generic,True,"Cheese, neufchatel",Western
171248,Part Skim Ricotta Cheese,Dairy and Egg Products,272.0,5.14,31.0,16.3,0.034,138.0,4.927,0.0,0.0,0.0,0.013,0.44,15.0,0.01,0.078,0.242,183.0,125.0,11.39,0.185,0.0167,99.0,0.31,0.021,7.91,0.107,0.00029,0.02,0.0,0.0001,0.07,0.0007,74.41,1.34,Side Dish,Generic,True,"Cheese, ricotta, part skim milk",Western
171249,Romano Cheese,Dairy and Egg Products,1064.0,3.63,104.0,15.4,0.03,387.0,17.115,0.0,0.0,0.0,0.007,0.77,41.0,0.02,0.077,0.424,760.0,86.0,31.8,0.37,0.0145,1433.0,0.73,0.037,26.94,0.096,0.00112,0.085,0.0,0.0005,0.23,0.0022,30.91,2.58,Side Dish,Generic,True,"Cheese, romano",Western
171251,Swiss Cheese,Dairy and Egg Products,890.0,1.44,93.0,13.8,0.047,393.0,18.227,0.987,0.0,0.0,0.01,0.13,33.0,0.026,0.064,0.353,574.0,72.0,26.96,0.302,0.03,187.0,0.0,0.011,30.99,0.288,0.00306,0.071,0.0,0.0,0.6,0.0014,37.63,4.37,Side Dish,Generic,False,"Cheese, swiss",Western
171252,Fortified American Cheese,Dairy and Egg Products,682.0,8.56,98.0,36.2,0.034,330.0,15.057,0.917,0.0,0.035,0.007,0.26,27.0,0.025,0.155,0.855,438.0,255.0,16.86,0.36,0.0196,1284.0,5.59,0.035,25.63,0.201,0.00133,0.102,0.0,0.0025,0.63,0.0034,44.0,2.31,Side Dish,Generic,False,"Cheese food, pasteurized process, American, vitamin D fortified",Western
171253,Swiss Cheese Food,Dairy and Egg Products,723.0,4.5,82.0,0.0,0.03,323.0,15.487,0.0,0.0,0.0,0.006,0.6,28.0,0.01,0.104,0.5,526.0,284.0,21.92,0.4,0.0161,1552.0,0.0,0.014,24.14,0.237,0.0023,0.035,0.0,0.0,0.0,0.0,43.67,3.55,Side Dish,Generic,True,"Cheese food, pasteurized process, swiss",Western
171254,American Cheese Spread,Dairy and Egg Products,562.0,8.73,55.0,36.2,0.033,290.0,13.327,0.0,0.0,0.035,0.007,0.33,29.0,0.02,0.131,0.686,875.0,242.0,16.41,0.431,0.0113,1625.0,7.32,0.048,21.23,0.173,0.0004,0.117,0.0,0.0004,0.19,0.0018,47.65,2.59,Side Dish,Generic,True,"Cheese spread, pasteurized process, American",Western
171255,Half and Half Cream,Dairy and Egg Products,107.0,4.3,35.0,18.7,0.009,131.0,7.032,0.464,0.0,0.003,0.003,0.05,10.0,0.005,0.109,0.539,95.0,132.0,3.13,0.194,0.0032,61.0,4.13,0.03,11.5,0.097,0.00019,0.05,0.9,0.0,0.25,0.0013,80.57,0.39,Side Dish,Generic,True,"Cream, fluid, half and half",Generic
171256,Reduced Fat Sour Cream,Dairy and Egg Products,104.0,4.26,39.0,19.2,0.016,135.0,7.47,0.0,0.0,0.0,0.011,0.07,10.0,0.003,0.067,0.363,95.0,129.0,2.94,0.149,0.0021,89.0,0.16,0.035,12.0,0.102,0.0003,0.016,0.9,0.0002,0.34,0.0006,80.14,0.5,Side Dish,Generic,True,"Cream, sour, reduced fat, cultured",Generic
171257,Sour Cream,Dairy and Egg Products,101.0,4.63,59.0,19.2,0.018,198.0,10.14,0.796,0.0,0.0,0.006,0.07,10.0,0.015,0.093,0.472,76.0,125.0,2.44,0.168,0.0037,31.0,3.41,0.02,19.35,0.124,0.00021,0.041,0.9,0.0,0.38,0.0015,73.07,0.33,Side Dish,Generic,False,"Cream, sour, cultured",Generic
171259,Sour Cream Dressing,Dairy and Egg Products,113.0,4.68,5.0,14.9,0.01,178.0,13.272,0.0,0.0,0.0,0.012,0.03,10.0,0.002,0.074,0.398,87.0,162.0,3.25,0.163,0.0023,48.0,4.68,0.038,16.57,0.003,0.00033,0.017,0.9,0.0,1.34,0.0040999999999999,74.79,0.37,Side Dish,Generic,True,"Sour dressing, non-butterfat, cultured, filled cream-type",Generic
171261,Liquid Cream Substitute,Dairy and Egg Products,9.0,11.38,0.0,0.0,0.0,136.0,1.937,0.0,0.0,0.0,0.0,0.03,0.0,0.0,0.0,0.0,64.0,191.0,1.0,0.0,0.0011,67.0,11.38,0.0,9.97,0.001,0.0,0.0,0.0,0.0,0.81,0.0025,77.27,0.02,Side Dish,Generic,True,"Cream substitute, liquid, with hydrogenated vegetable oil and soy protein",Generic
171262,Liquid Cream Substitute,Dairy and Egg Products,9.0,11.38,0.0,0.0,0.025,136.0,9.304,0.0,0.0,0.0,0.0,0.03,0.0,0.04,0.0,0.0,64.0,191.0,1.0,0.0,0.0011,79.0,0.0,0.0,9.97,0.004,0.0,0.0,0.0,0.0,0.0,0.0,77.27,0.02,Side Dish,Generic,True,"Cream substitute, liquid, with lauric acid oil and sodium caseinate",Generic
171264,Fluid Milk Substitute,Dairy and Egg Products,33.0,6.16,0.0,0.0,0.051,61.0,3.037,0.0,0.0,0.0,0.0,0.39,6.0,0.097,0.0,0.0,74.0,114.0,1.75,0.088,0.0019,78.0,0.0,0.012,3.41,0.0,0.0,0.0,0.0,0.0,0.0,0.0,88.18,1.18,Drink,Generic,True,"Milk substitutes, fluid, with lauric acid oil",Generic
171265,Whole Milk with Vitamin D,Dairy and Egg Products,113.0,4.8,10.0,14.3,0.025,61.0,1.865,0.0,0.0,0.0,0.005,0.03,10.0,0.004,0.089,0.373,84.0,132.0,3.15,0.169,0.0037,43.0,5.05,0.046,3.25,0.046,0.00045,0.036,0.0,0.0013,0.07,0.0003,88.13,0.37,Drink,Generic,True,"Milk, whole, 3.25% milkfat, with added vitamin D",Generic
171266,Whole Milk,Dairy and Egg Products,119.0,4.65,14.0,0.0,0.01,64.0,2.278,0.0,0.0,0.0,0.005,0.05,13.0,0.004,0.084,0.313,93.0,151.0,3.28,0.161,0.002,49.0,0.0,0.038,3.66,0.033,0.0003599999999999,0.042,1.5,0.0,0.0,0.0,87.69,0.38,Drink,Generic,True,"Milk, producer, fluid, 3.7% milkfat",Generic
171267,2% Milk,Dairy and Egg Products,120.0,4.8,8.0,16.4,0.006,50.0,1.257,0.085,0.0,0.0034,0.005,0.02,11.0,0.014,0.092,0.356,92.0,140.0,3.3,0.185,0.0025,47.0,5.06,0.039,1.98,0.055,0.00053,0.038,0.2,0.0012,0.03,0.0002,89.21,0.48,Drink,Generic,True,"Milk, reduced fat, fluid, 2% milkfat, with added vitamin A and vitamin D",Generic
171268,Lowfat Milk,Dairy and Egg Products,142.0,5.52,4.0,0.0,0.01,48.0,0.728,0.0,0.0,0.0,0.006,0.06,16.0,0.002,0.1,0.373,111.0,180.0,3.93,0.192,0.0025,58.0,0.0,0.045,1.17,0.061,0.00043,0.05,1.2,0.001,0.0,0.0,88.74,0.45,Drink,Generic,True,"Milk, lowfat, fluid, 1% milkfat, protein fortified, with added vitamin A and vitamin D",Generic
171269,Nonfat Milk,Dairy and Egg Products,122.0,4.96,2.0,15.6,0.013,34.0,0.056,0.0,0.0,0.0031,0.005,0.03,11.0,0.003,0.094,0.357,101.0,156.0,3.37,0.182,0.0031,42.0,5.09,0.045,0.08,0.061,0.0005,0.037,0.0,0.0012,0.01,0.0,90.84,0.42,Drink,Generic,True,"Milk, nonfat, fluid, with added vitamin A and vitamin D (fat free or skim)",Generic
171270,Nonfat Milk,Dairy and Egg Products,129.0,5.02,2.0,16.0,0.011,37.0,0.162,0.0,0.0,0.0,0.005,0.05,15.0,0.002,0.091,0.339,104.0,171.0,3.57,0.175,0.0022,53.0,5.02,0.041,0.25,0.064,0.00039,0.046,1.0,0.0012,0.01,0.0,90.38,0.41,Drink,Generic,True,"Milk, nonfat, fluid, with added nonfat milk solids, vitamin A and vitamin D (fat free or skim)",Generic
171271,Fortified Nonfat Milk,Dairy and Egg Products,143.0,5.56,2.0,0.0,0.011,41.0,0.162,0.0,0.0,0.0,0.006,0.06,16.0,0.002,0.101,0.376,112.0,182.0,3.96,0.194,0.0024,59.0,0.0,0.045,0.25,0.061,0.00043,0.05,1.1,0.001,0.0,0.0,89.36,0.45,Drink,Generic,True,"Milk, nonfat, fluid, protein fortified, with added vitamin A and vitamin D (fat free and skim)",Generic
171277,Homemade Hot Chocolate,Dairy and Egg Products,114.0,10.74,8.0,15.6,0.103,77.0,1.431,0.078,1.0,0.0031,0.005,0.42,23.0,0.013,0.133,0.328,105.0,197.0,3.52,0.182,0.0027,44.0,9.66,0.039,2.34,0.051,0.00049,0.04,0.2,0.0011,0.03,0.0002,82.45,0.63,Drink,Generic,True,"Milk, chocolate beverage, hot cocoa, homemade",Generic
171278,Goat Milk with Vitamin D,Dairy and Egg Products,134.0,4.45,11.0,16.0,0.046,69.0,2.667,0.0,0.0,0.0,0.001,0.05,14.0,0.018,0.277,0.31,111.0,204.0,3.56,0.138,0.0014,50.0,4.45,0.048,4.14,0.057,7.000000000000001e-05,0.046,1.3,0.0013,0.07,0.0003,87.03,0.3,Drink,Generic,True,"Milk, goat, fluid, with added vitamin D",Generic
171280,Indian Buffalo Milk,Dairy and Egg Products,169.0,5.18,19.0,0.0,0.046,97.0,4.597,0.0,0.0,0.0,0.006,0.12,31.0,0.018,0.091,0.192,117.0,178.0,3.75,0.135,0.0,52.0,0.0,0.052,6.89,0.053,0.0003599999999999,0.023,2.3,0.0,0.0,0.0,83.39,0.22,Drink,Generic,True,"Milk, indian buffalo, fluid",Asian
171284,Plain Whole Milk Yogurt,Dairy and Egg Products,121.0,4.66,13.0,15.2,0.009,61.0,2.096,0.0,0.0,0.012,0.007,0.05,12.0,0.004,0.075,0.389,95.0,155.0,3.47,0.142,0.0022,46.0,4.66,0.029,3.25,0.027,0.00037,0.032,0.5,0.0001,0.06,0.0002,87.9,0.59,Drink,Generic,True,"Yogurt, plain, whole milk",Generic
171285,Low Fat Fruit Yogurt,Dairy and Egg Products,152.0,19.05,4.0,14.0,0.08,102.0,0.697,0.0,0.0,0.009,0.009,0.07,15.0,0.065,0.095,0.489,119.0,195.0,4.37,0.178,0.0031,58.0,19.05,0.037,1.08,0.01,0.00047,0.04,0.7,0.0,0.02,0.0001,74.48,0.74,Drink,Generic,True,"Yogurt, fruit, low fat, 10 grams protein per 8 ounce",Generic
171286,Low-Fat Fruit Yogurt,Dairy and Egg Products,169.0,18.6,6.0,0.0,0.08,105.0,0.909,0.0,0.0,0.009,0.01,0.07,16.0,0.065,0.105,0.544,133.0,216.0,4.86,0.198,0.0031,65.0,0.0,0.041,1.41,0.0,0.00052,0.045,0.7,0.0,0.0,0.0,74.1,0.82,Snack,Generic,True,"Yogurt, fruit, low fat, 11g protein/8 oz",Generic
171288,Mexican Cheese Blend,Dairy and Egg Products,659.0,0.13,95.0,15.7,0.025,384.0,16.07,0.0,0.0,0.0087,0.013,0.59,25.0,0.022,0.114,0.249,438.0,85.0,23.54,0.318,0.015,607.0,0.0,0.023,32.14,0.174,0.00123,0.061,0.0,0.0005,0.25,0.0025,40.48,3.01,Side Dish,Generic,True,"Cheese, Mexican blend",Western
171289,American Cheese,Dairy and Egg Products,1375.0,8.85,78.0,35.8,0.027,307.0,12.931,0.817,0.0,0.0,0.018,0.95,34.0,0.061,0.17,0.463,768.0,295.0,16.09,0.425,0.0162,1279.0,6.24,0.04,23.06,0.27,0.00152,0.124,0.0,0.0065,0.84,0.0031,45.07,2.21,Side Dish,Generic,False,"Cheese product, pasteurized process, American, vitamin D fortified",Western
171290,American Cheese,Dairy and Egg Products,1045.0,3.7,100.0,36.2,0.046,371.0,18.057,1.144,0.0,0.035,0.008,0.63,26.0,0.041,0.076,0.403,641.0,132.0,18.13,0.234,0.0202,1671.0,2.26,0.015,31.79,0.25,0.0015,0.054,0.0,0.0006,0.8,0.0026,39.61,2.49,Side Dish,Generic,False,"Cheese, pasteurized process, American, without added vitamin D",Western
171291,American Cheese,Dairy and Egg Products,682.0,8.56,98.0,29.9,0.034,330.0,15.057,0.917,0.0,0.035,0.007,0.26,27.0,0.025,0.155,0.855,438.0,255.0,16.86,0.36,0.0196,1441.0,5.59,0.035,25.63,0.24,0.00133,0.102,0.0,0.0025,0.63,0.0026,44.0,2.31,Side Dish,Generic,False,"Cheese food, pasteurized process, American, without added vitamin D",Western
171292,Reduced Fat Cheddar Cheese,Dairy and Egg Products,761.0,2.67,76.0,15.4,0.043,316.0,12.602,0.733,0.0,0.0,0.02,0.12,27.0,0.031,0.145,0.389,520.0,63.0,27.35,0.397,0.0358,628.0,0.26,0.021,20.41,0.145,0.00141,0.084,0.0,0.0003,0.48,0.0015,44.29,4.44,Side Dish,Generic,False,"Cheese, cheddar, reduced fat (Includes foods for USDA's Food Distribution Program)",Western
171296,Vanilla Greek Yogurt,Dairy and Egg Products,106.0,8.09,0.0,0.0,0.019,71.0,0.178,0.007,0.3,0.0,0.0,0.05,11.0,0.008,0.217,0.39,126.0,130.0,9.07,0.233,0.0106,36.0,7.61,0.028,0.22,0.0,0.0007,0.053,0.0,0.0,0.0,0.0,82.03,0.49,Drink,Generic,True,"Yogurt, Greek, nonfat, vanilla, CHOBANI",Generic
171298,Nonfat Vanilla Greek Yogurt,Dairy and Egg Products,89.0,12.72,0.0,0.0,0.017,85.0,0.09,0.0,0.5,0.0,0.0,0.04,10.0,0.009,0.187,0.375,112.0,115.0,8.12,0.26,0.0081999999999999,32.0,11.4,0.033,0.14,0.0,0.00066,0.047,0.0,0.0009,0.0,0.0,78.5,0.4,Drink,Generic,True,"Yogurt, Greek, nonfat, vanilla, DANNON OIKOS",Generic
171302,Evaporated Milk,Dairy and Egg Products,267.0,15.74,0.0,16.6,0.016,107.0,1.204,0.0,0.0,0.0,0.008,0.19,24.0,0.006,0.194,0.638,203.0,303.0,6.67,0.316,0.0023,100.0,6.67,0.047,2.0,0.056,0.00016,0.05,16.0,0.004,0.18,0.0002,74.04,0.77,Drink,Generic,True,"Milk, evaporated, 2% fat, with added vitamin A and vitamin D",Generic
171304,Plain Greek Yogurt,Dairy and Egg Products,100.0,3.98,13.0,15.1,0.017,97.0,2.395,0.0,0.0,0.0,0.005,0.0,11.0,0.009,0.208,0.331,135.0,141.0,9.0,0.278,0.0097,35.0,4.0,0.023,5.0,0.002,0.00075,0.063,0.0,0.0,0.01,0.0,81.3,0.52,Drink,Generic,True,"Yogurt, Greek, plain, whole milk",Generic
171308,Low-Fat Half and Half,Dairy and Egg Products,133.0,3.33,17.0,18.7,0.009,72.0,3.276,0.0,0.0,0.0,0.003,0.0,10.0,0.0,0.109,0.0,95.0,132.0,3.33,0.194,0.0032,50.0,3.33,0.03,5.0,0.047,0.00019,0.05,0.0,0.0,0.12,0.0006,87.83,0.39,Side Dish,Generic,True,"Cream, half and half, lowfat",Generic
171446,Stewed Chicken,Poultry Products,14.0,0.06,97.0,0.0,0.071,216.0,3.45,0.0,0.0,0.0,0.027,1.53,19.0,0.029,5.389,0.796,144.0,163.0,24.49,0.201,0.0159,66.0,0.0,0.048,12.37,0.174,0.00079,0.22,0.5,0.0,0.0,0.0,64.04,1.98,Main Course,Generic,True,"Chicken, broilers or fryers, meat and skin and giblets and neck, stewed",Generic
171448,Fried Chicken,Poultry Products,21.0,9.42,87.0,63.5,0.072,289.0,4.61,0.0,0.3,0.0147,0.025,1.37,21.0,0.057,7.043,0.889,155.0,185.0,22.54,0.189,0.0255,292.0,0.0,0.115,17.35,0.028,0.00028,0.31,0.0,0.0002,1.24,0.0024,49.39,1.67,Main Course,Generic,True,"Chicken, broilers or fryers, meat and skin, cooked, fried, batter",Western
171449,Fried Chicken,Poultry Products,17.0,3.15,90.0,79.8,0.075,269.0,4.06,0.0,0.1,0.0147,0.011,1.38,25.0,0.034,8.992,1.079,191.0,234.0,28.56,0.193,0.0217,84.0,0.0,0.087,14.92,0.027,0.00031,0.41,0.0,0.0001,0.63,0.0024,52.41,2.04,Main Course,Generic,True,"Chicken, broilers or fryers, meat and skin, cooked, fried, flour",Western
171459,Fried Chicken,Poultry Products,20.0,9.5,84.0,0.0,0.061,277.0,4.12,0.0,0.0,0.0,0.023,1.26,22.0,0.055,9.156,0.794,168.0,185.0,23.55,0.147,0.0272,287.0,0.0,0.113,15.44,0.024,0.00028,0.39,0.0,0.0,0.0,0.0,50.23,1.06,Main Course,Generic,True,"Chicken, broilers or fryers, light meat, meat and skin, cooked, fried, batter",Western
171460,Fried Chicken,Poultry Products,16.0,1.82,87.0,81.3,0.058,246.0,3.32,0.0,0.1,0.0,0.009,1.21,27.0,0.026,12.035,0.97,213.0,239.0,30.45,0.133,0.0291,77.0,0.0,0.076,12.09,0.02,0.00033,0.54,0.0,0.0001,0.57,0.0024,54.66,1.26,Main Course,Generic,True,"Chicken, broilers or fryers, light meat, meat and skin, cooked, fried, flour",Western
171465,Fried Chicken,Poultry Products,16.0,0.42,90.0,0.0,0.054,192.0,1.52,0.0,0.0,0.0,0.004,1.14,29.0,0.02,13.365,1.03,231.0,263.0,32.82,0.126,0.0262,81.0,0.0,0.073,5.54,0.009,0.0003599999999999,0.63,0.0,0.0,0.0,0.0,60.14,1.27,Main Course,Generic,True,"Chicken, broilers or fryers, light meat, meat only, cooked, fried",Western
171470,Fried Chicken Back,Poultry Products,26.0,10.25,88.0,0.0,0.081,331.0,5.83,0.0,0.0,0.0,0.028,1.49,19.0,0.062,5.837,0.899,137.0,180.0,21.97,0.213,0.029,317.0,0.0,0.119,21.91,0.036,0.00026,0.23,0.0,0.0,0.0,0.0,44.51,1.96,Main Course,Generic,True,"Chicken, broilers or fryers, back, meat and skin, cooked, fried, batter",Generic
171471,Fried Chicken Backs,Poultry Products,24.0,6.5,89.0,0.0,0.091,331.0,5.61,0.0,0.0,0.0,0.02,1.62,23.0,0.05,7.297,1.093,166.0,226.0,27.79,0.236,0.0237,90.0,0.0,0.107,20.74,0.037,0.00028,0.3,0.0,0.0,0.0,0.0,43.96,2.47,Main Course,Generic,True,"Chicken, broilers or fryers, back, meat and skin, cooked, fried, flour",Generic
171475,Fried Chicken Breast,Poultry Products,20.0,8.99,85.0,64.8,0.06,260.0,3.52,0.0,0.3,0.0,0.021,1.25,24.0,0.054,10.523,0.823,185.0,201.0,24.84,0.146,0.028,275.0,0.0,0.115,13.2,0.02,0.0003,0.43,0.0,0.0001,1.06,0.0024,51.64,0.95,Main Course,Generic,True,"Chicken, broilers or fryers, breast, meat and skin, cooked, fried, batter",Western
171476,Fried Chicken Breast,Poultry Products,16.0,1.64,89.0,0.0,0.057,222.0,2.45,0.0,0.1,0.0,0.007,1.19,30.0,0.026,13.742,1.001,233.0,259.0,31.84,0.131,0.0238999999999999,76.0,0.0,0.082,8.87,0.015,0.00034,0.58,0.0,0.0,0.0,0.0,56.59,1.1,Main Course,Generic,True,"Chicken, broilers or fryers, breast, meat and skin, cooked, fried, flour",Western
171479,Roasted Turkey,Poultry Products,14.0,0.06,109.0,87.4,0.093,189.0,2.155,0.101,0.0,0.0,0.009,1.09,30.0,0.014,9.573,0.948,223.0,239.0,28.55,0.281,0.0298,103.0,0.0,0.045,7.39,0.012,0.00102,0.616,0.0,0.0004,0.07,0.0,63.52,2.48,Main Course,Generic,True,"Turkey, whole, meat and skin, cooked, roasted",Western
171489,Roasted Dark Meat Turkey,Poultry Products,17.0,0.07,134.0,93.2,0.125,206.0,2.93,0.137,0.0,0.0,0.009,1.45,27.0,0.017,7.103,1.004,215.0,228.0,27.27,0.365,0.0302,105.0,0.0,0.057,9.95,0.014,0.00166,0.43,0.0,0.0004,0.08,0.0,61.66,3.35,Main Course,Generic,True,"Turkey, whole, dark meat, meat and skin, cooked, roasted",Generic
171500,Turkey with Gravy,Poultry Products,14.0,4.61,18.0,0.0,0.022,67.0,0.85,0.0,0.0,0.0,0.004,0.93,8.0,0.005,1.799,0.213,81.0,61.0,5.88,0.127,0.0192,554.0,0.0,0.024,2.63,0.013,0.00024,0.1,0.0,0.0,0.0,0.0,85.07,0.7,Main Course,Generic,True,"Turkey and gravy, frozen",Generic
171508,Barbecue Chicken Wings,Poultry Products,38.0,3.84,156.0,0.0,0.049,248.0,3.655,0.0,0.9,0.0,0.012,2.74,27.0,0.0,7.1,0.711,272.0,254.0,25.34,0.296,0.0417,837.0,2.1,0.081,13.9,0.02,0.00048,0.21,0.5,0.0,0.38,0.0,53.89,1.55,Main Course,Generic,True,"Chicken, wing, frozen, glazed, barbecue flavored, heated (microwave)",Western
171514,Breaded Chicken Tenders,Poultry Products,14.0,17.56,45.0,40.8,0.316,252.0,3.2,0.0,0.0,0.0,0.012,1.0,26.0,0.235,6.514,0.994,216.0,225.0,16.35,0.098,0.0306,446.0,0.0,0.324,12.89,0.0,0.00044,0.037,0.0,0.0,0.37,0.0042,51.34,0.77,Main Course,Generic,True,"Chicken breast tenders, breaded, cooked, microwaved",Generic
171516,BBQ Rotisserie Chicken Wings,Poultry Products,32.0,0.54,134.0,69.5,0.066,186.0,2.134,0.0,0.0,0.0,0.007,0.97,24.0,0.0,7.676,0.0,264.0,322.0,28.34,0.138,0.0511,725.0,0.53,0.092,7.79,0.011,0.00039,0.184,0.0,0.0,0.37,0.0,62.87,2.05,Main Course,Generic,True,"Chicken, broiler, rotisserie, BBQ, wing, meat only",Generic
171524,BBQ Rotisserie Chicken,Poultry Products,34.0,0.7,120.0,39.3,0.043,378.0,9.333,0.438,0.0,0.0,0.009,0.86,22.0,0.027,7.082,0.857,230.0,223.0,15.19,0.199,0.0166,335.0,0.7,0.054,35.15,0.051,0.00055,0.259,0.0,0.0,0.33,0.0,47.81,0.76,Main Course,Generic,True,"Chicken, broiler, rotisserie, BBQ, skin",Western
171529,Roasted Turkey Breast,Poultry Products,15.0,0.05,79.0,6.6,0.064,164.0,1.657,0.08,0.0,0.0,0.009,1.03,29.0,0.006,11.614,1.025,251.0,292.0,29.01,0.199,0.0298,114.0,0.0,0.042,5.33,0.01,0.00175,0.789,0.0,0.0003,0.07,0.0,64.59,1.57,Main Course,Generic,True,"Turkey, retail parts, breast, meat and skin, cooked, roasted",Generic
171638,Italian Style Meatballs,Sausages and Luncheon Meats,80.0,8.06,66.0,45.2,0.123,286.0,7.627,0.577,2.3,0.0,0.036,1.77,31.0,0.282,3.108,0.924,239.0,296.0,14.4,0.23,0.0153,666.0,3.47,0.136,22.21,0.022,0.001,0.202,0.0,0.0001,0.42,0.0081999999999999,53.67,1.66,Main Course,Generic,False,"Meatballs, frozen, Italian style",Western
171686,Raw Acerola Cherries,Fruits and Fruit Juices,12.0,7.69,0.0,0.0,0.086,32.0,0.068,0.0,1.1,0.0,0.014,0.2,18.0,0.0,0.4,0.309,11.0,146.0,0.4,0.06,0.0006,7.0,0.0,0.02,0.3,0.038,0.0,0.009,1677.6,0.0,0.0,0.0,91.41,0.1,Snack,Generic,True,"Acerola, (west indian cherry), raw",Generic
171687,Acerola Juice,Fruits and Fruit Juices,10.0,4.8,0.0,0.0,0.086,23.0,0.068,0.0,0.3,0.0,0.014,0.5,12.0,0.0,0.4,0.205,9.0,97.0,0.4,0.06,0.0001,3.0,4.5,0.02,0.3,0.025,0.0,0.004,1600.0,0.0,0.18,0.0014,94.3,0.1,Drink,Generic,True,"Acerola juice, raw",Generic
171688,Raw Apples with Skin,Fruits and Fruit Juices,6.0,13.81,0.0,3.4,0.027,52.0,0.028,0.0,2.4,0.0033,0.003,0.12,5.0,0.035,0.091,0.061,11.0,107.0,0.26,0.026,0.0,1.0,10.39,0.017,0.17,0.003,0.0,0.041,4.6,0.0,0.18,0.0022,85.56,0.04,Snack,Generic,True,"Apples, raw, with skin (Includes foods for USDA's Food Distribution Program)",Generic
171689,Raw Apples,Fruits and Fruit Juices,5.0,12.76,0.0,3.4,0.031,48.0,0.021,0.0,1.3,0.0,0.0,0.07,4.0,0.038,0.091,0.071,11.0,90.0,0.27,0.028,0.0,0.0,10.1,0.019,0.13,0.002,0.0,0.037,4.0,0.0,0.05,0.0006,86.67,0.05,Snack,Generic,True,"Apples, raw, without skin",Generic
171692,Dried Stewed Apples,Fruits and Fruit Juices,3.0,15.32,0.0,3.8,0.044,57.0,0.012,0.0,2.0,0.0,0.0,0.33,4.0,0.021,0.129,0.057,9.0,105.0,0.22,0.019,0.0003,20.0,13.32,0.006,0.07,0.001,0.0,0.05,1.0,0.0,0.12,0.0007,84.13,0.05,Snack,Generic,True,"Apples, dried, sulfured, stewed, without added sugar",Generic
171693,Dried Apples,Fruits and Fruit Juices,3.0,20.73,0.0,0.0,0.042,83.0,0.011,0.0,1.9,0.0,0.0,0.31,3.0,0.02,0.121,0.054,8.0,98.0,0.2,0.018,0.0,19.0,0.0,0.006,0.07,0.001,0.0,0.047,0.9,0.0,0.0,0.0,78.76,0.04,Snack,Generic,True,"Apples, dried, sulfured, stewed, with added sugar",Generic
171694,Frozen Unsweetened Apples,Fruits and Fruit Juices,4.0,12.31,0.0,0.0,0.058,48.0,0.053,0.0,1.3,0.0,0.001,0.18,3.0,0.169,0.042,0.054,8.0,77.0,0.28,0.011,0.0002,3.0,10.1,0.013,0.32,0.0,0.0,0.034,0.1,0.0,0.0,0.0,86.85,0.05,Snack,Generic,True,"Apples, frozen, unsweetened, unheated (Includes foods for USDA's Food Distribution Program)",Generic
171695,Unsweetened Canned Applesauce,Fruits and Fruit Juices,4.0,11.27,0.0,2.2,0.027,42.0,0.008,0.0,1.1,0.0,0.003,0.23,3.0,0.025,0.084,0.041,5.0,74.0,0.17,0.03,0.0003,2.0,9.39,0.026,0.1,0.001,0.0,0.027,1.0,0.0,0.16,0.0005,88.22,0.03,Snack,Generic,True,"Applesauce, canned, unsweetened, without added ascorbic acid (Includes foods for USDA's Food Distribution Program)",Generic
171696,Sweetened Canned Applesauce,Fruits and Fruit Juices,3.0,17.49,0.0,3.3,0.032,68.0,0.03,0.0,1.2,0.0,0.001,0.12,3.0,0.03,0.072,0.044,6.0,75.0,0.16,0.022,0.0003,2.0,14.67,0.017,0.17,0.0,0.0,0.027,1.7,0.0,0.18,0.0006,81.98,0.03,Snack,Generic,True,"Applesauce, canned, sweetened, without salt",Generic
171697,Raw Apricots,Fruits and Fruit Juices,13.0,11.12,0.0,2.8,0.078,48.0,0.027,0.0,2.0,0.0,0.009,0.39,10.0,0.077,0.6,0.24,23.0,259.0,1.4,0.04,0.0001,1.0,9.24,0.03,0.39,0.096,0.0,0.054,10.0,0.0,0.89,0.0033,86.35,0.2,Snack,Generic,True,"Apricots, raw",Generic
171698,Canned Apricots,Fruits and Fruit Juices,8.0,6.39,0.0,1.8,0.082,27.0,0.011,0.0,1.6,0.0,0.002,0.32,7.0,0.053,0.395,0.092,13.0,192.0,0.71,0.023,0.0001,3.0,4.79,0.021,0.16,0.098,0.0,0.054,3.4,0.0,0.6,0.0022,92.36,0.11,Snack,Generic,True,"Apricots, canned, water pack, with skin, solids and liquids",Generic
171699,Canned Apricots in Syrup,Fruits and Fruit Juices,9.0,21.47,0.0,1.8,0.078,83.0,0.005,0.0,1.6,0.0,0.002,0.3,7.0,0.051,0.376,0.092,12.0,140.0,0.53,0.022,0.0001,4.0,19.87,0.02,0.08,0.062,0.0,0.054,3.1,0.0,0.6,0.0022,77.56,0.11,Snack,Generic,True,"Apricots, canned, heavy syrup pack, with skin, solids and liquids",Generic
171700,Canned Apricots in Syrup,Fruits and Fruit Juices,9.0,21.45,0.0,0.0,0.065,83.0,0.006,0.0,1.6,0.0,0.002,0.43,8.0,0.051,0.416,0.092,13.0,134.0,0.51,0.023,0.0,11.0,0.0,0.019,0.09,0.062,0.0,0.054,2.8,0.0,0.0,0.0,77.66,0.1,Snack,Generic,True,"Apricots, canned, heavy syrup pack, without skin, solids and liquids",Generic
171701,Canned Apricots,Fruits and Fruit Juices,8.0,24.85,0.0,0.0,0.064,96.0,0.003,0.0,1.6,0.0,0.002,0.62,8.0,0.05,0.34,0.092,15.0,126.0,0.55,0.022,0.0,13.0,0.0,0.016,0.04,0.074,0.0,0.054,2.4,0.0,0.0,0.0,74.33,0.1,Snack,Generic,True,"Apricots, canned, extra heavy syrup pack, without skin, solids and liquids",Generic
171703,Sweetened Frozen Apricots,Fruits and Fruit Juices,10.0,25.1,0.0,0.0,0.064,98.0,0.007,0.0,2.2,0.0,0.002,0.9,9.0,0.05,0.8,0.2,19.0,229.0,0.7,0.04,0.0004,4.0,0.0,0.02,0.1,0.084,0.0,0.06,9.0,0.0,0.0,0.0,73.3,0.1,Snack,Generic,True,"Apricots, frozen, sweetened",Generic
171704,Apricot Nectar,Fruits and Fruit Juices,11.0,13.63,0.0,1.0,0.019,56.0,0.033,0.0,0.1,0.0,0.001,0.1,5.0,0.018,0.15,0.04,5.0,67.0,0.17,0.015,0.0,8.0,12.79,0.06,0.45,0.016,0.0,0.037,29.7,0.0,0.41,0.0012,85.63,0.03,Drink,Generic,True,"Apricot nectar, canned, with added ascorbic acid",Generic
171705,Avocados,Fruits and Fruit Juices,12.0,8.53,0.0,14.2,0.19,160.0,2.126,0.0,6.7,0.007,0.081,0.55,29.0,0.142,1.738,1.389,52.0,485.0,2.0,0.13,0.0004,7.0,0.66,0.067,14.66,0.007,0.0,0.257,10.0,0.0,2.07,0.021,73.23,0.64,Snack,Generic,True,"Avocados, raw, all commercial varieties",Generic
171708,Sweetened Dried Tart Cherries,Fruits and Fruit Juices,38.0,80.45,0.0,14.7,0.229,333.0,0.146,0.0,2.5,0.0,0.011,0.68,22.0,0.0,0.867,0.0,36.0,376.0,1.25,0.101,0.0004,13.0,67.15,0.058,0.73,0.141,0.0,0.101,19.3,0.0,0.17,0.0050999999999999,16.6,0.25,Snack,Generic,True,"Cherries, tart, dried, sweetened (Includes foods for USDA's Food Distribution Program)",Generic
171709,Canned Blackberries in Syrup,Fruits and Fruit Juices,21.0,23.1,0.0,5.7,0.133,92.0,0.005,0.0,3.4,0.0,0.027,0.65,17.0,0.697,0.287,0.151,14.0,99.0,1.31,0.039,0.0003,3.0,19.7,0.027,0.14,0.011,0.0,0.036,2.8,0.0,0.78,0.0133,75.06,0.18,Snack,Generic,True,"Blackberries, canned, heavy syrup, solids and liquids",Generic
171710,Unsweetened Frozen Blackberries,Fruits and Fruit Juices,29.0,15.67,0.0,8.5,0.12,64.0,0.015,0.0,5.0,0.0,0.034,0.8,22.0,1.223,1.207,0.151,30.0,140.0,1.18,0.046,0.0004,1.0,10.67,0.029,0.43,0.006,0.0,0.061,3.1,0.0,1.17,0.0198,82.21,0.25,Snack,Generic,True,"Blackberries, frozen, unsweetened",Generic
171711,Fresh Blueberries,Fruits and Fruit Juices,6.0,14.49,0.0,6.0,0.057,57.0,0.028,0.0,2.4,0.0,0.006,0.28,6.0,0.336,0.418,0.124,12.0,77.0,0.74,0.041,0.0001,1.0,9.96,0.037,0.33,0.003,0.0,0.052,9.7,0.0,0.57,0.0193,84.21,0.16,Snack,Generic,True,"Blueberries, raw",Generic
171712,Canned Boysenberries,Fruits and Fruit Juices,18.0,22.31,0.0,0.0,0.07,88.0,0.004,0.0,2.6,0.0,0.034,0.43,11.0,0.25,0.23,0.131,10.0,90.0,0.99,0.029,0.0004,3.0,0.0,0.026,0.12,0.002,0.0,0.038,6.2,0.0,0.0,0.0,76.26,0.19,Snack,Generic,True,"Boysenberries, canned, heavy syrup",Generic
171713,Frozen Boysenberries,Fruits and Fruit Juices,27.0,12.19,0.0,10.2,0.08,50.0,0.009,0.0,5.3,0.0,0.063,0.85,16.0,0.547,0.767,0.25,27.0,139.0,1.1,0.037,0.0002,1.0,6.89,0.053,0.26,0.003,0.0,0.056,3.1,0.0,0.87,0.0078,85.9,0.22,Snack,Generic,True,"Boysenberries, frozen, unsweetened",Generic
171715,Starfruit,Fruits and Fruit Juices,3.0,6.73,0.0,7.6,0.137,31.0,0.019,0.0,2.8,0.0,0.012,0.08,10.0,0.037,0.367,0.391,12.0,133.0,1.04,0.016,0.0006,2.0,3.98,0.014,0.33,0.003,0.0,0.017,34.4,0.0,0.15,0.0,91.38,0.12,Snack,Generic,True,"Carambola, (starfruit), raw",Generic
171716,Sour Cherries in Syrup,Fruits and Fruit Juices,10.0,23.27,0.0,4.1,0.066,91.0,0.021,0.0,1.1,0.0,0.008,1.3,6.0,0.072,0.168,0.105,10.0,93.0,0.73,0.039,0.0,7.0,22.17,0.016,0.1,0.036,0.0,0.044,2.0,0.0,0.23,0.0014,75.66,0.06,Snack,Generic,True,"Cherries, sour, red, canned, heavy syrup pack, solids and liquids",Generic
171717,Sour Cherries in Syrup,Fruits and Fruit Juices,10.0,29.23,0.0,0.0,0.065,114.0,0.021,0.0,0.8,0.0,0.007,1.26,5.0,0.07,0.163,0.105,9.0,91.0,0.71,0.038,0.0,7.0,0.0,0.016,0.09,0.035,0.0,0.044,1.9,0.0,0.0,0.0,69.73,0.06,Snack,Generic,True,"Cherries, sour, red, canned, extra heavy syrup pack, solids and liquids",Generic
171718,Frozen Sour Cherries,Fruits and Fruit Juices,13.0,11.02,0.0,5.6,0.09,46.0,0.1,0.0,1.6,0.0,0.005,0.53,9.0,0.057,0.137,0.178,16.0,124.0,0.92,0.034,0.0,1.0,9.02,0.044,0.44,0.044,0.0,0.067,1.7,0.0,0.05,0.0015,87.2,0.1,Snack,Generic,True,"Cherries, sour, red, frozen, unsweetened (Includes foods for USDA's Food Distribution Program)",Generic
171719,Raw Sweet Cherries,Fruits and Fruit Juices,13.0,16.01,0.0,6.1,0.06,63.0,0.038,0.0,2.1,0.002,0.004,0.36,11.0,0.07,0.154,0.199,21.0,222.0,1.06,0.033,0.0,0.0,12.82,0.027,0.2,0.003,0.0,0.049,7.0,0.0,0.07,0.0021,82.25,0.07,Snack,Generic,True,"Cherries, sweet, raw",Generic
171720,Sweet Cherries in Syrup,Fruits and Fruit Juices,9.0,26.23,0.0,0.0,0.139,102.0,0.033,0.0,1.5,0.0,0.004,0.35,8.0,0.058,0.388,0.127,17.0,142.0,0.59,0.039,0.0,3.0,0.0,0.021,0.15,0.008,0.0,0.03,3.6,0.0,0.0,0.0,72.66,0.1,Snack,Generic,True,"Cherries, sweet, canned, extra heavy syrup pack, solids and liquids",Generic
171722,Raw Cranberries,Fruits and Fruit Juices,8.0,11.97,0.0,5.5,0.056,46.0,0.008,0.0,3.6,0.0,0.001,0.23,6.0,0.267,0.101,0.295,11.0,80.0,0.46,0.02,0.0001,2.0,4.27,0.012,0.13,0.003,0.0,0.057,14.0,0.0,1.32,0.005,87.32,0.09,Snack,Generic,True,"Cranberries, raw",Generic
171723,Sweetened Dried Cranberries,Fruits and Fruit Juices,9.0,82.8,0.0,8.3,0.063,308.0,0.088,0.003,5.3,0.0,0.0,0.39,4.0,0.18,0.548,0.0,8.0,49.0,0.17,0.028,0.0006,5.0,72.56,0.013,1.09,0.002,0.0,0.038,0.2,0.0,2.1,0.0076,15.79,0.1,Snack,Generic,True,"Cranberries, dried, sweetened (Includes foods for USDA's Food Distribution Program)",Generic
171724,Dried Zante Currants,Fruits and Fruit Juices,88.0,76.98,0.0,10.6,0.298,290.0,0.085,0.001,4.4,0.0,0.01,1.88,36.0,0.345,1.615,0.0,99.0,777.0,3.43,0.142,0.0007,43.0,62.28,0.16,0.22,0.004,0.0,0.296,4.7,0.0,0.11,0.0033,17.6,0.37,Snack,Generic,True,"Currants, zante, dried",Generic
171726,Deglet Noor Dates,Fruits and Fruit Juices,39.0,75.03,0.0,6.3,0.206,282.0,0.032,0.0,8.0,0.0,0.019,1.02,43.0,0.262,1.274,0.589,62.0,656.0,2.45,0.066,0.003,2.0,63.35,0.052,0.39,0.0,0.0,0.165,0.4,0.0,0.05,0.0027,20.53,0.29,Snack,Generic,True,"Dates, deglet noor",Generic
171727,Raw Elderberries,Fruits and Fruit Juices,38.0,18.4,0.0,0.0,0.061,73.0,0.023,0.0,7.0,0.0,0.006,1.6,5.0,0.0,0.5,0.14,39.0,280.0,0.66,0.06,0.0006,6.0,0.0,0.07,0.5,0.03,0.0,0.23,36.0,0.0,0.0,0.0,79.8,0.11,Snack,Generic,True,"Elderberries, raw",Generic
171770,Roasted Top Round Beef,Beef Products,16.0,0.06,76.0,80.7,0.059,158.0,1.547,0.178,0.0,0.0,0.005,2.91,15.0,0.005,8.23,0.432,272.0,381.0,30.24,0.28,0.027,69.0,0.0,0.079,4.11,0.002,0.0020499999999999,0.792,0.0,0.0,0.3,0.0019,64.37,4.67,Snack,Generic,True,"Beef, round, top round roast, boneless, separable lean only, trimmed to 0"" fat, choice, cooked, roasted",Western
171836,Chocolate-Covered Peanut Butter Cookie,Baked Products,35.0,52.9,0.0,17.5,0.585,562.0,19.2,0.27,3.5,0.0,0.074,2.1,17.0,0.682,4.5,0.484,37.0,217.0,8.1,0.09,0.0073,371.0,30.9,0.14,35.3,0.0,1e-05,0.102,0.0,0.0,4.32,0.0047,1.8,0.2,Snack,Generic,True,"Cookie, with peanut butter filling, chocolate-coated",Generic
171838,Multigrain Crackers,Baked Products,14.0,67.6,0.0,10.4,0.151,482.0,3.3,0.19,3.5,0.0,0.143,2.59,29.0,0.0,3.4,0.0,292.0,171.0,7.1,0.28,0.0261,883.0,12.0,0.52,20.4,0.0,0.0,0.117,0.0,0.0,1.75,0.036,2.5,0.98,Snack,Generic,True,"Crackers, multigrain",Generic
171841,Reduced Fat Chocolate Sandwich Cookies,Baked Products,0.0,76.17,0.0,22.1,0.188,436.0,2.941,0.0,2.9,0.0,0.107,3.18,25.0,0.0,2.235,0.169,66.0,176.0,2.94,0.204,0.0132,471.0,41.18,0.29,13.24,0.0,0.0,0.02,0.0,0.0,1.68,0.016,6.23,0.49,Snack,Generic,True,"Cookies, chocolate sandwich, with creme filling, reduced fat",Generic
171842,Oatmeal Cream Cookies,Baked Products,0.0,55.62,0.0,8.7,0.137,398.0,5.226,0.0,2.6,0.0,0.056,1.88,35.0,0.824,1.146,0.288,94.0,136.0,2.61,0.111,0.0068,500.0,31.36,0.236,18.29,0.001,1e-05,0.046,0.0,0.0,2.21,0.0054,22.1,0.67,Snack,Generic,True,"Cookies, oatmeal sandwich, with creme filling",Generic
171843,Sugar-Free Peanut Butter Cookies,Baked Products,0.0,50.52,17.0,38.5,0.199,523.0,8.621,0.0,3.4,0.0,0.117,2.48,49.0,0.0,5.538,0.0,132.0,202.0,10.34,0.222,0.0166,448.0,0.0,0.34,31.03,0.0,0.0,0.112,0.0,0.0,3.51,0.0348,6.17,1.05,Snack,Generic,True,"Cookies, peanut butter, commercially prepared, sugar free",Generic
171846,Whole Wheat Crackers,Baked Products,167.0,68.37,0.0,27.2,0.197,463.0,4.345,0.607,4.9,0.0,0.073,3.65,47.0,0.916,4.453,0.475,356.0,209.0,7.29,0.243,0.0087,748.0,10.43,0.32,17.84,0.0,0.0,0.18,0.0,0.0,2.9,0.0141999999999999,2.73,1.11,Snack,Generic,False,"Crackers, standard snack-type, with whole wheat",Generic
171847,Coconut Macaroon Cookies,Baked Products,5.0,61.22,0.0,9.1,0.269,460.0,20.099,0.0,5.1,0.0,0.003,0.82,29.0,0.0,0.22,0.0,68.0,123.0,3.02,0.06,0.0068,241.0,45.16,0.02,22.55,0.0,0.0,0.096,0.0,0.0,0.19,0.0011,11.5,0.73,Snack,Generic,True,"Cookies, coconut macaroon",Generic
171848,Reduced Fat Peanut Butter Crackers,Baked Products,0.0,63.49,0.0,13.1,0.13,437.0,2.778,0.0,2.8,0.0,0.171,3.0,30.0,0.0,4.683,0.372,97.0,122.0,8.33,0.302,0.0195,639.0,11.11,0.454,16.67,0.0,0.0,0.073,0.0,0.0,1.86,0.003,9.33,0.67,Snack,Generic,True,"Crackers, sandwich-type, peanut butter filled, reduced fat",Generic
171852,Multigrain Bagels,Baked Products,124.0,47.47,6.0,16.1,0.236,241.0,0.0,0.0,6.2,0.0,0.114,2.23,85.0,1.79,4.265,0.518,188.0,204.0,9.9,0.253,0.0269,359.0,8.66,0.422,1.24,0.0,0.0,0.18,0.0,0.0,0.66,0.0006,39.4,1.52,Snack,Generic,True,"Bagels, multigrain",Western
171854,Low Sodium Toast Thins,Baked Products,0.0,67.66,0.0,23.2,0.307,442.0,3.226,0.0,9.7,0.0,0.033,3.48,102.0,0.0,3.723,0.0,266.0,306.0,6.45,0.127,0.0461,177.0,12.9,0.373,16.13,0.0,0.0,0.305,0.0,0.0,1.69,0.0276,8.12,1.94,Snack,Generic,True,"Crackers, toast thins, low sodium",Generic
171855,Peanut Butter Sandwich Crackers,Baked Products,33.0,54.59,0.0,29.7,0.309,465.0,4.525,0.0,9.4,0.0,0.097,3.07,107.0,0.0,6.277,0.0,256.0,330.0,14.12,0.232,0.0187,635.0,9.41,0.334,21.18,0.0,0.0,0.22,0.0,0.0,2.63,0.0045,7.32,2.05,Snack,Generic,True,"Crackers, whole grain, sandwich-type, with peanut butter filling",Generic
171856,Water Crackers,Baked Products,0.0,72.81,0.0,9.7,0.133,384.0,0.0,0.0,7.1,0.0,0.024,0.0,20.0,0.0,1.154,0.0,100.0,99.0,7.14,0.037,0.0313,571.0,0.0,0.111,7.14,0.0,0.0,0.041,0.0,0.0,0.29,0.0018,11.0,0.65,Snack,Generic,True,"Crackers, water biscuits",Generic
171857,Gluten-Free Chocolate Cookies,Baked Products,19.0,76.03,0.0,19.6,0.261,474.0,7.905,0.099,2.5,0.0,0.0,2.81,40.0,0.515,0.39,0.15,70.0,157.0,2.19,0.076,0.0,275.0,49.0,0.05,17.89,0.0,0.0,0.0,0.0,0.0,2.31,0.0256,2.84,0.66,Snack,Generic,True,"Cookies, gluten-free, chocolate sandwich, with creme filling",Generic
171865,Reduced Fat Oatmeal Cookies,Baked Products,0.0,64.62,20.0,13.1,0.131,365.0,4.09,0.0,16.1,0.0,0.076,1.45,32.0,0.0,1.537,0.0,92.0,274.0,4.02,0.404,0.0247,562.0,32.14,0.234,10.04,0.092,8e-05,0.044,0.0,0.0,1.1,0.0113,19.46,0.61,Snack,Generic,True,"Cookies, oatmeal, reduced fat",Generic
171866,Chocolate Biscuit Sticks,Baked Products,50.0,51.08,0.0,4.4,0.225,447.0,12.584,0.0,5.0,0.0,0.017,0.9,36.0,0.0,0.641,0.0,184.0,181.0,10.0,0.199,0.0147,213.0,25.0,0.071,22.5,0.001,0.0004,0.048,0.0,0.0,8.87,0.0017,15.09,0.9,Snack,Generic,True,"Cookies, chocolate cream covered biscuit sticks",Generic
171867,Marie Cookies,Baked Products,0.0,70.54,0.0,27.0,0.101,406.0,5.291,0.0,3.5,0.0,0.186,0.0,28.0,0.0,3.861,0.0,193.0,307.0,7.05,0.493,0.0238999999999999,370.0,21.16,0.541,10.58,0.001,0.00019,0.074,0.0,0.0,0.45,0.0038,9.79,0.61,Snack,Generic,True,"Cookies, Marie biscuit",Generic
171868,Reduced Fat Vanilla Cookies,Baked Products,42.0,78.16,0.0,1.2,0.077,423.0,3.175,0.0,2.1,0.0,0.148,2.25,12.0,0.0,3.006,0.0,60.0,104.0,4.17,0.27,0.0176,354.0,37.5,0.402,10.42,0.0,1e-05,0.025,0.0,0.0,1.31,0.0026,6.25,0.37,Snack,Generic,True,"Cookies, vanilla sandwich with creme filling, reduced fat",Generic
171873,Fortified Chocolate Drink,Beverages,127.0,17.3,4.0,1.6,0.211,101.0,0.422,0.0,1.3,0.0,0.072,1.9,42.0,14.768,1.688,1.055,127.0,245.0,4.22,0.179,0.0074,63.0,8.44,0.158,1.69,0.158,0.00089,0.295,25.3,0.0025,5.7,0.0169,75.82,1.9,Drink,Generic,True,"Beverages, chocolate drink, milk and soy based, ready to drink, fortified",Generic
171877,Vanilla Coffee Drink,Beverages,71.0,4.27,5.0,0.0,0.002,36.0,0.0,0.0,0.0,0.0,0.0,0.0,9.0,0.0,1.32,0.0,59.0,175.0,2.14,0.193,0.0,34.0,3.91,0.043,1.07,0.0,0.00051,0.0,0.0,0.0,0.01,0.0001,92.06,0.26,Drink,Generic,True,"Beverages, coffee, ready to drink, vanilla, light, milk based, sweetened",Generic
171880,Sweetened Coffee Drink,Beverages,74.0,12.6,5.0,0.0,0.002,71.0,0.0,0.0,0.0,0.0,0.0,0.04,9.0,0.012,1.32,0.33,59.0,175.0,1.98,0.193,0.0,26.0,10.67,0.043,1.38,0.0,0.00051,0.0,0.0,0.0,0.01,0.0001,83.56,0.26,Drink,Generic,True,"Beverages, coffee, ready to drink, milk based, sweetened",Generic
171882,Clam Tomato Juice,Beverages,8.0,10.95,0.0,0.0,0.029,48.0,0.0,0.0,0.4,0.0,0.008,0.15,5.0,0.032,0.231,0.083,11.0,89.0,0.6,0.012,0.0004,362.0,3.31,0.021,0.2,0.007,3e-05,0.061,5.0,0.0,0.11,0.0,87.4,0.08,Drink,Generic,True,"Beverages, Clam and tomato juice, canned",Generic
171897,Instant Coffee with Chicory,Beverages,103.0,78.9,0.0,0.0,0.05,355.0,0.071,0.0,0.5,0.0,0.0,4.76,213.0,1.2,21.667,0.097,271.0,3395.0,9.3,0.29,0.0094,277.0,0.0,0.0,0.2,0.0,0.0,0.029,0.0,0.0,0.0,0.0,4.1,0.37,Drink,Generic,True,"Beverages, coffee, instant, with chicory",Generic
171902,Cranberry-Grape Juice,Beverages,8.0,14.0,0.0,0.0,0.007,56.0,0.033,0.0,0.1,0.065,0.001,0.01,3.0,0.158,0.12,0.053,4.0,24.0,0.2,0.018,0.0,3.0,0.0,0.01,0.1,0.0,0.0,0.028,32.0,0.0,0.0,0.0,85.6,0.04,Drink,Generic,True,"Beverages, cranberry-grape juice drink, bottled",Generic
171909,Cran Pomegranate Juice,Beverages,2.0,12.56,0.0,0.0,0.009,47.0,0.001,0.001,0.6,0.0,0.008,0.12,1.0,0.018,0.026,0.0,1.0,11.0,0.07,0.0,0.0,12.0,12.0,0.0,0.01,0.001,0.0,0.0,27.1,0.0,0.0,0.0001,87.0,0.02,Drink,Generic,True,"Beverages, OCEAN SPRAY, Cran Pomegranate",Generic
171918,Instant Lemon Tea,Beverages,3.0,97.6,0.0,0.0,0.025,385.0,0.037,0.0,0.0,0.0,0.043,0.16,11.0,2.965,0.407,0.11,14.0,217.0,0.6,0.2,0.0007,5.0,0.0,0.0,0.3,0.0,0.0,0.022,100.0,0.0,0.0,0.0,0.3,0.1,Drink,Generic,True,"Beverages, tea, instant, lemon, with added ascorbic acid",Generic
171942,Unsweetened Rice Milk,Beverages,118.0,9.17,0.0,2.1,0.037,47.0,0.0,0.0,0.3,0.0,0.002,0.2,11.0,0.282,0.39,0.146,56.0,27.0,0.28,0.142,0.0022,39.0,5.28,0.027,0.97,0.063,0.00063,0.039,0.0,0.001,0.47,0.0002,89.28,0.13,Drink,Generic,True,"Beverages, rice milk, unsweetened",Generic
171947,Fruit Juice Drink,Beverages,3.0,11.35,0.0,1.8,0.013,46.0,0.017,0.0,0.1,0.0,0.0,0.25,5.0,0.06,0.036,0.06,7.0,122.0,0.13,0.014,0.0001,8.0,10.69,0.003,0.11,0.005,0.0,0.032,25.0,0.0,0.05,0.0,88.1,0.04,Drink,Generic,True,"Beverages, fruit juice drink, greater than 3% juice, high vitamin C",Generic
171957,Breaded Fried Croaker Fish,Finfish and Shellfish Products,32.0,7.54,84.0,0.0,0.065,221.0,3.476,0.0,0.4,0.0,0.045,0.86,42.0,0.08,4.3,0.74,217.0,340.0,18.2,0.13,0.0388,348.0,0.0,0.09,12.67,0.023,0.0021,0.26,0.0,0.0,0.0,0.0,59.76,0.52,Main Course,Generic,True,"Fish, croaker, Atlantic, cooked, breaded and fried",Generic
171961,Sweet Gefilte Fish,Finfish and Shellfish Products,23.0,7.41,30.0,0.0,0.195,84.0,0.412,0.0,0.0,0.0,0.003,2.48,9.0,0.073,1.0,0.2,73.0,91.0,9.07,0.059,0.0105,524.0,0.0,0.065,1.73,0.027,0.00084,0.08,0.8,0.0,0.0,0.0,80.35,0.82,Main Course,Generic,True,"Fish, gefiltefish, commercial, sweet recipe",Mediterranean
171967,Crab Cakes,Finfish and Shellfish Products,105.0,0.48,150.0,0.0,0.61,155.0,1.483,0.0,0.0,0.0,0.061,1.08,33.0,0.19,2.9,0.5,213.0,324.0,20.21,0.08,0.0407,330.0,0.0,0.09,7.52,0.057,0.00594,0.17,2.8,0.0,0.0,0.0,71.0,4.09,Main Course,Generic,True,"Crustaceans, crab, blue, crab cakes, home recipe",Western
171970,Breaded Fried Shrimp,Finfish and Shellfish Products,67.0,11.47,138.0,91.2,0.274,242.0,2.087,0.0,0.4,0.166,0.039,1.26,40.0,0.1,3.07,0.35,218.0,225.0,21.39,0.136,0.0417,344.0,0.8,0.129,12.28,0.056,0.00187,0.098,1.5,0.0001,1.3,0.001,52.86,1.38,Main Course,Generic,True,"Crustaceans, shrimp, mixed species, cooked, breaded and fried",Generic
171971,Moist Cooked Shrimp Mix,Finfish and Shellfish Products,91.0,1.52,211.0,135.4,0.258,119.0,0.521,0.035,0.0,0.0,0.024,0.32,37.0,0.049,2.678,0.519,306.0,170.0,22.78,0.024,0.0495,947.0,0.0,0.032,1.7,0.09,0.00166,0.242,0.0,0.0001,2.2,0.0004,71.56,1.63,Main Course,Generic,True,"Crustaceans, shrimp, mixed species, cooked, moist heat (may contain additives to retain moisture)",Generic
171974,Breaded Fried Clams,Finfish and Shellfish Products,63.0,10.33,61.0,0.0,0.356,202.0,2.683,0.0,0.0,0.0,0.048,13.91,14.0,0.54,2.064,0.43,188.0,326.0,14.24,0.244,0.0289,364.0,0.0,0.1,11.15,0.091,0.04027,0.06,10.0,0.0,0.0,0.0,61.55,1.46,Main Course,Generic,True,"Mollusks, clam, mixed species, cooked, breaded and fried",Generic
171975,Cooked Clams,Finfish and Shellfish Products,92.0,5.13,67.0,0.0,0.688,148.0,0.188,0.0,0.0,0.0,0.029,2.81,18.0,1.0,3.354,0.68,338.0,628.0,25.55,0.426,0.064,1202.0,0.0,0.15,1.95,0.171,0.09889,0.11,22.1,0.0,0.0,0.0,63.64,2.73,Main Course,Generic,True,"Mollusks, clam, mixed species, cooked, moist heat",Generic
171976,Canned Clams,Finfish and Shellfish Products,65.0,5.9,50.0,107.4,0.087,142.0,0.309,0.024,0.0,0.0,0.007,2.68,32.0,0.14,0.578,0.245,327.0,628.0,24.25,0.066,0.0505,112.0,0.0,0.024,1.59,0.149,0.01863,0.016,0.0,0.0001,1.12,0.0003,65.26,0.84,Main Course,Generic,True,"Mollusks, clam, mixed species, canned, drained solids",Generic
171979,Breaded Fried Oysters,Finfish and Shellfish Products,62.0,11.62,71.0,0.0,4.294,199.0,3.197,0.0,0.0,0.0,0.043,6.95,58.0,0.49,1.65,0.27,159.0,244.0,8.77,0.202,0.0665,417.0,0.0,0.15,12.58,0.09,0.01563,0.064,3.8,0.0,0.0,0.0,64.72,87.13,Main Course,Generic,True,"Mollusks, oyster, eastern, cooked, breaded and fried",Generic
171980,Cooked Eastern Oysters,Finfish and Shellfish Products,116.0,5.45,79.0,130.0,5.707,102.0,0.948,0.068,0.0,0.0,0.014,9.21,35.0,0.591,1.85,0.447,194.0,139.0,11.42,0.18,0.0395,166.0,1.23,0.036,3.42,0.026,0.0175,0.061,0.0,0.0,1.7,0.002,78.19,78.6,Main Course,Generic,True,"Mollusks, oyster, eastern, wild, cooked, moist heat",Generic
171981,Canned Oysters,Finfish and Shellfish Products,45.0,3.91,55.0,81.0,4.461,68.0,0.631,0.0,0.0,0.0,0.009,6.7,54.0,0.45,1.244,0.18,139.0,229.0,7.06,0.166,0.0358,112.0,0.0,0.15,2.47,0.09,0.0191299999999999,0.095,5.0,0.0,0.85,0.0001,85.14,90.95,Main Course,Generic,True,"Mollusks, oyster, eastern, canned",Generic
171982,Fried Squid,Finfish and Shellfish Products,39.0,7.79,260.0,0.0,2.114,175.0,1.878,0.0,0.0,0.0,0.02,1.01,38.0,0.07,2.602,0.51,251.0,279.0,17.94,0.458,0.0518,306.0,0.0,0.056,7.48,0.011,0.00123,0.058,4.2,0.0,0.0,0.0,64.54,1.74,Main Course,Generic,True,"Mollusks, squid, mixed species, cooked, fried",Asian
171984,Cooked Whelk,Finfish and Shellfish Products,113.0,15.52,130.0,0.0,2.06,275.0,0.062,0.0,0.0,0.0,0.011,10.06,172.0,0.89,1.995,0.4,282.0,694.0,47.68,0.214,0.0896,412.0,0.0,0.049,0.8,0.049,0.01814,0.65,6.8,0.0,0.0,0.0,32.0,3.26,Main Course,Generic,True,"Mollusks, whelk, unspecified, cooked, moist heat",Generic
172007,Dungeness Crab,Finfish and Shellfish Products,59.0,0.95,76.0,0.0,0.734,110.0,0.168,0.0,0.0,0.0,0.042,0.43,58.0,0.097,3.623,0.404,175.0,408.0,22.32,0.203,0.0476,378.0,0.0,0.057,1.24,0.031,0.01038,0.173,3.6,0.0,0.0,0.0,73.31,5.47,Main Course,Generic,True,"Crustaceans, crab, dungeness, cooked, moist heat",Generic
172009,Cooked Spiny Lobster,Finfish and Shellfish Products,63.0,3.12,90.0,0.0,0.415,143.0,0.303,0.0,0.0,0.0,0.001,1.41,51.0,0.018,4.898,0.404,229.0,208.0,26.41,0.056,0.0592,227.0,0.0,0.009,1.94,0.006,0.00404,0.173,2.1,0.0,0.0,0.0,66.76,7.27,Main Course,Generic,True,"Crustaceans, spiny lobster, mixed species, cooked, moist heat",Generic
172010,Cooked Cuttlefish,Finfish and Shellfish Products,180.0,1.64,224.0,0.0,0.998,158.0,0.236,0.0,0.0,0.0,0.024,10.84,60.0,0.209,2.189,0.9,580.0,637.0,32.48,1.729,0.0896,744.0,0.0,0.017,1.4,0.203,0.0054,0.27,8.5,0.0,0.0,0.0,61.12,3.46,Main Course,Generic,True,"Mollusks, cuttlefish, mixed species, cooked, moist heat",Generic
172014,Salted Cooked Pasta,Cereal Grains and Pasta,7.0,30.59,0.0,0.0,0.1,157.0,0.176,0.0,1.8,0.0,0.007,0.5,18.0,0.322,0.4,0.112,58.0,44.0,5.8,0.02,0.0264,131.0,0.56,0.02,0.93,0.0,0.0,0.049,0.0,0.0,0.06,0.0,62.13,0.51,Main Course,Generic,True,"Pasta, cooked, unenriched, with added salt",Generic
172038,Bean Burrito,Fast Foods,52.0,32.92,2.0,26.8,0.174,206.0,3.174,0.0,0.0,0.0,0.0,2.08,40.0,0.4,1.87,0.92,45.0,301.0,6.48,0.28,0.0101,454.0,0.0,0.29,6.22,0.0,0.0005,0.14,0.9,0.0,0.0,0.0,52.53,0.7,Main Course,Generic,True,"Fast foods, burrito, with beans",Generic
172039,Bean and Cheese Burrito,Fast Foods,124.0,31.23,5.0,18.8,0.164,205.0,2.309,0.106,4.2,0.0,0.128,2.37,34.0,0.456,2.02,0.0,163.0,261.0,7.35,0.1,0.0117,563.0,1.73,0.19,6.05,0.025,0.00016,0.1,0.4,0.0001,0.54,0.0032,53.17,0.86,Main Course,Generic,True,"Fast foods, burrito, with beans and cheese",Generic
172089,Spaghetti with Meat Sauce,"Meals, Entrees, and Side Dishes",18.0,15.24,6.0,12.2,0.125,90.0,0.35,0.0,1.8,0.0,0.072,1.25,15.0,0.213,0.177,0.071,49.0,144.0,5.05,1.333,0.0119,238.0,2.6,0.122,1.01,0.009,6e-05,0.07,5.4,0.0,0.5,0.0007,77.82,0.51,Main Course,Generic,True,"Spaghetti with meat sauce, frozen entree",Western
172090,Beef Macaroni with Tomato Sauce,"Meals, Entrees, and Side Dishes",12.0,17.99,10.0,17.8,0.123,113.0,0.443,0.025,1.4,0.0,0.048,1.3,17.0,0.174,1.806,0.237,65.0,202.0,5.89,0.092,0.0121999999999999,178.0,3.8,0.116,1.96,0.008,0.00029,0.117,3.9,0.0,0.65,0.0026,73.0,1.08,Main Course,Generic,True,"Beef macaroni with tomato sauce, frozen entree, reduced fat",Western
172093,Frozen Beef Pot Pie,"Meals, Entrees, and Side Dishes",14.0,22.05,21.0,19.6,0.03,220.0,4.149,0.0,0.8,0.0,0.028,1.25,13.0,0.207,1.633,0.145,67.0,115.0,7.25,0.087,0.0053,365.0,0.0,0.197,11.39,0.0,0.00032,0.133,0.3,0.0,0.26,0.0027,58.05,1.1,Main Course,Generic,True,"Beef Pot Pie, frozen entree, prepared",Western
172094,Cheese Tortellini,"Meals, Entrees, and Side Dishes",152.0,47.0,42.0,5.4,0.08,307.0,3.6,0.0,1.9,0.0,0.117,1.5,21.0,0.0,2.696,0.0,212.0,89.0,13.5,0.31,0.0238999999999999,406.0,0.95,0.313,7.23,0.038,0.00016,0.043,0.0,0.0,0.16,0.0013,30.5,1.02,Main Course,Generic,True,"Tortellini, pasta with cheese filling, fresh-refrigerated, as purchased",Western
172095,Meat Topped Pizza,Fast Foods,150.0,30.76,21.0,26.3,0.113,274.0,4.283,0.194,2.3,0.0,0.141,1.7,25.0,0.358,2.567,0.45,209.0,201.0,11.76,0.136,0.0222,690.0,3.88,0.259,11.52,0.049,0.00045,0.103,1.1,0.0,0.88,0.0076,43.27,1.36,Main Course,Generic,True,"Pizza, meat topping, thick crust, frozen, cooked",Western
172097,Canned Chili con Carne,"Meals, Entrees, and Side Dishes",33.0,13.1,9.0,22.5,0.096,107.0,1.253,0.166,3.3,0.0,0.021,1.34,28.0,0.205,0.782,0.297,87.0,264.0,5.8,0.029,0.0036,449.0,1.87,0.019,3.47,0.023,0.00028,0.105,0.2,0.0,0.5,0.0046,75.69,0.89,Main Course,Generic,True,"Chili con carne with beans, canned entree",Western
172098,Canned Chili,"Meals, Entrees, and Side Dishes",30.0,6.1,21.0,42.2,0.188,118.0,2.255,0.0,0.5,0.0,0.008,2.01,20.0,0.276,1.245,0.157,77.0,185.0,7.53,0.111,0.0065,411.0,1.1,0.031,7.1,0.014,0.00102,0.129,1.8,0.0001,0.59,0.0022,77.68,1.12,Main Course,Generic,True,"Chili, no beans, canned entree",Western
172099,Spaghetti with Meatballs,"Meals, Entrees, and Side Dishes",29.0,11.45,7.0,10.5,0.053,100.0,1.459,0.113,2.7,0.0,0.029,1.03,13.0,0.144,2.017,0.293,57.0,217.0,4.37,0.066,0.009,280.0,2.91,0.081,4.11,0.017,0.00019,0.069,1.9,0.0002,0.5,0.0018,78.8,0.51,Main Course,Generic,True,"Spaghetti, with meatballs in tomato sauce, canned",Western
172101,Low-Fat Meat Lasagna,"Meals, Entrees, and Side Dishes",108.0,13.5,7.0,0.0,0.167,101.0,0.967,0.0,1.3,0.0,0.0,0.97,19.0,0.213,1.221,0.107,34.0,150.0,6.81,0.126,0.013,181.0,0.0,0.038,2.23,0.0,0.00045,0.122,17.9,0.0,0.0,0.0,76.36,0.86,Main Course,Generic,True,"Lasagna with meat & sauce, low-fat, frozen entree",Western
172102,Beef and Bean Burrito,"Meals, Entrees, and Side Dishes",39.0,38.95,9.0,28.1,0.228,298.0,4.072,0.0,6.9,0.0,0.113,3.12,36.0,0.531,3.566,0.008,97.0,271.0,8.73,0.23,0.0136,659.0,1.36,0.461,11.94,0.013,0.00014,0.132,1.0,0.0,0.79,0.0075,38.14,1.24,Main Course,Generic,True,"Burrito, beef and bean, microwaved",Western
172104,Chicken Egg Rolls,"Meals, Entrees, and Side Dishes",47.0,28.54,14.0,31.2,0.105,197.0,0.964,0.0,2.4,0.0,0.093,1.69,30.0,0.404,3.63,0.66,118.0,281.0,10.44,0.17,0.0173,478.0,5.57,0.24,4.51,0.055,0.0001,0.287,11.2,0.0,0.37,0.0238,54.18,0.52,Main Course,Generic,True,"Egg rolls, chicken, refrigerated, heated",Asian
172105,Vegetable Egg Rolls,"Meals, Entrees, and Side Dishes",50.0,31.77,0.0,14.7,0.096,214.0,1.138,0.05,2.4,0.0,0.075,1.95,23.0,0.419,2.519,0.317,72.0,222.0,5.95,0.245,0.0111,490.0,5.96,0.279,6.97,0.049,0.0,0.095,6.7,0.0,0.75,0.0394,53.37,0.45,Main Course,Generic,True,"Egg rolls, vegetable, frozen, prepared",Asian
172106,Vegetable Lasagna,"Meals, Entrees, and Side Dishes",150.0,14.18,14.0,12.3,0.073,139.0,2.866,0.0,1.9,0.0,0.014,0.55,21.0,0.191,0.81,0.197,140.0,170.0,6.87,0.185,0.0141,445.0,2.54,0.117,6.04,0.068,0.00059,0.102,1.1,0.0,0.46,0.0178,71.24,0.87,Main Course,Generic,True,"Lasagna, Vegetable, frozen, baked",Western
172107,Meatball & Mozzarella Hot Pocket,"Meals, Entrees, and Side Dishes",181.0,30.68,20.0,36.1,0.086,252.0,3.93,0.156,2.2,0.0,0.107,2.08,22.0,0.34,2.922,0.685,186.0,204.0,9.32,0.208,0.01,378.0,7.73,0.386,10.23,0.012,0.0006,0.061,0.6,0.0002,0.69,0.0108,47.21,0.99,Main Course,Generic,True,"HOT POCKETS, meatballs & mozzarella stuffed sandwich, frozen",Western
172109,Meatball & Mozzarella Lean Pockets,"Meals, Entrees, and Side Dishes",196.0,32.28,20.0,0.0,0.082,240.0,3.087,0.148,2.0,0.0,0.0,2.06,23.0,0.289,2.982,0.655,180.0,221.0,10.49,0.248,0.0101,557.0,8.81,0.428,7.7,0.036,0.00046,0.102,0.0,0.0,0.0,0.0035,46.94,0.98,Main Course,Generic,True,"Lean Pockets, Meatballs & Mozzarella",Western
172110,Microwavable Chili with Beans,"Meals, Entrees, and Side Dishes",34.0,10.88,10.0,29.8,0.08,100.0,1.372,0.195,2.9,0.0,0.024,1.13,25.0,0.205,0.941,0.299,80.0,245.0,5.85,0.029,0.004,385.0,1.84,0.019,3.68,0.023,0.00032,0.109,0.8,0.0,0.64,0.0039,77.89,0.95,Main Course,Generic,True,"Chili with beans, microwavable bowls",Western
172111,Frozen Chicken Nuggets,"Meals, Entrees, and Side Dishes",47.0,16.09,32.0,45.5,0.1,268.0,3.598,0.069,1.6,0.0,0.035,0.95,25.0,0.311,3.275,0.628,165.0,206.0,12.02,0.147,0.017,540.0,0.72,0.087,17.31,0.016,0.00023,0.221,0.4,0.0003,1.92,0.01,52.36,0.78,Main Course,Generic,True,"Chicken, nuggets, dark and white meat, precooked, frozen, not reheated",Western
172112,Frozen Chicken Nuggets,"Meals, Entrees, and Side Dishes",38.0,16.24,34.0,45.5,0.139,261.0,3.366,0.082,0.7,0.0,0.005,1.43,35.0,0.46,6.736,0.0,213.0,281.0,14.36,0.055,0.017,538.0,1.27,0.106,15.42,0.016,0.00023,0.331,0.0,0.0,1.18,0.01,51.9,0.75,Main Course,Generic,True,"Chicken, nuggets, white meat, precooked, frozen, not reheated",Western
172113,Cheese Ravioli with Tomato Sauce,"Meals, Entrees, and Side Dishes",79.0,17.31,11.0,19.6,0.079,111.0,1.191,0.074,1.4,0.0,0.07,0.93,20.0,0.184,1.267,0.0,78.0,233.0,4.52,0.116,0.0121,280.0,4.09,0.118,2.61,0.035,0.00014,0.108,2.8,0.0001,0.98,0.0161,74.33,0.43,Main Course,Generic,True,"Ravioli, cheese with tomato sauce, frozen, not prepared, includes regular and light entrees",Western
172114,Frozen Meat Sauce Lasagna,"Meals, Entrees, and Side Dishes",88.0,15.36,17.0,23.2,0.09,135.0,2.348,0.196,1.7,0.0,0.036,0.71,20.0,0.193,1.528,0.323,115.0,196.0,7.28,0.074,0.0159,373.0,3.11,0.07,4.92,0.041,0.00033,0.122,2.5,0.0,0.85,0.007,70.87,0.87,Main Course,Generic,True,"Lasagna with meat sauce, frozen, prepared",Western
172133,Grilled Chuck Steak,Beef Products,5.0,0.12,76.0,99.0,0.089,182.0,2.765,0.275,0.0,0.0,0.011,2.79,26.0,0.015,5.273,0.839,232.0,361.0,26.3,0.294,0.0415,60.0,0.0,0.075,7.66,0.0,0.00495,0.576,0.0,0.0,0.18,0.0004,64.88,7.09,Main Course,Generic,True,"Beef, chuck, shoulder clod, shoulder top and center steaks, separable lean and fat, trimmed to 0"" fat, all grades, cooked, grilled",Western
172136,Grilled Chuck Beef,Beef Products,5.0,0.33,80.0,112.9,0.253,172.0,1.7,0.177,0.0,0.0,0.008,2.6,24.0,0.021,5.49,0.852,223.0,348.0,26.45,0.354,0.0383,58.0,0.0,0.072,6.43,0.0,0.00601,0.615,0.0,0.0,0.17,0.0002,65.79,5.19,Main Course,Generic,True,"Beef, chuck, shoulder clod, shoulder tender, medallion, separable lean and fat, trimmed to 0"" fat, select, cooked, grilled",Generic
172161,Ground Beef,Beef Products,25.0,0.62,84.0,81.0,0.081,240.0,5.6,0.0,0.0,0.0223,0.009,2.67,22.0,0.012,5.682,0.681,213.0,353.0,25.07,0.18,0.0205,85.0,0.0,0.043,14.53,0.007,0.00273,0.38,0.0,0.0002,0.43,0.0017,58.69,6.19,Main Course,Generic,True,"Beef, ground, unspecified fat content, cooked",Generic
172170,Grilled Top Sirloin Steak,Beef Products,17.0,0.73,84.0,0.0,0.094,181.0,2.653,0.348,0.0,0.0,0.007,2.02,25.0,0.0,7.44,0.0,232.0,371.0,28.26,0.129,0.0353,62.0,0.0,0.067,7.23,0.002,0.00274,0.525,0.0,0.0001,0.0,0.0016,62.62,5.61,Main Course,Generic,True,"Beef, loin, top sirloin cap steak, boneless, separable lean only, trimmed to 1/8"" fat, all grades, cooked, grilled",Generic
172171,Grilled Top Sirloin Steak,Beef Products,17.0,1.07,83.0,0.0,0.095,189.0,2.905,0.4,0.0,0.0,0.007,2.04,25.0,0.0,7.423,0.0,233.0,374.0,28.19,0.129,0.0348,62.0,0.0,0.067,7.96,0.001,0.00279,0.524,0.0,0.0001,0.0,0.0016,61.65,5.65,Main Course,Generic,True,"Beef, loin, top sirloin cap steak, boneless, separable lean only, trimmed to 1/8"" fat, choice, cooked, grilled",Generic
172172,Grilled Top Sirloin Steak,Beef Products,21.0,0.22,85.0,0.0,0.08,170.0,2.275,0.27,0.0,0.0,0.007,1.82,26.0,0.0,8.287,0.0,240.0,389.0,28.36,0.15,0.0363,63.0,0.0,0.081,6.14,0.002,0.00265,0.627,0.0,0.0001,0.0,0.0016,64.07,5.41,Main Course,Generic,True,"Beef, loin, top sirloin cap steak, boneless, separable lean only, trimmed to 1/8"" fat, select, cooked, grilled",Generic
172175,Blue Cheese,Dairy and Egg Products,528.0,2.34,75.0,15.4,0.04,353.0,18.669,0.0,0.0,0.0,0.036,0.31,23.0,0.009,1.016,1.729,387.0,256.0,21.4,0.382,0.0145,1146.0,0.5,0.029,28.74,0.198,0.00122,0.166,0.0,0.0005,0.25,0.0024,42.41,2.66,Side Dish,Generic,True,"Cheese, blue",Generic
172176,Brick Cheese,Dairy and Egg Products,674.0,2.79,94.0,15.4,0.024,371.0,18.764,0.0,0.0,0.0,0.02,0.43,24.0,0.012,0.118,0.288,451.0,136.0,23.24,0.351,0.0145,560.0,0.51,0.014,29.68,0.292,0.00126,0.065,0.0,0.0005,0.26,0.0025,41.11,2.6,Side Dish,Generic,True,"Cheese, brick",Generic
172177,Brie Cheese,Dairy and Egg Products,184.0,0.45,100.0,15.4,0.019,334.0,17.41,0.0,0.0,0.0,0.065,0.5,20.0,0.034,0.38,0.69,188.0,152.0,20.75,0.52,0.0145,629.0,0.45,0.07,27.68,0.174,0.00165,0.235,0.0,0.0005,0.24,0.0023,48.42,2.38,Side Dish,Generic,True,"Cheese, brie",Generic
172178,Camembert Cheese,Dairy and Egg Products,388.0,0.46,72.0,15.4,0.021,300.0,15.259,0.0,0.0,0.0,0.062,0.33,20.0,0.038,0.63,1.364,347.0,187.0,19.8,0.488,0.0145,842.0,0.46,0.028,24.26,0.241,0.0013,0.227,0.0,0.0004,0.21,0.002,51.8,2.38,Side Dish,Generic,True,"Cheese, camembert",Generic
172179,Creamed Cottage Cheese,Dairy and Egg Products,83.0,3.38,17.0,18.4,0.029,98.0,1.718,0.0,0.0,0.0316,0.012,0.07,8.0,0.002,0.099,0.557,159.0,104.0,11.12,0.163,0.0097,315.0,2.67,0.027,4.3,0.037,0.00043,0.046,0.0,0.0001,0.08,0.0,79.79,0.4,Side Dish,Generic,True,"Cheese, cottage, creamed, large or small curd",Generic
172180,Fruit Cottage Cheese,Dairy and Egg Products,53.0,4.61,13.0,17.5,0.04,97.0,2.311,0.0,0.2,0.0316,0.011,0.16,7.0,0.003,0.15,0.181,113.0,90.0,10.69,0.142,0.0077,344.0,2.38,0.033,3.85,0.038,0.00053,0.068,1.4,0.0,0.04,0.0004,79.64,0.33,Side Dish,Generic,True,"Cheese, cottage, creamed, with fruit",Generic
172181,Nonfat Cottage Cheese,Dairy and Egg Products,86.0,6.66,7.0,17.9,0.03,72.0,0.169,0.0,0.0,0.0316,0.009,0.15,11.0,0.022,0.144,0.446,190.0,137.0,10.34,0.226,0.0094,372.0,1.85,0.023,0.29,0.002,0.00046,0.016,0.0,0.0,0.01,0.0,81.01,0.47,Side Dish,Generic,True,"Cheese, cottage, nonfat, uncreamed, dry, large or small curd",Generic
172182,Lowfat Cottage Cheese,Dairy and Egg Products,111.0,4.76,12.0,16.3,0.033,81.0,1.235,0.067,0.0,0.0,0.008,0.13,9.0,0.015,0.103,0.524,150.0,125.0,10.45,0.251,0.0119,308.0,4.0,0.02,2.27,0.068,0.00047,0.057,0.0,0.0,0.08,0.0,81.24,0.51,Side Dish,Generic,True,"Cheese, cottage, lowfat, 2% milkfat",Generic
172185,Omelet,Dairy and Egg Products,48.0,0.64,313.0,247.6,0.063,154.0,3.319,0.709,0.0,0.0212,0.039,1.48,11.0,0.024,0.064,1.289,167.0,117.0,10.57,0.386,0.0258,155.0,0.31,0.034,11.66,0.172,0.00076,0.143,0.0,0.0017,1.29,0.0045,76.13,1.09,Main Course,Generic,False,"Egg, whole, cooked, omelet",Western
172186,Poached Egg,Dairy and Egg Products,56.0,0.71,370.0,234.1,0.072,143.0,3.113,0.038,0.0,0.0011,0.035,1.75,12.0,0.028,0.063,1.527,197.0,138.0,12.51,0.387,0.0306,297.0,0.37,0.032,9.47,0.16,0.00071,0.144,0.0,0.002,1.04,0.0003,75.85,1.29,Main Course,Generic,True,"Egg, whole, cooked, poached",Generic
172187,Scrambled Eggs,Dairy and Egg Products,66.0,1.61,277.0,221.0,0.059,149.0,3.331,0.624,0.0,0.0008,0.036,1.31,11.0,0.022,0.076,1.217,165.0,132.0,9.99,0.376,0.0235,145.0,1.39,0.04,10.98,0.161,0.00076,0.134,0.0,0.0018,1.15,0.004,76.4,1.04,Main Course,Generic,False,"Egg, whole, cooked, scrambled",Generic
172193,Reduced Fat Milk,Dairy and Egg Products,143.0,5.49,8.0,0.0,0.011,56.0,1.232,0.0,0.0,0.0,0.005,0.06,15.0,0.002,0.101,0.339,112.0,182.0,3.95,0.194,0.0026,59.0,0.0,0.045,1.98,0.017,0.00039,0.046,1.1,0.0,0.0,0.0,87.71,0.41,Drink,Generic,True,"Milk, reduced fat, fluid, 2% milkfat, with added nonfat milk solids, without added vitamin A",Generic
172195,Nonfat Dry Milk,Dairy and Egg Products,1257.0,51.98,20.0,169.2,0.041,362.0,0.499,0.0,0.0,0.0,0.05,0.32,110.0,0.02,0.951,3.568,968.0,1794.0,36.16,1.55,0.0273,535.0,51.98,0.415,0.77,0.653,0.00403,0.361,6.8,0.011,0.0,0.0001,3.16,4.08,Drink,Generic,True,"Milk, dry, nonfat, regular, with added vitamin A and vitamin D",Generic
172197,Hard Goat Cheese,Dairy and Egg Products,895.0,2.17,105.0,15.4,0.627,452.0,24.609,0.0,0.0,0.0,0.004,1.88,54.0,0.252,2.4,0.41,729.0,48.0,30.52,1.19,0.0055,423.0,2.17,0.14,35.59,0.486,0.00012,0.08,0.0,0.0007,0.31,0.003,29.01,1.59,Side Dish,Generic,True,"Cheese, goat, hard type",Generic
172198,Mozzarella Cheese Substitute,Dairy and Egg Products,610.0,23.67,0.0,13.7,0.11,248.0,3.711,0.0,0.0,0.0,0.011,0.4,41.0,0.028,0.317,0.083,583.0,455.0,11.47,0.444,0.0192,685.0,23.67,0.026,12.22,0.437,0.00081,0.051,0.1,0.0,0.11,0.001,47.36,1.92,Side Dish,Generic,True,"Cheese substitute, mozzarella",Generic
172201,Mexican Queso Anejo Cheese,Dairy and Egg Products,680.0,4.63,105.0,15.4,0.008,373.0,19.033,0.0,0.0,0.0,0.001,0.47,28.0,0.037,0.032,0.252,444.0,87.0,21.44,0.209,0.0145,1131.0,4.63,0.02,29.98,0.064,0.00138,0.047,0.0,0.0005,0.26,0.0025,38.06,2.94,Side Dish,Generic,True,"Cheese, mexican, queso anejo",Western
172205,2% Reduced Fat Milk,Dairy and Egg Products,120.0,4.8,8.0,16.4,0.006,50.0,1.257,0.085,0.0,0.0034,0.005,0.02,11.0,0.014,0.092,0.356,92.0,140.0,3.3,0.185,0.0025,47.0,5.06,0.039,1.98,0.028,0.00053,0.038,0.2,0.0,0.03,0.0002,89.21,0.48,Drink,Generic,True,"Milk, reduced fat, fluid, 2% milkfat, without added vitamin A and vitamin D",Generic
172206,Fat-Free Parmesan Topping,Dairy and Egg Products,800.0,40.0,20.0,15.4,0.02,370.0,3.11,0.0,0.0,0.0,0.025,5.0,40.0,0.0,0.2,0.0,700.0,600.0,40.0,0.05,0.0433,1150.0,1.5,0.05,5.0,0.04,0.0011,0.1,0.0,0.0,0.04,0.0004,8.6,3.0,Side Dish,Generic,True,"Parmesan cheese topping, fat free",Generic
172207,Fat-Free Cream Cheese,Dairy and Egg Products,351.0,7.66,12.0,65.2,0.036,105.0,0.644,0.0,0.0,0.0,0.035,0.19,22.0,0.017,0.23,0.84,523.0,278.0,15.69,0.265,0.0049,702.0,5.48,0.04,1.0,0.011,0.00095,0.05,0.0,0.0,0.02,0.0002,71.87,1.5,Side Dish,Generic,True,"Cheese, cream, fat free",Generic
172212,Fat-Free Half and Half,Dairy and Egg Products,96.0,9.0,5.0,15.0,0.016,59.0,0.841,0.0,0.0,0.003,0.004,0.0,16.0,0.002,0.124,0.459,151.0,206.0,2.6,0.237,0.0029,100.0,5.0,0.056,1.4,0.012,0.00052,0.062,0.7,0.0,0.04,0.0002,86.0,0.81,Side Dish,Generic,True,"Cream, half and half, fat free",Generic
172213,Fat-Free Whipped Topping,Dairy and Egg Products,108.0,25.0,16.0,0.0,0.019,149.0,2.869,0.0,0.4,0.0,0.017,0.03,8.0,0.0,0.364,0.0,68.0,108.0,3.0,0.619,0.003,72.0,16.0,0.148,5.0,0.049,0.00148,0.123,0.0,0.0,0.09,0.0003,66.44,0.31,Side Dish,Generic,True,Reddi Wip Fat Free Whipped Topping,Generic
172215,Reduced Fat Provolone Cheese,Dairy and Egg Products,756.0,3.5,55.0,12.9,0.026,274.0,11.3,0.0,0.0,0.0,0.01,0.52,28.0,0.01,0.156,0.476,496.0,138.0,24.7,0.321,0.0145,615.0,0.55,0.019,17.6,0.141,0.00146,0.073,0.0,0.0003,0.15,0.0015,50.6,3.23,Side Dish,Generic,True,"Cheese, provolone, reduced fat",Generic
172216,Reduced Fat Mexican Cheese Blend,Dairy and Egg Products,1146.0,3.41,62.0,13.5,0.021,282.0,11.58,0.0,0.0,0.0,0.02,0.13,35.0,0.0,0.06,0.0,583.0,93.0,24.69,0.3,0.0155,776.0,0.56,0.03,19.4,0.155,0.00166,0.084,0.0,0.0004,0.17,0.0016,48.2,4.3,Side Dish,Generic,True,"Cheese, Mexican, blend, reduced fat",Western
172217,Whole Milk,Dairy and Egg Products,113.0,4.78,10.0,14.3,0.025,61.0,1.865,0.0,0.0,0.0,0.005,0.03,10.0,0.004,0.089,0.373,84.0,132.0,3.15,0.169,0.0037,43.0,5.05,0.046,3.27,0.046,0.00045,0.036,0.0,0.0001,0.07,0.0003,88.13,0.37,Drink,Generic,True,"Milk, whole, 3.25% milkfat, without added vitamin A and vitamin D",Generic
172218,Lowfat Fruit Yogurt,Dairy and Egg Products,152.0,18.6,6.0,15.2,0.08,105.0,0.909,0.0,0.0,0.0,0.01,0.07,16.0,0.065,0.105,0.544,133.0,194.0,4.86,0.18,0.0031,58.0,2.9,0.041,1.41,0.131,0.00052,0.045,0.7,0.0013,0.06,0.0012,74.1,0.82,Snack,Generic,True,"Yogurt, fruit, lowfat, with low calorie sweetener, fortified with vitamin D",Generic
172219,Vanilla Yogurt,Dairy and Egg Products,171.0,13.8,5.0,15.2,0.013,85.0,0.806,0.0,0.0,0.012,0.011,0.07,16.0,0.004,0.107,0.552,135.0,219.0,4.93,0.201,0.0049,66.0,13.8,0.042,1.25,0.012,0.00053,0.045,0.8,0.0012,0.02,0.0001,79.0,0.83,Side Dish,Generic,True,"Yogurt, vanilla, low fat, fortified with vitamin D",Generic
172220,Vanilla Yogurt,Dairy and Egg Products,143.0,7.5,2.0,15.2,0.079,43.0,0.116,0.0,0.0,0.012,0.008,0.12,13.0,0.0,0.086,0.0,109.0,177.0,3.86,0.162,0.0031,59.0,7.5,0.034,0.18,0.002,0.00043,0.037,1.1,0.0012,0.0,0.0,87.43,0.67,Side Dish,Generic,True,"Yogurt, vanilla or lemon flavor, nonfat milk, sweetened with low-calorie sweetener, fortified with vitamin D",Generic
172223,Queso Fresco,Dairy and Egg Products,566.0,2.98,69.0,12.5,0.033,299.0,12.94,0.834,0.0,0.0,0.007,0.2,24.0,0.014,0.027,0.358,385.0,129.0,18.09,0.173,0.0193,751.0,2.32,0.042,23.82,0.224,0.00168,0.076,0.0,0.0027,0.37,0.001,51.42,2.58,Side Dish,Generic,False,"Cheese, fresh, queso fresco",Western
172224,Queso Blanco Cheese,Dairy and Egg Products,690.0,2.53,70.0,15.4,0.025,310.0,13.661,0.89,0.0,0.0,0.0,0.18,29.0,0.021,0.035,0.397,467.0,126.0,20.38,0.23,0.0138,704.0,1.76,0.048,24.31,0.157,0.00175,0.086,0.0,0.0007,0.47,0.0016,48.7,3.06,Side Dish,Generic,False,"Cheese, white, queso blanco",Western
172225,Whole Buttermilk,Dairy and Egg Products,115.0,4.88,11.0,14.6,0.025,62.0,1.899,0.0,0.0,0.0,0.005,0.03,10.0,0.004,0.09,0.38,85.0,135.0,3.21,0.172,0.0037,105.0,4.88,0.047,3.31,0.047,0.00046,0.036,0.0,0.0013,0.07,0.0003,87.91,0.38,Drink,Generic,True,"Milk, buttermilk, fluid, whole",Generic
172379,Fried Chicken Legs,Poultry Products,13.0,0.65,99.0,0.0,0.086,208.0,2.49,0.0,0.0,0.0,0.009,1.4,25.0,0.025,6.688,1.301,193.0,254.0,28.38,0.247,0.0188,96.0,0.0,0.083,9.32,0.02,0.00034,0.39,0.0,0.0,0.0,0.0,60.61,2.98,Main Course,Generic,True,"Chicken, broilers or fryers, leg, meat only, cooked, fried",Generic
172383,Fried Chicken Neck,Poultry Products,41.0,1.77,105.0,0.0,0.161,229.0,3.0,0.0,0.0,0.0,0.008,2.98,20.0,0.05,5.027,1.165,135.0,213.0,26.87,0.318,0.0205,99.0,0.0,0.07,11.88,0.049,0.0003,0.35,0.0,0.0,0.0,0.0,58.71,4.24,Main Course,Generic,True,"Chicken, broilers or fryers, neck, meat only, cooked, fried",Generic
172386,Fried Chicken Thighs,Poultry Products,18.0,9.08,93.0,0.0,0.082,277.0,4.41,0.0,0.3,0.0,0.026,1.45,21.0,0.057,5.715,0.982,155.0,192.0,21.61,0.227,0.0232,288.0,0.0,0.119,16.53,0.029,0.00028,0.26,0.0,0.0,0.0,0.0,51.5,2.04,Main Course,Generic,True,"Chicken, broilers or fryers, thigh, meat and skin, cooked, fried, batter",Generic
172387,Fried Chicken Thighs,Poultry Products,13.0,1.18,102.0,0.0,0.09,218.0,2.78,0.0,0.0,0.0,0.009,1.46,26.0,0.027,7.12,1.285,199.0,259.0,28.18,0.255,0.0205,95.0,0.0,0.088,10.3,0.0,0.00033,0.38,0.0,0.0002,0.0,0.0,59.31,2.79,Main Course,Generic,True,"Chicken, broilers or fryers, thigh, meat only, cooked, fried",Generic
172397,Cooked Chicken Giblets,Poultry Products,12.0,0.86,357.0,0.0,0.236,165.0,1.64,0.0,0.0,0.0,0.303,6.09,20.0,0.147,4.032,2.512,213.0,160.0,26.77,0.808,0.1001,60.0,0.0,0.074,5.22,2.443,0.00845,0.3,6.5,0.0,0.0,0.0,66.32,4.63,Main Course,Generic,True,"Chicken, roasting, giblets, cooked, simmered",Generic
172407,Roasted Chicken Capon,Poultry Products,15.0,0.04,103.0,0.0,0.081,226.0,3.28,0.0,0.0,0.0,0.026,1.79,23.0,0.031,8.415,1.184,239.0,243.0,28.35,0.219,0.0193,50.0,0.0,0.07,11.67,0.22,0.0003599999999999,0.41,0.4,0.0,0.0,0.0,59.25,1.94,Main Course,Generic,True,"Chicken, capons, meat and skin and giblets and neck, cooked, roasted",Generic
172421,Cooked Lentils,Legumes and Legume Products,19.0,20.13,0.0,32.7,0.251,116.0,0.053,0.0,7.9,0.0,0.181,3.33,36.0,0.494,1.06,0.638,180.0,369.0,9.02,0.073,0.0028,2.0,1.8,0.169,0.38,0.0,0.0,0.178,1.5,0.0,0.11,0.0017,69.64,1.27,Main Course,Generic,True,"Lentils, mature seeds, cooked, boiled, without salt",Generic
172422,Cooked Lima Beans,Legumes and Legume Products,29.0,23.31,0.0,0.0,0.215,126.0,0.088,0.0,7.7,0.0,0.15,2.4,53.0,0.585,0.66,0.472,127.0,401.0,8.04,0.055,0.0049,3.0,0.0,0.161,0.38,0.0,0.0,0.078,0.0,0.0,0.0,0.0,67.15,1.03,Main Course,Generic,True,"Lima beans, thin seeded (baby), mature seeds, cooked, boiled, without salt",Generic
172424,Cooked Lupins,Legumes and Legume Products,51.0,9.88,0.0,0.0,0.231,119.0,0.346,0.0,2.8,0.0,0.059,1.2,54.0,0.676,0.495,0.188,128.0,245.0,15.57,0.053,0.0026,4.0,0.0,0.134,2.92,0.0,0.0,0.009,1.1,0.0,0.0,0.0,71.08,1.38,Main Course,Generic,True,"Lupins, mature seeds, cooked, boiled, without salt",Generic
172426,Cooked Mothbeans,Legumes and Legume Products,3.0,20.96,0.0,0.0,0.164,117.0,0.124,0.0,0.0,0.0,0.143,3.14,104.0,0.527,0.668,0.391,150.0,304.0,7.81,0.023,0.0028,10.0,0.0,0.124,0.55,0.001,0.0,0.093,1.0,0.0,0.0,0.0,69.23,0.59,Main Course,Generic,True,"Mothbeans, mature seeds, cooked, boiled, without salt",Generic
172427,Cooked Mungo Beans,Legumes and Legume Products,53.0,18.34,0.0,29.6,0.139,105.0,0.038,0.0,6.4,0.0,0.094,1.75,63.0,0.412,1.5,0.433,156.0,231.0,7.54,0.075,0.0025,7.0,2.01,0.15,0.55,0.002,0.0,0.058,1.0,0.0,0.15,0.0027,72.51,0.83,Main Course,Generic,True,"Mungo beans, mature seeds, cooked, boiled, without salt",Generic
172429,Split Peas,Legumes and Legume Products,14.0,21.1,0.0,32.8,0.181,118.0,0.054,0.0,8.3,0.0,0.065,1.29,36.0,0.396,0.89,0.595,99.0,362.0,8.34,0.056,0.0006,2.0,2.9,0.19,0.39,0.0,0.0,0.048,0.4,0.0,0.03,0.005,69.49,1.0,Main Course,Generic,True,"Peas, split, mature seeds, cooked, boiled, without salt",Generic
172431,Salted Roasted Peanuts,Legumes and Legume Products,100.0,17.45,0.0,0.0,0.661,579.0,7.555,0.0,8.9,0.0,0.126,2.28,168.0,2.355,14.933,1.392,387.0,776.0,28.01,0.085,0.0075,433.0,0.0,0.317,49.04,0.0,0.0,0.256,0.0,0.0,0.0,0.0,1.78,2.0,Snack,Generic,True,"Peanuts, spanish, oil-roasted, with salt",Generic
172438,Canned Refried Beans,Legumes and Legume Products,29.0,13.55,0.0,21.2,0.129,90.0,0.631,0.016,3.7,0.0,0.011,1.44,35.0,0.289,0.367,0.189,92.0,319.0,4.98,0.079,0.0058,370.0,0.54,0.076,2.01,0.0,0.0,0.103,6.0,0.0,0.09,0.0021,77.75,0.58,Main Course,Generic,True,"Refried beans, canned, traditional style",Mediterranean
172440,Roasted Salted Soybeans,Legumes and Legume Products,138.0,30.22,0.0,124.3,0.828,469.0,3.674,0.0,17.7,0.0,0.211,3.9,145.0,2.158,1.41,0.453,363.0,1470.0,38.55,0.145,0.0191,163.0,4.2,0.1,25.4,0.01,0.0,0.208,2.2,0.0,0.91,0.0504,1.95,3.14,Snack,Generic,True,"Soybeans, mature seeds, roasted, salted",Generic
172441,Roasted Soybeans,Legumes and Legume Products,140.0,28.98,0.0,0.0,1.079,449.0,3.127,0.0,8.1,0.0,0.205,3.95,228.0,2.184,1.056,0.473,649.0,1364.0,43.32,0.755,0.0193,2.0,0.0,0.427,21.62,0.0,0.0,0.225,4.6,0.0,0.0,0.037,0.8,4.77,Snack,Generic,True,"Soybeans, mature seeds, dry roasted",Generic
172448,Firm Tofu,Legumes and Legume Products,201.0,2.85,0.0,28.1,0.213,78.0,0.793,0.0,0.9,0.0,0.019,1.61,37.0,0.625,0.101,0.11,121.0,148.0,9.04,0.063,0.0099,12.0,0.6,0.06,4.17,0.0,0.0,0.071,0.2,0.0,0.01,0.0024,82.93,0.83,Main Course,Generic,True,"Tofu, firm, prepared with calcium sulfate and magnesium chloride (nigari)",Asian
172451,Fried Tofu,Legumes and Legume Products,372.0,8.86,0.0,106.3,0.398,270.0,2.918,0.0,3.9,0.0,0.027,4.87,60.0,1.495,0.1,0.14,287.0,146.0,18.82,0.05,0.0285,16.0,2.72,0.17,20.18,0.001,0.0,0.099,0.0,0.0,0.04,0.0078,50.52,1.99,Main Course,Generic,True,"Tofu, fried",Asian
172454,Homemade Hummus,Legumes and Legume Products,49.0,20.12,0.0,27.8,0.224,177.0,1.141,0.0,4.0,0.0,0.059,1.56,29.0,0.567,0.399,0.287,110.0,173.0,4.86,0.052,0.0024,242.0,0.27,0.089,8.59,0.0,0.0,0.399,7.9,0.0,0.75,0.003,64.87,1.09,Side Dish,Generic,True,"Hummus, home prepared",Mediterranean
172455,Homemade Falafel,Legumes and Legume Products,54.0,31.84,0.0,0.0,0.258,333.0,2.383,0.0,0.0,0.0,0.104,3.42,82.0,0.691,1.044,0.292,192.0,585.0,13.31,0.166,0.001,294.0,0.0,0.146,17.8,0.001,0.0,0.125,1.6,0.0,0.0,0.0,34.62,1.5,Main Course,Generic,True,"Falafel, home-prepared",Mediterranean
172457,Reduced Sugar Peanut Spread,Legumes and Legume Products,72.0,14.23,0.0,67.4,0.76,650.0,10.22,0.16,7.8,0.0,0.144,2.84,164.0,1.979,16.385,1.229,350.0,818.0,24.8,0.122,0.0091,292.0,6.35,0.116,54.89,0.0,0.0,0.471,0.0,0.0,8.06,0.0006,1.93,3.51,Snack,Generic,True,"Peanut spread, reduced sugar",Generic
172458,Reduced Fat Peanut Butter,Legumes and Legume Products,35.0,35.65,0.0,63.4,0.58,520.0,5.76,0.0,5.2,0.0,0.06,1.9,170.0,1.475,14.6,1.066,369.0,669.0,25.9,0.06,0.0075,540.0,9.28,0.27,34.0,0.0,0.0,0.31,0.0,0.0,9.04,0.0006,1.2,2.8,Snack,Generic,True,"Peanut butter, smooth, reduced fat",Generic
172459,Smooth Peanut Butter,Legumes and Legume Products,43.0,18.75,0.0,63.3,1.64,591.0,10.125,0.0,5.6,0.0,0.54,16.6,355.0,0.0,13.369,0.0,368.0,667.0,25.72,0.105,0.0075,420.0,10.47,0.083,50.81,1.172,0.0,2.23,0.0,0.0,43.2,0.0006,1.47,14.4,Snack,Generic,True,"Peanut butter, smooth, vitamin and mineral fortified",Generic
172460,Chunky Peanut Butter,Legumes and Legume Products,45.0,17.69,0.0,61.1,1.77,593.0,7.972,0.0,5.7,0.0,0.467,17.5,370.0,0.0,13.64,0.0,316.0,744.0,26.06,0.112,0.0075,366.0,10.94,0.125,51.47,1.172,0.0,2.52,0.0,0.0,43.2,0.0005,1.48,15.1,Snack,Generic,True,"Peanut butter, chunky, vitamin and mineral fortified",Generic
172465,Fat-Free Refried Beans,Legumes and Legume Products,34.0,13.5,0.0,20.3,0.163,79.0,0.093,0.0,4.7,0.0,0.057,1.62,38.0,0.326,0.362,0.195,111.0,344.0,5.34,0.015,0.0057,350.0,0.61,0.03,0.45,0.0,0.0,0.113,0.9,0.0,0.04,0.002,78.69,0.65,Main Course,Generic,True,"Refried beans, canned, fat-free",Mediterranean
172466,Canned Refried Red Beans,Legumes and Legume Products,33.0,15.47,0.0,0.0,0.22,144.0,0.926,0.171,4.7,0.0,0.0,1.95,36.0,0.295,0.64,0.175,91.0,310.0,5.0,0.017,0.0035,375.0,0.0,0.027,6.93,0.0,0.0,0.085,0.0,0.0,1.04,0.0,70.71,0.7,Main Course,Generic,True,"Frijoles rojos volteados (Refried beans, red, canned)",Mediterranean
172467,Cooked Tempeh,Legumes and Legume Products,96.0,7.62,0.0,0.0,0.54,195.0,3.4,0.0,0.0,0.0,0.021,2.13,77.0,1.285,2.135,0.453,253.0,401.0,19.91,0.357,0.0,14.0,0.0,0.054,11.38,0.0,0.00014,0.199,0.0,0.0,0.0,0.0,59.56,1.57,Main Course,Generic,True,"Tempeh, cooked",Asian
172469,Chunky Peanut Butter,Legumes and Legume Products,45.0,21.57,0.0,61.3,0.578,589.0,7.607,0.0,8.0,0.0031,0.092,1.9,160.0,1.8,13.696,1.118,319.0,745.0,24.06,0.111,0.0081999999999999,17.0,8.41,0.106,49.94,0.0,0.0,0.418,0.0,0.0,6.3,0.0005,1.14,2.79,Snack,Generic,True,"Peanut butter, chunk style, without salt",Generic
172470,Smooth Peanut Butter,Legumes and Legume Products,49.0,22.31,0.0,63.0,0.422,598.0,10.325,0.075,5.0,0.0,0.087,1.74,168.0,1.665,13.112,1.137,335.0,558.0,22.21,0.192,0.0040999999999999,17.0,10.49,0.15,51.36,0.0,0.0,0.441,0.0,0.0,9.1,0.0003,1.23,2.51,Snack,Generic,True,"Peanut butter, smooth style, without salt",Generic
172471,Creamy Omega-3 Peanut Butter,Legumes and Legume Products,45.0,17.0,0.0,94.5,0.476,608.0,9.691,0.037,6.1,0.0,0.0,1.67,191.0,1.85,12.875,0.87,426.0,780.0,24.47,0.087,0.0,356.0,3.11,0.055,54.17,0.0,0.0,0.292,0.0,0.0,10.34,0.0,0.99,3.08,Snack,Generic,True,"Peanut butter with omega-3, creamy",Generic
172514,Braised New Zealand Lamb Shank,"Lamb, Veal, and Game Products",11.0,0.03,110.0,0.0,0.125,256.0,5.56,0.642,0.0,0.0,0.0,2.11,21.0,0.009,3.826,0.462,165.0,250.0,30.35,0.14,0.0091,74.0,0.0,0.051,14.99,0.008,0.00128,0.075,0.0,0.0001,0.49,0.0,55.58,6.45,Main Course,Generic,False,"Lamb, New Zealand, imported, fore-shank, separable lean and fat, cooked, braised",Western
172528,Braised Lamb Heart,"Lamb, Veal, and Game Products",14.0,1.93,249.0,0.0,0.61,185.0,3.14,0.0,0.0,0.0,0.002,5.52,24.0,0.055,4.36,1.37,254.0,188.0,24.97,1.19,0.047,63.0,0.0,0.17,7.91,0.0,0.0112,0.3,7.0,0.0,0.0,0.0,64.2,3.68,Main Course,Generic,True,"Lamb, variety meats and by-products, heart, cooked, braised",Western
172530,Braised Veal Heart,"Lamb, Veal, and Game Products",8.0,0.13,176.0,0.0,0.432,186.0,1.82,0.0,0.0,0.0,0.002,4.32,18.0,0.061,4.88,1.65,250.0,199.0,29.12,0.93,0.0524,58.0,0.0,0.35,6.75,0.0,0.01446,0.21,10.0,0.0,0.0,0.0,62.18,2.24,Main Course,Generic,True,"Veal, variety meats and by-products, heart, cooked, braised",Western
172532,Braised Lamb Liver,"Lamb, Veal, and Game Products",8.0,2.53,501.0,0.0,7.074,220.0,3.41,0.0,0.0,0.0,0.073,8.28,22.0,0.52,12.15,3.96,420.0,221.0,30.57,4.03,0.1114,56.0,0.0,0.23,8.81,7.491,0.0765,0.49,4.0,0.0,0.0,0.0,56.67,7.89,Main Course,Generic,True,"Lamb, variety meats and by-products, liver, cooked, braised",Western
172533,Pan-Fried Lamb Liver,"Lamb, Veal, and Game Products",9.0,3.78,493.0,0.0,9.83,238.0,4.9,0.0,0.0,0.0,0.4,10.2,23.0,0.594,16.68,6.33,427.0,352.0,25.53,4.59,0.1161,124.0,0.0,0.35,12.65,7.782,0.0857,0.95,13.0,0.0,0.0,0.0,56.2,5.63,Main Course,Generic,True,"Lamb, variety meats and by-products, liver, cooked, pan-fried",Western
172535,Braised Veal Liver,"Lamb, Veal, and Game Products",6.0,3.77,511.0,398.9,14.94,192.0,1.986,0.305,0.0,0.0,0.331,5.11,20.0,0.27,13.15,6.555,460.0,329.0,28.42,2.86,0.0193,78.0,0.0,0.182,6.26,21.145,0.0846,0.918,1.1,0.0,0.68,0.0014,59.86,11.23,Main Course,Generic,True,"Veal, variety meats and by-products, liver, cooked, braised",Western
172630,Cooked New Zealand Lamb Flap,"Lamb, Veal, and Game Products",8.0,0.14,76.0,0.0,0.074,376.0,13.534,1.686,0.0,0.0,0.0,1.11,15.0,0.003,2.744,0.277,122.0,182.0,20.48,0.122,0.0059,51.0,0.0,0.046,32.63,0.024,0.00125,0.081,0.0,0.0001,0.57,0.0,47.82,3.2,Main Course,Generic,False,"Lamb, New Zealand, imported, flap, boneless, separable lean and fat, cooked, braised",Generic
172632,Braised Lamb Shank,"Lamb, Veal, and Game Products",8.0,0.04,111.0,0.0,0.144,247.0,5.405,0.654,0.0,0.0,0.0,1.99,21.0,0.01,4.133,0.198,170.0,249.0,29.59,0.223,0.0084,69.0,0.0,0.039,14.22,0.008,0.0015,0.099,0.0,0.0001,0.57,0.0,56.87,4.95,Main Course,Generic,False,"Lamb, New Zealand, imported, hind-shank, separable lean and fat, cooked, braised",Western
172638,Slow Roasted Lamb Shoulder,"Lamb, Veal, and Game Products",7.0,0.05,78.0,0.0,0.101,287.0,8.431,1.014,0.0,0.0,0.0,1.33,21.0,0.009,3.739,0.673,178.0,305.0,21.45,0.167,0.0042,61.0,0.0,0.116,22.33,0.014,0.0019399999999999,0.107,0.0,0.0001,0.47,0.0,56.45,4.28,Main Course,Generic,False,"Lamb, New Zealand, imported, netted shoulder, rolled, boneless, separable lean and fat, cooked, slow roasted",Generic
172640,Cooked New Zealand Lamb Rack,"Lamb, Veal, and Game Products",11.0,0.01,72.0,0.0,0.122,195.0,4.41,0.487,0.0,0.0,0.0,1.74,23.0,0.009,6.037,0.618,195.0,323.0,23.56,0.204,0.0043,67.0,0.0,0.06,11.2,0.005,0.00128,0.28,0.0,0.0001,0.33,0.0,64.76,2.52,Main Course,Generic,True,"Lamb, New Zealand, imported, rack - fully frenched, separable lean and fat, cooked, fast roasted",Generic
172642,Slow Roasted New Zealand Lamb,"Lamb, Veal, and Game Products",4.0,0.03,79.0,0.0,0.143,208.0,4.788,0.573,0.0,0.0,0.0,1.64,24.0,0.012,5.457,0.758,201.0,349.0,23.41,0.23,0.0044,61.0,0.0,0.107,12.68,0.007,0.00149,0.253,0.0,0.0,0.4,0.0,63.79,3.45,Main Course,Generic,False,"Lamb, New Zealand, imported, tunnel-boned leg, chump off, shank off, separable lean and fat, cooked, slow roasted",Generic
172644,Grilled Veal Chop,"Lamb, Veal, and Game Products",13.0,0.07,78.0,150.0,0.124,159.0,1.742,0.188,0.0,0.0,0.007,0.79,33.0,0.012,7.94,0.55,214.0,239.0,29.75,0.33,0.0261,85.0,0.0,0.07,4.44,0.0,0.00289,0.691,0.0,0.0008,0.38,0.0013,64.65,1.83,Main Course,Generic,True,"Veal, loin, chop, separable lean only, cooked, grilled",Western
172649,Braised Veal Osso Buco,"Lamb, Veal, and Game Products",22.0,0.11,92.0,140.0,0.116,182.0,2.712,0.276,0.0,0.0,0.004,2.0,34.0,0.013,3.731,0.476,214.0,201.0,27.94,0.337,0.0198999999999999,90.0,0.0,0.081,7.77,0.0,0.00186,0.179,0.0,0.0011,0.39,0.0015,61.3,5.08,Main Course,Generic,True,"Veal, foreshank, osso buco, separable lean and fat, cooked, braised",Western
172650,Grilled Veal Chop,"Lamb, Veal, and Game Products",17.0,0.16,79.0,139.0,0.119,198.0,3.378,0.369,0.0,0.0,0.006,0.82,32.0,0.015,7.483,0.535,208.0,229.0,28.04,0.312,0.0243999999999999,86.0,0.0,0.068,9.48,0.0,0.00275,0.64,0.0,0.0011,0.39,0.0015,61.41,1.81,Main Course,Generic,True,"Veal, loin, chop, separable lean and fat, cooked, grilled",Western
172651,Grilled Veal Blade Chop,"Lamb, Veal, and Game Products",24.0,0.15,78.0,128.1,0.142,199.0,3.715,0.396,0.0,0.0,0.006,1.59,33.0,0.013,4.94,1.097,242.0,235.0,25.72,0.445,0.0174,111.0,0.0,0.103,10.57,0.0,0.00344,0.41,0.0,0.0013,0.47,0.0014,62.96,4.71,Main Course,Generic,True,"Veal, shoulder, blade chop, separable lean and fat, cooked, grilled",Western
172664,Cinnamon Raisin Bagels,Baked Products,19.0,55.2,0.0,14.6,0.163,274.0,0.274,0.0,2.3,0.0,0.174,3.8,28.0,0.876,3.08,0.509,100.0,148.0,9.8,0.277,0.031,407.0,5.98,0.384,1.7,0.021,0.0,0.062,0.7,0.0,0.31,0.0007,32.0,1.13,Snack,Generic,True,"Bagels, cinnamon-raisin",Western
172665,Toasted Cinnamon-Raisin Bagels,Baked Products,20.0,59.3,0.0,16.4,0.16,294.0,0.295,0.0,2.5,0.0,0.162,4.09,23.0,0.328,2.981,0.047,83.0,163.0,10.6,0.268,0.0332999999999999,370.0,6.43,0.33,1.8,0.023,0.0,0.06,0.6,0.0,0.34,0.0008,26.9,0.81,Snack,Generic,True,"Bagels, cinnamon-raisin, toasted",Western
172666,Oat Bran Bagels,Baked Products,12.0,53.3,0.0,15.3,0.151,255.0,0.191,0.0,3.6,0.0,0.134,3.08,31.0,0.863,2.96,0.445,110.0,115.0,10.7,0.338,0.0342,590.0,1.63,0.331,1.2,0.001,0.0,0.043,0.2,0.0,0.33,0.0004,32.9,0.9,Snack,Generic,True,"Bagels, oat bran",Western
172667,Plain Biscuits,Baked Products,49.0,53.87,1.0,20.0,0.083,338.0,1.676,0.0,1.3,0.0,0.111,3.3,17.0,0.392,3.352,0.3,430.0,224.0,6.2,0.292,0.0188,942.0,3.48,0.427,11.03,0.0,0.00014,0.047,0.0,0.0,1.32,0.0040999999999999,26.7,0.48,Side Dish,Generic,True,"Biscuits, plain or buttermilk, frozen, baked",Western
172668,Buttermilk Biscuits,Baked Products,51.0,46.32,1.0,0.0,0.09,307.0,2.806,3.444,0.7,0.0,0.089,2.48,17.0,0.438,3.308,0.346,470.0,162.0,6.66,0.29,0.008,977.0,7.4,0.391,10.58,0.002,5e-05,0.063,0.1,0.0,0.69,0.0062,33.15,0.5,Side Dish,Generic,False,"Biscuits, plain or buttermilk, refrigerated dough, higher fat",Western
172669,Buttermilk Biscuits,Baked Products,27.0,49.05,0.0,19.8,0.086,324.0,5.514,0.224,2.8,0.0,0.1,2.57,18.0,0.49,3.684,0.382,446.0,152.0,6.79,0.299,0.0136,1002.0,8.19,0.447,11.22,0.0,0.0,0.046,0.0,0.0,0.67,0.0095,29.69,0.41,Side Dish,Generic,True,"Biscuits, plain or buttermilk, refrigerated dough, higher fat, baked",Western
172670,Plain or Buttermilk Biscuits,Baked Products,235.0,44.6,3.0,0.0,0.082,353.0,4.324,0.0,1.5,0.0,0.095,2.9,18.0,0.378,2.949,0.285,164.0,121.0,7.0,0.31,0.0195,580.0,2.18,0.356,16.3,0.0,8e-05,0.035,0.2,0.0,0.0,0.0,28.9,0.54,Snack,Generic,True,"Biscuits, plain or buttermilk, prepared from recipe",Western
172671,Mixed Grain Biscuits,Baked Products,17.0,47.4,0.0,0.0,0.115,263.0,1.366,0.0,0.0,0.0,0.133,2.75,30.0,0.659,3.4,0.315,236.0,456.0,6.1,0.21,0.0,670.0,0.0,0.39,5.6,0.0,0.0,0.065,0.0,0.0,0.0,0.0,37.8,0.6,Snack,Generic,True,"Biscuits, mixed grain, refrigerated dough",Western
172694,Angel Food Cake,Baked Products,140.0,57.8,0.0,0.0,0.078,258.0,0.121,0.0,1.5,0.0,0.057,0.52,12.0,0.085,0.883,0.198,324.0,93.0,5.9,0.491,0.0073,749.0,0.0,0.102,0.8,0.0,6e-05,0.031,0.0,0.0,0.0,0.0,33.2,0.07,Snack,Generic,True,"Cake, angelfood, commercially prepared",Generic
172696,Boston Cream Pie,Baked Products,23.0,42.9,37.0,17.4,0.042,252.0,2.445,0.0,1.4,0.0,0.018,0.38,6.0,0.05,0.191,0.301,49.0,39.0,2.4,0.27,0.0040999999999999,254.0,36.11,0.408,8.5,0.024,0.00016,0.026,0.2,0.0001,0.15,0.0031,45.4,0.16,Snack,Generic,True,"Cake, boston cream pie, commercially prepared",Western
172699,Cheese Coffee Cake,Baked Products,59.0,44.3,85.0,0.0,0.052,339.0,5.391,0.0,1.0,0.0,0.053,0.64,15.0,0.172,0.682,0.4,101.0,289.0,7.0,0.125,0.0133,339.0,0.0,0.105,15.2,0.086,0.00034,0.058,0.1,0.0,0.0,0.0,32.2,0.59,Snack,Generic,True,"Cake, coffeecake, cheese",Generic
172703,Pineapple Upside-Down Cake,Baked Products,120.0,50.5,22.0,0.0,0.087,319.0,2.915,0.0,0.8,0.0,0.039,1.48,13.0,0.35,1.19,0.202,82.0,112.0,3.5,0.156,0.0094,319.0,0.0,0.153,12.1,0.062,8e-05,0.034,1.2,0.0,0.0,0.0,32.3,0.31,Snack,Generic,True,"Cake, pineapple upside-down, prepared from recipe",Generic
172704,Pound Cake,Baked Products,47.0,53.64,66.0,65.6,0.042,353.0,4.811,0.192,0.6,0.0,0.052,1.48,8.0,0.11,1.615,0.485,140.0,149.0,5.0,0.249,0.005,377.0,33.36,0.173,13.96,0.07,0.0003599999999999,0.036,0.0,0.0008,0.65,0.0017,25.87,0.43,Snack,Generic,True,"Cake, pound, commercially prepared, butter (includes fresh and frozen)",Western
172706,Commercial Sponge Cake,Baked Products,70.0,61.0,102.0,37.1,0.062,290.0,0.802,0.0,0.5,0.0,0.071,2.72,11.0,0.21,1.932,0.478,137.0,99.0,5.4,0.269,0.0091,623.0,36.66,0.243,2.7,0.044,0.00024,0.052,0.0,0.0002,0.24,0.0002,29.7,0.51,Snack,Generic,True,"Cake, sponge, commercially prepared",Generic
172707,Sponge Cake,Baked Products,42.0,57.7,170.0,0.0,0.056,297.0,1.301,0.0,0.0,0.0,0.053,1.58,9.0,0.167,1.204,0.546,100.0,141.0,7.3,0.301,0.0185,228.0,0.0,0.159,4.3,0.077,0.00037,0.059,0.0,0.0,0.0,0.0,29.4,0.59,Snack,Generic,True,"Cake, sponge, prepared from recipe",Western
172711,Cheesecake,Baked Products,51.0,25.5,55.0,45.9,0.02,321.0,9.921,0.0,0.4,0.0,0.02,0.63,11.0,0.14,0.195,0.571,93.0,90.0,5.5,0.193,0.0052,438.0,21.8,0.028,22.5,0.159,0.00017,0.052,0.4,0.0005,0.56,0.0044,45.6,0.51,Snack,Generic,True,"Cake, cheesecake, commercially prepared",Western
172712,No-Bake Cheesecake,Baked Products,172.0,35.5,29.0,0.0,0.029,274.0,6.691,0.0,1.9,0.0,0.038,0.47,19.0,0.12,0.493,0.612,234.0,211.0,5.5,0.263,0.0047,380.0,0.0,0.121,12.7,0.096,0.00031,0.052,0.5,0.0,0.0,0.0,44.2,0.46,Snack,Generic,True,"Cake, cheesecake, prepared from mix, no-bake type",Western
172714,Chocolate Wafer Cookies,Baked Products,31.0,72.7,2.0,14.3,0.463,433.0,4.241,0.0,3.4,0.0,0.075,4.01,53.0,0.696,2.858,0.381,132.0,210.0,6.6,0.266,0.0057,580.0,37.43,0.203,14.2,0.003,8.999999999999999e-05,0.051,0.0,0.0,0.72,0.0024,4.5,1.09,Snack,Generic,True,"Cookies, chocolate wafers",Western
172715,Chocolate Chip Cookies,Baked Products,0.0,67.49,0.0,4.9,0.204,451.0,5.962,0.0,3.0,0.0,0.096,3.22,32.0,0.394,1.982,0.165,63.0,134.0,5.97,0.185,0.006,418.0,32.84,0.263,17.91,0.0,0.0,0.022,0.0,0.0,1.47,0.0040999999999999,7.36,0.59,Snack,Generic,True,"Cookies, chocolate chip, commercially prepared, regular, lower fat",Western
172716,Chocolate Chip Cookies,Baked Products,21.0,65.36,0.0,10.5,0.323,492.0,8.091,0.684,2.0,0.0,0.092,5.58,41.0,0.62,2.665,0.0,109.0,171.0,5.1,0.297,0.0039,311.0,32.9,0.292,24.72,0.0,3e-05,0.058,0.0,0.0,2.01,0.0337,3.57,0.72,Snack,Generic,False,"Cookies, chocolate chip, commercially prepared, regular, higher fat, enriched",Western
172717,Soft Chocolate Chip Cookies,Baked Products,17.0,65.75,0.0,0.0,0.227,444.0,9.751,0.055,1.8,0.0,0.045,4.07,29.0,0.423,2.06,0.36,61.0,130.0,3.63,0.283,0.0031,276.0,37.1,0.14,19.77,0.0,0.0,0.05,0.0,0.0,1.55,0.0024,9.88,0.54,Snack,Generic,True,"Cookies, chocolate chip, commercially prepared, soft-type",Western
172718,Chocolate Sandwich Cookies,Baked Products,21.0,71.0,0.0,19.2,0.334,464.0,5.649,0.112,2.9,0.0,0.102,12.14,47.0,0.7,2.603,0.271,93.0,234.0,5.21,0.238,0.0052,388.0,40.67,0.197,19.14,0.001,0.0,0.023,0.0,0.0,2.47,0.0274,3.11,0.74,Snack,Generic,True,"Cookies, chocolate sandwich, with creme filling, regular",Western
172719,Chocolate Sandwich Cookies,Baked Products,35.0,66.4,0.0,3.4,0.315,481.0,7.426,0.0,5.2,0.0,0.026,3.13,39.0,0.372,1.373,0.178,90.0,240.0,3.6,0.204,0.0032,326.0,49.58,0.095,26.4,0.002,5e-05,0.044,0.0,0.0,1.58,0.0112,2.0,0.58,Snack,Generic,True,"Cookies, chocolate sandwich, with creme filling, regular, chocolate-coated",Western
172720,Chocolate Sandwich Cookies,Baked Products,16.0,68.2,0.0,3.3,0.337,497.0,5.454,0.0,2.7,0.0,0.069,7.8,36.0,0.497,1.937,0.142,69.0,137.0,4.33,0.12,0.0081,351.0,46.0,0.115,24.52,0.0,2e-05,0.0,0.0,0.0,1.89,0.0062,1.65,0.78,Snack,Generic,True,"Cookies, chocolate sandwich, with extra creme filling",Western
172721,Fig Cookies,Baked Products,64.0,70.9,0.0,14.6,0.147,348.0,1.123,0.0,4.6,0.0,0.053,2.9,27.0,0.343,1.874,0.364,62.0,207.0,3.7,0.217,0.0033,350.0,46.36,0.158,7.3,0.009,8.999999999999999e-05,0.075,0.3,0.0,0.65,0.0058,16.5,0.39,Snack,Generic,True,"Cookies, fig bars",Western
172722,Fortune Cookies,Baked Products,12.0,84.0,2.0,6.0,0.06,378.0,0.669,0.0,1.6,0.0,0.105,1.44,7.0,0.19,1.84,0.297,35.0,41.0,4.2,0.13,0.0029,31.0,45.42,0.182,2.7,0.001,1e-05,0.013,0.0,0.0,0.03,0.0011,8.0,0.17,Snack,Generic,True,"Cookies, fortune",Asian
172724,Molasses Cookies,Baked Products,74.0,73.8,0.0,8.4,0.373,430.0,3.212,0.0,1.0,0.0,0.146,6.43,52.0,1.257,3.031,0.411,95.0,346.0,5.6,0.264,0.0056,459.0,17.6,0.355,12.8,0.0,0.0,0.104,0.0,0.0,0.11,0.0055,5.8,0.45,Snack,Generic,True,"Cookies, molasses",Western
172725,Oatmeal Cookies,Baked Products,37.0,68.7,0.0,12.0,0.134,450.0,4.519,0.0,2.8,0.0,0.095,2.58,33.0,0.839,2.227,0.386,138.0,142.0,6.2,0.23,0.0098,520.0,24.66,0.267,18.1,0.005,0.0,0.066,0.5,0.0,0.26,0.008,5.7,0.79,Snack,Generic,True,"Cookies, oatmeal, commercially prepared, regular",Western
172726,Soft Oatmeal Cookies,Baked Products,90.0,65.7,5.0,0.0,0.55,409.0,3.63,0.0,2.7,0.0,0.052,2.79,30.0,0.421,1.823,0.461,209.0,135.0,6.1,0.228,0.0105,349.0,0.0,0.186,14.7,0.005,1e-05,0.085,0.2,0.0,0.0,0.0,11.0,0.44,Snack,Generic,True,"Cookies, oatmeal, commercially prepared, soft-type",Western
172727,Peanut Butter Cookies,Baked Products,41.0,58.15,27.0,10.0,0.153,473.0,6.751,1.25,2.1,0.0,0.078,2.11,44.0,0.643,3.86,0.429,156.0,202.0,8.92,0.208,0.0063,463.0,28.58,0.208,23.82,0.009,4e-05,0.122,0.0,0.0,3.53,0.0044,7.28,0.86,Snack,Generic,False,"Cookies, peanut butter, commercially prepared, regular",Western
172728,Soft Peanut Butter Cookies,Baked Products,12.0,57.7,0.0,0.0,0.08,457.0,6.149,0.0,1.7,0.0,0.11,0.89,32.0,0.43,2.16,0.362,87.0,107.0,5.3,0.165,0.0044,336.0,0.0,0.248,24.4,0.0,0.0,0.027,0.0,0.0,0.0,0.0,11.5,0.55,Snack,Generic,True,"Cookies, peanut butter, commercially prepared, soft-type",Western
172729,Peanut Butter Cookies,Baked Products,101.0,52.1,27.0,0.0,0.151,458.0,5.791,0.0,1.1,0.0,0.089,1.7,37.0,0.326,4.143,0.379,241.0,308.0,8.2,0.186,0.005,397.0,0.0,0.191,25.0,0.014,4e-05,0.142,0.0,0.0,0.0,0.0,12.6,0.68,Snack,Generic,True,"Cookies, peanut butter, refrigerated dough",Western
172730,Baked Peanut Butter Cookies,Baked Products,111.0,57.3,30.0,0.0,0.166,503.0,6.199,0.0,1.2,0.0,0.069,1.87,41.0,0.461,4.098,0.3,264.0,338.0,9.1,0.184,0.0050999999999999,436.0,0.0,0.168,27.5,0.014,6e-05,0.064,0.0,0.0,0.0,0.0,4.0,0.75,Snack,Generic,True,"Cookies, peanut butter, refrigerated dough, baked",Western
172732,Chocolate Chip Cookies,Baked Products,46.0,73.4,0.0,6.7,0.218,450.0,4.183,0.0,1.6,0.0,0.087,3.5,21.0,0.365,2.843,0.201,109.0,199.0,3.9,0.188,0.0026,244.0,39.81,0.373,16.8,0.001,0.0,0.018,0.0,0.0,1.06,0.004,5.1,0.47,Snack,Generic,True,"Cookies, chocolate chip, commercially prepared, special dietary",Western
172733,Chocolate Sandwich Cookies,Baked Products,98.0,68.0,0.0,9.8,0.22,461.0,3.992,0.0,4.1,0.0,0.098,4.72,26.0,0.403,3.971,0.359,200.0,295.0,4.5,0.292,0.0037,342.0,19.73,0.524,22.1,0.001,4e-05,0.033,0.0,0.0,1.64,0.0054,4.2,0.58,Snack,Generic,True,"Cookies, chocolate sandwich, with creme filling, special dietary",Western
172734,Oatmeal Cookies,Baked Products,54.0,69.9,0.0,12.0,0.151,449.0,2.693,0.0,2.9,0.0,0.074,4.07,17.0,0.64,3.236,0.285,122.0,175.0,4.8,0.211,0.0044,273.0,31.65,0.46,18.0,0.001,0.0,0.026,0.3,0.0,1.52,0.007,6.5,0.49,Snack,Generic,True,"Cookies, oatmeal, commercially prepared, special dietary",Western
172735,Baked Sugar Cookies,Baked Products,90.0,65.6,32.0,10.5,0.041,489.0,5.906,0.0,0.9,0.0,0.113,1.84,8.0,0.289,2.412,0.151,187.0,163.0,4.7,0.122,0.0035,362.0,40.36,0.182,23.1,0.012,7.000000000000001e-05,0.023,0.0,0.0,0.21,0.0098,5.0,0.27,Snack,Generic,True,"Cookies, sugar, refrigerated dough, baked",Western
172736,Sugar Wafer Cookies,Baked Products,27.0,70.64,0.0,1.2,0.066,502.0,11.899,0.0,1.6,0.0,0.129,3.73,16.0,0.421,2.183,0.395,72.0,117.0,3.84,0.12,0.0037,103.0,42.95,0.037,23.24,0.0,0.0,0.043,0.0,0.0,2.5,0.0021,1.66,0.43,Snack,Generic,True,"Cookies, sugar wafers with creme filling, regular",Western
172737,Vanilla Cream Sandwich Cookies,Baked Products,27.0,72.1,0.0,4.1,0.114,483.0,2.979,0.0,1.5,0.0,0.082,2.21,14.0,0.292,2.69,0.394,75.0,91.0,4.5,0.243,0.003,388.0,39.3,0.261,20.0,0.0,0.0,0.018,0.0,0.0,1.6,0.005,2.2,0.4,Snack,Generic,True,"Cookies, vanilla sandwich with creme filling",Western
172740,Plain Matzo Crackers,Baked Products,13.0,83.7,0.0,10.8,0.06,395.0,0.226,0.0,3.0,0.0,0.017,3.16,25.0,0.65,3.892,0.443,89.0,112.0,10.0,0.291,0.0369,0.0,0.29,0.387,1.4,0.0,0.0,0.115,0.0,0.0,0.06,0.0003,4.3,0.68,Snack,Generic,True,"Crackers, matzo, plain",Generic
172741,Egg Matzo Crackers,Baked Products,40.0,78.6,83.0,0.0,0.155,391.0,0.548,0.0,2.8,0.0,0.024,2.7,24.0,0.6,5.08,0.435,148.0,150.0,12.3,0.618,0.0277,21.0,0.0,0.788,2.1,0.013,0.00019,0.054,0.1,0.0,0.0,0.0,6.4,0.73,Snack,Generic,True,"Crackers, matzo, egg",Generic
172742,Whole Wheat Matzo Crackers,Baked Products,23.0,78.9,0.0,0.0,0.35,351.0,0.243,0.0,11.8,0.0,0.035,4.65,134.0,3.5,5.41,1.235,305.0,316.0,13.1,0.271,0.0751,2.0,0.0,0.365,1.5,0.0,0.0,0.159,0.0,0.0,0.0,0.0,4.8,2.61,Snack,Generic,True,"Crackers, matzo, whole-wheat",Generic
172743,Cheese-Filled Rye Crackers,Baked Products,222.0,60.8,9.0,0.0,0.096,481.0,5.987,0.0,3.6,0.0,0.127,2.45,37.0,0.635,3.57,0.585,339.0,342.0,9.2,0.494,0.0208,1044.0,0.0,0.612,22.3,0.024,0.00012,0.076,0.4,0.0,0.0,0.0,3.8,0.7,Snack,Generic,True,"Crackers, rye, sandwich-type with cheese filling",Generic
172744,Plain Rye Wafers,Baked Products,40.0,80.4,0.0,20.0,0.461,334.0,0.108,0.0,22.9,0.0,0.045,5.94,121.0,5.366,1.581,0.569,334.0,495.0,9.6,0.289,0.0238,557.0,1.01,0.427,0.9,0.0,0.0,0.271,0.1,0.0,0.8,0.0057,5.0,2.8,Snack,Generic,True,"Crackers, rye, wafers, plain",Generic
172745,Seasoned Rye Crackers,Baked Products,44.0,73.8,0.0,0.0,0.495,381.0,1.287,0.0,20.9,0.0,0.052,3.04,106.0,2.371,2.474,0.558,307.0,454.0,9.0,0.223,0.0325,887.0,0.0,0.316,9.2,0.0,0.0,0.19,0.1,0.0,0.0,0.0,4.0,2.55,Snack,Generic,True,"Crackers, rye, wafers, seasoned",Generic
172746,Saltine Crackers,Baked Products,19.0,74.05,0.0,16.7,0.139,418.0,1.653,0.167,2.8,0.0,0.216,5.57,23.0,0.686,6.442,0.536,102.0,152.0,9.46,0.487,0.0103,941.0,1.29,0.702,8.64,0.001,8.999999999999999e-05,0.086,0.0,0.0,1.15,0.0254,5.05,0.69,Snack,Generic,True,"Crackers, saltines (includes oyster, soda, soup)",Generic
172747,Cheese-Filled Wheat Crackers,Baked Products,204.0,58.2,7.0,0.0,0.16,497.0,4.129,0.0,3.1,0.0,0.096,2.62,54.0,1.083,3.185,0.622,382.0,306.0,9.8,0.427,0.0243,839.0,0.0,0.358,25.0,0.021,0.00012,0.261,1.5,0.0,0.0,0.0,3.2,0.87,Snack,Generic,True,"Crackers, wheat, sandwich, with cheese filling",Generic
172748,Peanut Butter Sandwich Crackers,Baked Products,170.0,53.8,0.0,0.0,0.055,495.0,4.602,0.0,4.4,0.0,0.093,2.67,38.0,0.701,5.877,0.564,347.0,297.0,13.5,0.293,0.0218,807.0,0.0,0.389,26.7,0.0,0.0,0.137,0.0,0.0,0.0,0.0,3.4,0.82,Snack,Generic,True,"Crackers, wheat, sandwich, with peanut butter filling",Generic
172749,Whole Wheat Crackers,Baked Products,36.0,69.55,0.0,27.2,0.42,427.0,2.063,0.199,10.3,0.0,0.028,3.34,110.0,2.152,4.63,0.832,331.0,345.0,10.58,0.021,0.0101,800.0,1.19,0.182,14.13,0.0,0.0,0.185,0.0,0.0,1.41,0.0272,2.94,2.63,Snack,Generic,True,"Crackers, whole-wheat",Generic
172751,Plain Croutons,Baked Products,76.0,73.5,0.0,0.0,0.163,407.0,1.51,0.0,5.1,0.0,0.209,4.08,31.0,0.5,5.439,0.429,115.0,124.0,11.9,0.272,0.0375,698.0,0.0,0.623,6.6,0.0,0.0,0.026,0.0,0.0,0.0,0.0,5.5,0.89,Side Dish,Generic,True,"Croutons, plain",Generic
172752,Seasoned Croutons,Baked Products,96.0,63.5,7.0,14.6,0.168,465.0,5.247,0.0,5.0,0.0,0.151,2.82,42.0,0.514,4.646,0.835,140.0,181.0,10.8,0.421,0.0288,1333.0,4.41,0.506,18.3,0.007,0.00014,0.083,0.0,0.0,0.4,0.0076,3.6,0.94,Side Dish,Generic,True,"Croutons, seasoned",Generic
172753,Cinnamon Danish Pastry,Baked Products,71.0,44.6,21.0,21.8,0.1,403.0,5.681,0.0,1.3,0.0,0.092,1.96,19.0,0.362,2.867,0.396,107.0,125.0,7.0,0.263,0.017,414.0,19.78,0.3,22.4,0.006,0.0001,0.038,0.1,0.0,0.39,0.0094,24.3,0.72,Snack,Generic,True,"Danish pastry, cinnamon, enriched",Western
172754,Cheese Danish Pastry,Baked Products,35.0,37.2,23.0,20.1,0.089,374.0,6.794,0.0,1.0,0.0,0.085,1.8,15.0,0.351,2.0,0.304,108.0,98.0,8.0,0.26,0.0189,417.0,6.95,0.19,21.9,0.035,0.0002,0.04,0.1,0.0,0.35,0.0069,31.4,0.7,Snack,Generic,True,"Danish pastry, cheese",Western
172756,Glazed French Crullers,Baked Products,26.0,59.5,11.0,29.1,0.07,412.0,4.667,0.0,1.2,0.0,0.066,2.42,12.0,0.215,2.13,0.216,123.0,78.0,3.1,0.23,0.0022,345.0,35.11,0.181,18.3,0.002,5e-05,0.02,0.0,0.0,0.16,0.008,17.9,0.26,Snack,Generic,True,"Doughnuts, french crullers, glazed",Western
172757,Cream-filled Yeast Doughnuts,Baked Products,25.0,30.0,24.0,29.1,0.113,361.0,5.43,0.0,0.8,0.0,0.109,1.83,20.0,0.225,2.242,0.662,76.0,80.0,6.4,0.148,0.0108,309.0,14.55,0.338,24.5,0.011,0.00014,0.068,0.0,0.0,0.29,0.0086,38.2,0.8,Snack,Generic,True,"Doughnuts, yeast-leavened, with creme filling",Western
172758,Glazed Doughnuts,Baked Products,101.0,47.93,30.0,29.1,0.088,421.0,9.453,0.455,2.1,0.0,0.155,2.38,17.0,0.307,2.61,0.214,117.0,102.0,6.14,0.185,0.0157,316.0,22.75,0.312,22.7,0.005,0.00011,0.037,1.2,0.0001,1.43,0.0115,22.0,0.61,Snack,Generic,True,"Doughnuts, yeast-leavened, glazed, enriched (includes honey buns)",Western
172759,Jelly-Filled Doughnuts,Baked Products,25.0,39.0,26.0,29.1,0.136,340.0,4.843,0.0,0.9,0.0,0.104,1.76,20.0,0.205,2.137,0.876,85.0,79.0,5.9,0.142,0.0125,455.0,21.1,0.312,18.7,0.017,0.00022,0.1,0.0,0.0,0.43,0.0070999999999999,35.6,0.75,Snack,Generic,True,"Doughnuts, yeast-leavened, with jelly filling",Western
172760,Raisin-Cinnamon English Muffins,Baked Products,139.0,55.04,0.0,14.5,0.175,276.0,0.579,0.0,3.0,0.0,0.131,4.9,28.0,0.72,4.285,0.284,108.0,194.0,8.87,0.245,0.0243,342.0,13.34,0.518,2.21,0.0,0.0,0.062,1.4,0.0,0.36,0.0025,32.07,1.0,Snack,Generic,True,"Muffins, English, raisin-cinnamon, toasted (includes apple-cinnamon)",Western
172761,Wheat English Muffins,Baked Products,178.0,44.8,0.0,13.7,0.148,223.0,0.287,0.0,4.6,0.0,0.081,2.87,37.0,1.001,3.356,0.444,107.0,186.0,8.7,0.292,0.0292,353.0,1.56,0.431,2.0,0.0,0.0,0.087,0.0,0.0,0.45,0.0008,42.3,1.07,Snack,Generic,True,"Muffins, English, wheat",Western
172762,Whole-Wheat English Muffins,Baked Products,265.0,40.4,0.0,13.7,0.212,203.0,0.334,0.0,6.7,0.0,0.049,2.45,71.0,1.79,3.41,0.695,282.0,210.0,8.8,0.14,0.0402999999999999,364.0,8.09,0.3,2.1,0.0,0.0,0.163,0.0,0.0,0.41,0.001,45.7,1.6,Snack,Generic,True,"Muffins, English, whole-wheat",Western
172763,Frozen French Toast,Baked Products,107.0,32.1,82.0,0.0,0.084,213.0,1.533,0.0,1.1,0.0,0.072,2.21,17.0,0.245,2.722,0.94,139.0,134.0,7.4,0.381,0.0167,495.0,0.0,0.277,6.1,0.054,0.00168,0.496,0.3,0.0,0.0,0.0,52.6,0.77,Main Course,Generic,True,"French toast, frozen, ready-to-heat",Western
172764,Plain Muffins,Baked Products,200.0,41.4,39.0,43.4,0.069,296.0,2.156,0.0,2.7,0.0,0.078,2.39,17.0,0.296,2.308,0.351,153.0,121.0,6.9,0.301,0.018,467.0,0.0,0.284,11.4,0.04,0.00015,0.042,0.3,0.0,0.0,0.0,37.7,0.56,Snack,Generic,True,"Muffins, plain, prepared from recipe, made with low fat (2%) milk",Western
172765,Blueberry Muffins,Baked Products,44.0,53.0,30.0,92.5,0.06,375.0,2.844,0.2,1.1,0.0,0.073,1.3,10.0,0.449,1.418,0.47,146.0,121.0,4.49,0.163,0.0081999999999999,336.0,31.47,0.168,16.07,0.021,0.00016,0.04,0.9,0.0001,1.63,0.0392,24.96,0.37,Snack,Generic,True,"Muffins, blueberry, commercially prepared (Includes mini-muffins)",Western
172767,Blueberry Muffins,Baked Products,13.0,53.3,6.0,51.7,0.083,313.0,1.398,0.0,1.8,0.0,0.103,0.51,12.0,0.368,2.02,0.246,59.0,83.0,4.6,0.29,0.0176,417.0,4.85,0.24,9.5,0.094,2e-05,0.027,0.0,0.0,0.91,0.0193,30.8,0.39,Snack,Generic,True,"Muffins, blueberry, toaster-type",Western
172768,Blueberry Muffins,Baked Products,189.0,40.7,37.0,0.0,0.071,285.0,2.03,0.0,0.0,0.0,0.073,2.27,16.0,0.312,2.211,0.341,145.0,123.0,6.5,0.289,0.0171,441.0,0.0,0.272,10.8,0.038,0.00014,0.043,1.5,0.0,0.0,0.0,39.5,0.54,Snack,Generic,True,"Muffins, blueberry, prepared from recipe, made with low fat (2%) milk",Western
172769,Oat Bran Muffins,Baked Products,63.0,48.3,0.0,6.6,0.33,270.0,1.087,0.0,4.6,0.0,0.139,4.2,157.0,2.63,0.42,1.01,376.0,507.0,7.0,0.095,0.011,393.0,8.22,0.262,7.4,0.0,1e-05,0.161,0.0,0.0,0.66,0.013,35.0,1.84,Snack,Generic,True,"Muffins, oat bran",Western
172771,Plain Pancakes,Baked Products,78.0,37.75,18.0,14.6,0.072,233.0,1.162,0.03,1.0,0.0,0.11,5.67,14.0,0.285,6.357,0.34,215.0,90.0,5.23,0.38,0.0108,461.0,8.32,0.7,6.83,0.453,0.0028,0.52,0.3,0.0,0.62,0.0065,48.37,0.4,Main Course,Generic,True,"Pancakes plain, frozen, ready-to-heat (includes buttermilk)",Western
172773,Blueberry Pancakes,Baked Products,206.0,29.0,56.0,0.0,0.055,222.0,1.986,0.0,0.0,0.0,0.053,1.72,16.0,0.237,1.524,0.395,151.0,138.0,6.1,0.272,0.014,412.0,0.0,0.195,9.2,0.05,0.0002,0.049,2.2,0.0,0.0,0.0,53.2,0.54,Main Course,Generic,True,"Pancakes, blueberry, prepared from recipe",Western
172777,Banana Cream Pie,Baked Products,75.0,32.9,51.0,28.7,0.052,269.0,3.758,0.0,0.7,0.0,0.038,1.04,16.0,0.152,1.054,0.388,92.0,165.0,4.4,0.207,0.0091,240.0,12.06,0.139,13.6,0.061,0.00025,0.133,1.6,0.0008,0.4,0.0063,47.9,0.48,Snack,Generic,True,"Pie, banana cream, prepared from recipe",Western
172778,Blueberry Pie,Baked Products,8.0,34.9,0.0,7.2,0.046,232.0,1.679,0.0,1.0,0.0,0.043,0.3,5.0,0.176,0.3,0.136,23.0,50.0,1.8,0.03,0.0014,287.0,9.89,0.01,10.0,0.044,1e-05,0.037,2.7,0.0,1.04,0.0105,52.5,0.16,Snack,Generic,True,"Pie, blueberry, commercially prepared",Western
172779,Blueberry Pie,Baked Products,7.0,33.5,0.0,0.0,0.067,245.0,2.911,0.0,0.0,0.0,0.036,1.23,8.0,0.3,1.194,0.124,30.0,50.0,2.7,0.132,0.0074,185.0,0.0,0.153,11.9,0.002,0.0,0.034,0.7,0.0,0.0,0.0,51.2,0.2,Snack,Generic,True,"Pie, blueberry, prepared from recipe",Western
172780,Cherry Pie,Baked Products,12.0,39.8,0.0,7.2,0.04,260.0,2.562,0.0,0.8,0.0,0.04,0.48,8.0,0.14,0.2,0.319,29.0,81.0,2.0,0.029,0.0012,246.0,14.29,0.023,11.0,0.052,1e-05,0.041,0.9,0.0,0.76,0.0076,46.2,0.18,Snack,Generic,True,"Pie, cherry, commercially prepared",Western
172781,Cherry Pie,Baked Products,10.0,38.5,0.0,0.0,0.077,270.0,2.985,0.0,0.0,0.0,0.041,1.85,9.0,0.2,1.276,0.123,30.0,77.0,2.8,0.125,0.0078,191.0,0.0,0.148,12.2,0.029,0.0,0.034,1.0,0.0,0.0,0.0,45.8,0.2,Snack,Generic,True,"Pie, cherry, prepared from recipe",Western
172782,Coconut Custard Pie,Baked Products,81.0,30.2,35.0,0.0,0.063,260.0,5.854,0.0,1.8,0.0,0.019,0.8,18.0,0.21,0.403,0.238,122.0,175.0,5.9,0.148,0.0064,335.0,0.0,0.088,13.2,0.026,8.999999999999999e-05,0.011,0.6,0.0,0.0,0.0,49.2,0.68,Snack,Generic,True,"Pie, coconut custard, commercially prepared",Western
172783,Egg Custard Pie,Baked Products,80.0,20.8,33.0,38.0,0.024,210.0,2.349,0.0,1.6,0.0,0.02,0.58,11.0,0.06,0.292,0.662,112.0,106.0,5.5,0.208,0.0070999999999999,275.0,11.58,0.039,11.6,0.057,0.00043,0.048,0.6,0.0008,0.94,0.0032,60.9,0.52,Snack,Generic,True,"Pie, egg custard, commercially prepared",Western
172784,Fruit Fried Pies,Baked Products,22.0,42.6,0.0,7.2,0.047,316.0,2.457,0.0,2.6,0.0,0.029,1.22,10.0,0.224,1.425,0.11,43.0,65.0,3.0,0.106,0.0024,333.0,21.4,0.141,16.1,0.005,8e-05,0.03,1.3,0.0,1.72,0.0040999999999999,37.6,0.23,Snack,Generic,True,"Pie, fried pies, fruit",Western
172785,Lemon Meringue Pie,Baked Products,56.0,47.2,45.0,6.2,0.001,268.0,1.766,0.0,1.2,0.0,0.035,0.61,15.0,0.06,0.649,0.793,105.0,89.0,1.5,0.209,0.003,172.0,23.86,0.062,8.7,0.051,0.00017,0.03,3.2,0.0002,1.06,0.0021,41.7,0.49,Snack,Generic,True,"Pie, lemon meringue, commercially prepared",Western
172786,Pecan Pie,Baked Products,32.0,52.2,87.0,0.0,0.211,412.0,3.989,0.0,0.0,0.0,0.034,1.48,26.0,0.712,0.847,0.479,94.0,133.0,4.9,0.18,0.012,262.0,0.0,0.188,22.2,0.082,0.00017,0.06,0.2,0.0,0.0,0.0,19.5,1.02,Snack,Generic,True,"Pie, pecan, prepared from recipe",Western
172787,Pumpkin Pie,Baked Products,64.0,34.83,26.0,37.5,0.148,243.0,1.988,0.0,1.8,0.0,0.037,0.9,14.0,0.227,1.107,0.452,81.0,167.0,3.9,0.124,0.0054,239.0,18.88,0.177,9.75,0.448,0.00035,0.063,0.0,0.0001,0.76,0.0132,50.39,0.39,Snack,Generic,True,"Pie, pumpkin, commercially prepared",Western
172788,Pumpkin Pie,Baked Products,94.0,26.4,42.0,0.0,0.066,204.0,3.171,0.0,0.0,0.0,0.028,1.27,19.0,0.198,0.782,0.445,98.0,186.0,4.5,0.201,0.0070999999999999,225.0,0.0,0.092,9.3,0.426,8.999999999999999e-05,0.047,1.7,0.0,0.0,0.0,58.5,0.46,Snack,Generic,True,"Pie, pumpkin, prepared from recipe",Western
172789,Vanilla Cream Pie,Baked Products,90.0,32.6,62.0,32.8,0.039,278.0,4.03,0.0,0.6,0.0,0.037,1.02,13.0,0.128,0.984,0.415,104.0,126.0,4.8,0.216,0.0095,260.0,12.68,0.139,14.4,0.083,0.0003,0.049,0.5,0.0012,0.45,0.0067,47.0,0.53,Snack,Generic,True,"Pie, vanilla cream, prepared from recipe",Western
172793,Plain Dinner Rolls,Baked Products,178.0,52.04,4.0,14.6,0.135,310.0,1.375,0.0,2.0,0.0,0.15,3.72,26.0,0.582,5.367,0.452,122.0,139.0,10.86,0.374,0.0268,467.0,5.55,0.526,6.47,0.001,0.00013,0.097,0.2,0.0,0.28,0.0106,28.44,0.99,Side Dish,Generic,True,"Rolls, dinner, plain, commercially prepared (includes brown-and-serve)",Western
172794,Whole Wheat Dinner Rolls,Baked Products,106.0,51.1,0.0,26.5,0.239,266.0,0.836,0.0,7.5,0.0,0.03,2.42,85.0,2.298,3.677,0.489,224.0,272.0,8.7,0.152,0.0494,521.0,8.46,0.248,4.7,0.0,0.0,0.195,0.0,0.0,0.9,0.002,33.1,2.01,Side Dish,Generic,True,"Rolls, dinner, whole-wheat",Western
172795,French Rolls,Baked Products,91.0,50.2,0.0,14.8,0.135,277.0,0.962,0.0,3.2,0.0,0.169,2.71,20.0,0.559,4.352,0.452,84.0,114.0,8.6,0.3,0.0278999999999999,574.0,0.31,0.523,4.3,0.0,0.0,0.039,0.0,0.0,0.3,0.0018,34.8,0.9,Side Dish,Generic,True,"Rolls, french",Western
172800,Baked Taco Shells,Baked Products,100.0,63.49,0.0,29.9,0.113,476.0,7.105,0.172,6.7,0.0,0.085,1.64,83.0,0.56,1.867,0.0,233.0,231.0,6.41,0.08,0.0048,324.0,1.5,0.216,21.79,0.001,0.0,0.203,0.0,0.0,0.69,0.0086,6.4,1.61,Snack,Generic,True,"Taco shells, baked",Western
172802,Wonton Wrappers,Baked Products,47.0,57.9,9.0,0.0,0.147,291.0,0.263,0.0,1.8,0.0,0.134,3.36,20.0,0.638,5.424,0.025,81.0,82.0,9.8,0.378,0.0282,572.0,0.0,0.519,1.5,0.004,2e-05,0.03,0.0,0.0,0.0,0.0,28.8,0.71,Side Dish,Generic,True,Wonton wrappers (includes egg roll wrappers),Asian
172807,Oatmeal Cookies,Baked Products,105.0,66.4,36.0,0.0,0.168,447.0,3.581,0.0,0.0,0.0,0.048,2.7,43.0,1.061,1.311,0.361,167.0,182.0,6.8,0.174,0.0172,598.0,0.0,0.262,17.9,0.16,8.999999999999999e-05,0.05,0.2,0.0,0.0,0.0,6.2,0.93,Snack,Generic,True,"Cookies, oatmeal, prepared from recipe, without raisins",Western
172808,Chocolate Chip Cookies,Baked Products,38.0,58.2,70.0,0.0,0.386,488.0,14.071,0.0,0.0,0.0,0.047,2.48,55.0,0.663,1.365,0.259,100.0,221.0,5.7,0.177,0.0112,341.0,0.0,0.184,28.4,0.139,8e-05,0.084,0.2,0.0,0.0,0.0,5.7,0.94,Snack,Generic,True,"Cookies, chocolate chip, prepared from recipe, made with butter",Western
172810,Plain Dinner Rolls,Baked Products,60.0,53.4,35.0,0.0,0.114,316.0,1.795,0.0,1.9,0.0,0.123,2.96,19.0,0.401,3.448,0.45,126.0,152.0,8.5,0.408,0.0228,415.0,0.0,0.393,7.3,0.087,0.00014,0.06,0.2,0.0,0.0,0.0,29.1,0.7,Side Dish,Generic,True,"Rolls, dinner, plain, prepared from recipe, made with low fat (2%) milk",Western
172812,Egg and Onion Matzo Crackers,Baked Products,36.0,77.1,45.0,0.0,0.08,391.0,0.936,0.0,5.0,0.0,0.262,4.37,30.0,0.82,4.891,0.577,89.0,83.0,10.0,0.437,0.0365,285.0,0.0,0.558,3.9,0.007,0.00022,0.111,0.2,0.0,0.0,0.0,7.2,0.73,Snack,Generic,True,"Crackers, matzo, egg and onion",Mediterranean
172819,Butter Cookies,Baked Products,29.0,68.9,117.0,0.0,0.2,467.0,11.051,0.0,0.8,0.0,0.006,0.29,12.0,0.17,0.32,0.488,102.0,111.0,6.1,0.071,0.0,351.0,0.0,0.066,18.8,0.16,0.0003599999999999,0.036,0.0,0.0,0.0,0.0,4.6,0.38,Snack,Generic,True,"Cookies, butter, commercially prepared, unenriched",Western
172820,Chocolate Chip Cookies,Baked Products,25.0,66.8,0.0,0.0,0.212,481.0,7.476,0.0,2.5,0.0,0.009,1.0,31.0,0.449,0.473,0.229,108.0,135.0,5.4,0.06,0.0,315.0,0.0,0.059,22.6,0.0,1e-05,0.056,0.0,0.0,0.0,0.0,4.1,0.64,Snack,Generic,True,"Cookies, chocolate chip, commercially prepared, regular, higher fat, unenriched",Western
172821,Ladyfingers,Baked Products,47.0,59.7,221.0,0.0,0.095,363.0,3.022,0.0,1.0,0.0,0.105,3.58,12.0,0.24,2.104,1.116,173.0,113.0,10.6,0.428,0.0,147.0,0.0,0.284,9.1,0.167,0.00075,0.122,0.0,0.0,0.0,0.0,19.5,1.14,Snack,Generic,True,"Cookies, ladyfingers, without lemon juice and rind",Western
172822,Plain Melba Toast,Baked Products,93.0,76.6,0.0,0.0,0.289,390.0,0.445,0.0,6.3,0.0,0.193,3.7,59.0,1.13,4.113,0.693,196.0,202.0,12.1,0.273,0.0,19.0,0.0,0.413,3.2,0.0,0.0,0.098,0.0,0.0,0.0,0.0,5.1,2.01,Snack,Generic,True,"Crackers, melba toast, plain, without salt",Western
172823,Low Salt Whole Wheat Crackers,Baked Products,50.0,68.6,0.0,27.2,0.444,443.0,3.393,0.0,10.5,0.0,0.028,3.08,99.0,2.247,4.519,0.813,295.0,297.0,8.8,0.1,0.0147,186.0,0.37,0.201,17.2,0.0,0.0,0.183,0.0,0.0,0.86,0.0083,2.7,2.15,Snack,Generic,True,"Crackers, whole-wheat, low salt",Generic
172824,Cinnamon Danish Pastry,Baked Products,71.0,44.6,21.0,0.0,0.1,403.0,5.681,0.0,1.2,0.0,0.033,0.78,19.0,0.362,1.1,0.396,107.0,125.0,7.0,0.1,0.0,371.0,0.0,0.18,22.4,0.004,0.0001,0.038,0.2,0.0,0.0,0.0,24.3,0.72,Snack,Generic,True,"Danish pastry, cinnamon, unenriched",Western
172827,Lemon Danish Pastry,Baked Products,46.0,47.8,40.0,0.0,0.065,371.0,2.826,0.0,1.9,0.0,0.016,0.75,15.0,0.253,0.769,0.634,89.0,83.0,5.4,0.092,0.0,354.0,0.0,0.065,18.5,0.053,8.999999999999999e-05,0.04,3.9,0.0,0.0,0.0,27.1,0.54,Snack,Generic,True,"Danish pastry, lemon, unenriched",Western
172828,Plain English Muffins,Baked Products,174.0,46.0,0.0,0.0,0.129,235.0,0.259,0.0,2.7,0.0,0.037,0.89,21.0,0.357,1.566,0.446,133.0,131.0,7.7,0.154,0.0,464.0,0.0,0.181,1.8,0.0,4e-05,0.043,0.0,0.0,0.0,0.0,42.1,0.7,Snack,Generic,True,"English muffins, plain, unenriched, with calcium propionate (includes sourdough)",Western
172830,BBQ Rotisserie Chicken Wings,Poultry Products,33.0,0.6,129.0,58.2,0.057,257.0,4.627,0.164,0.0,0.0,0.008,0.93,23.0,0.01,7.454,0.321,251.0,285.0,23.42,0.161,0.0382,579.0,0.6,0.078,18.04,0.026,0.00045,0.212,0.0,0.0,0.12,0.0,57.23,1.57,Main Course,Generic,True,"Chicken, broiler, rotisserie, BBQ, wing, meat and skin",Generic
172862,Braised Dark Meat Chicken Thighs,Poultry Products,12.0,0.21,125.0,58.0,0.047,215.0,3.881,0.08,0.0,0.0,0.004,0.98,21.0,0.016,5.679,0.0,183.0,259.0,20.7,0.119,0.0247,185.0,0.0,0.074,14.62,0.015,0.00032,0.273,0.0,0.0003,0.23,0.0003,63.97,1.6,Main Course,Generic,True,"Chicken, dark meat, thigh, meat and skin, with added solution, cooked, braised",Generic
172877,Roasted Turkey Thigh,Poultry Products,4.0,0.46,116.0,103.8,0.094,159.0,2.02,0.089,0.0,0.0,0.008,1.59,23.0,0.006,6.903,1.2,200.0,296.0,25.14,0.323,0.0293,104.0,0.0,0.05,6.25,0.006,0.00163,0.484,0.0,0.0003,0.07,0.0,66.98,3.26,Main Course,Generic,True,"Turkey, retail parts, thigh, meat only, cooked, roasted",Western
172935,Cooked Beef Salami,Sausages and Luncheon Meats,6.0,1.9,71.0,57.5,0.19,261.0,9.865,0.0,0.0,0.0412,0.002,2.2,13.0,0.046,3.238,0.95,205.0,188.0,12.6,0.189,0.0146,1140.0,1.5,0.103,22.2,0.0,0.00306,0.18,0.0,0.0012,0.19,0.0013,60.0,1.77,Main Course,Generic,True,"Salami, cooked, beef",Western
172937,Cooked Turkey Salami,Sausages and Luncheon Meats,40.0,1.55,76.0,53.1,0.19,172.0,2.783,0.0,0.1,0.0412,0.01,1.25,22.0,0.02,3.979,1.074,266.0,216.0,19.2,0.303,0.0264,1107.0,1.12,0.426,9.21,0.002,0.00099,0.427,0.0,0.0006,0.24,0.0013,68.8,2.32,Main Course,Generic,True,"Salami, cooked, turkey",Western
172941,Sliced Turkey Breast,Sausages and Luncheon Meats,14.0,2.2,49.0,30.1,0.024,106.0,0.906,0.029,0.0,0.0,0.004,0.42,19.0,0.016,7.15,0.32,249.0,371.0,14.81,0.145,0.013,898.0,0.91,0.038,3.77,0.0,0.00037,0.41,0.0,0.0002,0.13,0.0,75.98,0.94,Main Course,Generic,True,"Turkey breast, sliced, prepackaged",Generic
172943,Beef Honey Roll Sausage,Sausages and Luncheon Meats,9.0,2.18,50.0,0.0,0.1,182.0,4.08,0.0,0.0,0.0,0.004,2.2,16.0,0.037,4.165,0.49,137.0,291.0,18.58,0.182,0.0156,1322.0,0.0,0.08,10.5,0.0,0.00235,0.27,0.0,0.001,0.0,0.0,64.78,3.25,Main Course,Generic,True,"Honey roll sausage, beef",Western
172952,Sweet Italian Sausage,Sausages and Luncheon Meats,25.0,2.1,30.0,0.0,0.04,149.0,3.257,0.0,0.0,0.0,0.004,1.19,12.0,0.007,1.736,0.277,103.0,194.0,16.13,0.125,0.0108,570.0,0.0,0.172,8.42,0.0,0.00104,0.187,0.2,0.0,0.0,0.0,71.6,1.52,Main Course,Generic,True,"Sausage, Italian, sweet, links",Western
172953,Hot Polish Sausage,Sausages and Luncheon Meats,12.0,3.6,66.0,0.0,0.09,259.0,8.01,0.0,0.0,0.0,0.002,0.88,14.0,0.049,3.443,0.45,136.0,237.0,17.6,0.148,0.0177,1540.0,0.0,0.502,19.4,0.0,0.00098,0.19,0.0,0.0,0.0,0.0,55.2,1.93,Main Course,Generic,True,"Sausage, Polish, beef with chicken, hot",Western
172962,Sliced Mesquite Chicken Breast,Sausages and Luncheon Meats,4.0,2.25,36.0,0.0,0.23,80.0,0.13,0.0,0.0,0.0,0.001,0.3,36.0,0.034,2.742,0.193,256.0,316.0,16.8,0.023,0.0060999999999999,1040.0,0.2,0.014,0.39,0.0,7.000000000000001e-05,0.12,0.0,0.0,0.0,0.0,76.73,0.6,Main Course,Generic,True,"Chicken breast, fat-free, mesquite flavor, sliced",Generic
172963,Oven-Roasted Chicken Breast,Sausages and Luncheon Meats,6.0,2.17,36.0,0.0,0.034,79.0,0.13,0.0,0.0,0.0,0.001,0.32,9.0,0.043,3.428,0.241,60.0,67.0,16.79,0.029,0.0076,1087.0,0.1,0.018,0.39,0.0,8.999999999999999e-05,0.15,0.0,0.0,0.0,0.0,76.71,0.3,Main Course,Generic,True,"Chicken breast, oven-roasted, fat-free, sliced",Generic
173006,Rice and Wheat Cereal Bar,Snacks,31.0,72.73,0.0,22.4,0.185,409.0,0.0,0.0,1.8,0.0,0.015,2.56,46.0,1.407,9.091,0.064,136.0,143.0,9.09,0.773,0.0249,428.0,31.8,0.682,9.09,0.0,0.0,0.909,0.0,0.0,2.94,0.0012,7.5,1.78,Snack,Generic,True,Rice and Wheat cereal bar,Generic
173021,Fresh Figs,Fruits and Fruit Juices,35.0,19.18,0.0,4.7,0.07,74.0,0.06,0.0,2.9,0.0,0.006,0.37,17.0,0.128,0.4,0.3,14.0,232.0,0.75,0.05,0.0002,1.0,16.26,0.06,0.3,0.007,0.0,0.113,2.0,0.0,0.11,0.0047,79.11,0.15,Snack,Generic,True,"Figs, raw",Generic
173022,Canned Figs,Fruits and Fruit Juices,28.0,13.99,0.0,3.3,0.11,53.0,0.02,0.0,2.2,0.0,0.002,0.29,10.0,0.088,0.445,0.069,10.0,103.0,0.4,0.038,0.0001,1.0,11.79,0.023,0.1,0.002,0.0,0.07,1.0,0.0,0.08,0.0033,85.21,0.12,Snack,Generic,True,"Figs, canned, water pack, solids and liquids",Generic
173023,Canned Figs in Syrup,Fruits and Fruit Juices,27.0,17.95,0.0,4.2,0.108,69.0,0.02,0.0,1.8,0.0,0.002,0.29,10.0,0.086,0.437,0.069,10.0,102.0,0.39,0.038,0.0002,1.0,16.15,0.022,0.1,0.002,0.0,0.07,1.0,0.0,0.1,0.0042,81.26,0.11,Snack,Generic,True,"Figs, canned, light syrup pack, solids and liquids",Generic
173024,Canned Figs in Syrup,Fruits and Fruit Juices,27.0,22.9,0.0,5.3,0.106,88.0,0.02,0.0,2.2,0.0,0.002,0.28,10.0,0.084,0.428,0.069,10.0,99.0,0.38,0.037,0.0002,1.0,20.7,0.022,0.1,0.002,0.0,0.07,1.0,0.0,0.12,0.0053,76.33,0.11,Snack,Generic,True,"Figs, canned, heavy syrup pack, solids and liquids",Generic
173025,Sweet Canned Figs in Syrup,Fruits and Fruit Juices,26.0,27.86,0.0,0.0,0.103,107.0,0.02,0.0,0.0,0.0,0.0,0.28,10.0,0.083,0.419,0.069,10.0,97.0,0.38,0.036,0.0,1.0,0.0,0.022,0.1,0.002,0.0,0.0,1.0,0.0,0.0,0.0,71.39,0.11,Snack,Generic,True,"Figs, canned, extra heavy syrup pack, solids and liquids",Generic
173030,Raw Gooseberries,Fruits and Fruit Juices,25.0,10.18,0.0,0.0,0.07,44.0,0.038,0.0,4.3,0.0,0.006,0.31,10.0,0.144,0.3,0.286,27.0,198.0,0.88,0.03,0.0006,1.0,0.0,0.04,0.58,0.015,0.0,0.08,27.7,0.0,0.37,0.0,87.87,0.12,Snack,Generic,True,"Gooseberries, raw",Generic
173031,Canned Gooseberries,Fruits and Fruit Juices,16.0,18.75,0.0,0.0,0.217,73.0,0.013,0.0,2.4,0.0,0.003,0.33,6.0,0.177,0.153,0.138,7.0,77.0,0.65,0.053,0.0004,2.0,0.0,0.02,0.2,0.007,0.0,0.012,10.0,0.0,0.0,0.0,80.1,0.11,Snack,Generic,True,"Gooseberries, canned, light syrup pack, solids and liquids",Generic
173033,Pink Grapefruit,Fruits and Fruit Juices,12.0,8.08,0.0,7.7,0.047,32.0,0.014,0.0,1.1,0.001,0.01,0.09,8.0,0.012,0.25,0.283,8.0,139.0,0.63,0.02,0.0003,0.0,6.98,0.036,0.1,0.046,0.0,0.042,34.4,0.0,0.13,0.0,90.89,0.07,Snack,Generic,True,"Grapefruit, raw, pink and red and white, all areas",Generic
173034,Fresh Florida Grapefruit,Fruits and Fruit Juices,15.0,8.19,0.0,0.0,0.056,32.0,0.014,0.0,0.0,0.0,0.009,0.05,9.0,0.011,0.2,0.283,7.0,150.0,0.63,0.02,0.0,0.0,0.0,0.04,0.1,0.0,0.0,0.043,37.0,0.0,0.0,0.0,90.76,0.07,Snack,Generic,True,"Grapefruit, raw, white, Florida",Generic
173035,Canned Grapefruit,Fruits and Fruit Juices,15.0,9.15,0.0,5.1,0.067,36.0,0.014,0.0,0.4,0.0,0.009,0.41,10.0,0.007,0.249,0.12,10.0,132.0,0.58,0.021,0.0009,2.0,8.75,0.039,0.1,0.0,0.0,0.02,21.8,0.0,0.09,0.0,89.85,0.09,Snack,Generic,True,"Grapefruit, sections, canned, water pack, solids and liquids",Generic
173036,Canned Grapefruit Sections,Fruits and Fruit Juices,15.0,9.21,0.0,5.1,0.037,37.0,0.012,0.0,0.4,0.0,0.009,0.21,11.0,0.007,0.249,0.12,12.0,169.0,0.7,0.018,0.0009,7.0,8.8,0.029,0.09,0.0,0.0,0.02,33.9,0.0,0.09,0.0,89.67,0.08,Snack,Generic,True,"Grapefruit, sections, canned, juice pack, solids and liquids",Generic
173037,Canned Grapefruit Sections,Fruits and Fruit Juices,14.0,15.44,0.0,5.1,0.066,60.0,0.014,0.0,0.4,0.0,0.009,0.4,10.0,0.007,0.243,0.12,10.0,129.0,0.56,0.02,0.0009,2.0,15.04,0.038,0.1,0.0,0.0,0.02,21.3,0.0,0.09,0.0,83.59,0.08,Snack,Generic,True,"Grapefruit, sections, canned, light syrup pack, solids and liquids",Generic
173038,Pink Grapefruit Juice,Fruits and Fruit Juices,146.0,7.74,0.0,6.4,0.026,39.0,0.173,0.0,0.3,0.0,0.012,0.06,9.0,0.019,0.2,0.27,16.0,132.0,0.51,0.03,0.0,2.0,7.96,0.038,0.68,0.016,0.0,0.044,22.2,0.0,0.2,0.0,90.77,0.04,Drink,Generic,True,"Grapefruit juice, pink or red, with added calcium",Generic
173039,Raw White Grapefruit Juice,Fruits and Fruit Juices,9.0,9.2,0.0,7.7,0.033,39.0,0.014,0.0,0.1,0.0,0.01,0.2,12.0,0.02,0.2,0.189,15.0,162.0,0.5,0.02,0.0001,1.0,9.1,0.04,0.1,0.001,0.0,0.044,38.0,0.0,0.22,0.0,90.0,0.05,Drink,Generic,True,"Grapefruit juice, white, raw",Generic
173041,Unsweetened Grape Juice,Fruits and Fruit Juices,11.0,14.77,0.0,3.2,0.018,60.0,0.025,0.0,0.2,0.138,0.0,0.25,10.0,0.239,0.133,0.048,14.0,104.0,0.37,0.015,0.0,5.0,14.2,0.017,0.13,0.0,0.0,0.032,25.0,0.0,0.0,0.0004,84.51,0.07,Drink,Generic,True,"Grape juice, canned or bottled, unsweetened, with added ascorbic acid",Generic
173042,Unsweetened Grape Juice,Fruits and Fruit Juices,11.0,14.77,0.0,3.2,0.018,60.0,0.025,0.0,0.2,0.138,0.0,0.25,10.0,0.239,0.133,0.048,14.0,104.0,0.37,0.015,0.0,5.0,14.2,0.017,0.13,0.0,0.0,0.032,0.1,0.0,0.0,0.0004,84.51,0.07,Drink,Generic,True,"Grape juice, canned or bottled, unsweetened, without added ascorbic acid",Generic
173044,Common Guavas,Fruits and Fruit Juices,18.0,14.32,0.0,7.6,0.23,68.0,0.272,0.0,5.4,0.0,0.049,0.26,22.0,0.15,1.084,0.451,40.0,417.0,2.55,0.04,0.0006,2.0,8.92,0.067,0.95,0.031,0.0,0.11,228.3,0.0,0.73,0.0026,80.8,0.23,Snack,Generic,True,"Guavas, common, raw",Generic
173046,Roasted Top Loin Beef,Beef Products,17.0,0.82,81.0,0.0,0.094,195.0,3.014,0.444,0.0,0.0,0.007,2.02,25.0,0.0,8.359,0.0,232.0,371.0,28.33,0.145,0.0342,62.0,0.0,0.075,8.76,0.002,0.00409,0.59,0.0,0.0001,0.0,0.0016,60.91,5.61,Main Course,Generic,True,"Beef, top loin petite roast, boneless, separable lean only, trimmed to 1/8"" fat, all grades, cooked, roasted",Western
173047,Top Loin Roast,Beef Products,17.0,0.88,79.0,0.0,0.094,206.0,3.498,0.502,0.0,0.0,0.007,2.02,25.0,0.0,8.33,0.0,231.0,371.0,28.24,0.145,0.0346,62.0,0.0,0.075,9.97,0.001,0.00372,0.588,0.0,0.0001,0.0,0.0016,59.74,5.6,Snack,Generic,False,"Beef, top loin petite roast, boneless, separable lean only, trimmed to 1/8"" fat, choice, cooked, roasted",Western
173048,Roasted Beef Loin,Beef Products,22.0,0.74,85.0,0.0,0.082,179.0,2.29,0.356,0.0,0.0,0.007,1.85,26.0,0.0,8.324,0.0,245.0,396.0,28.48,0.151,0.0337,64.0,0.0,0.081,6.95,0.002,0.00465,0.629,0.0,0.0001,0.0,0.0016,62.67,5.52,Main Course,Generic,True,"Beef, top loin petite roast, boneless, separable lean only, trimmed to 1/8"" fat, select, cooked, roasted",Western
173054,Grilled Ribeye Cap Steak,Beef Products,7.0,1.53,76.0,0.0,0.154,246.0,5.566,0.582,0.0,0.0,0.006,3.07,25.0,0.0,3.714,0.0,220.0,351.0,24.66,0.246,0.032,86.0,0.0,0.07,15.7,0.002,0.00315,0.375,0.0,0.0001,0.0,0.0016,57.18,9.71,Main Course,Generic,False,"Beef, ribeye cap steak, boneless, separable lean only, trimmed to 0"" fat, all grades, cooked, grilled",Western
173055,Grilled Ribeye Cap Steak,Beef Products,7.0,1.81,78.0,0.0,0.154,259.0,5.961,0.622,0.0,0.0,0.006,3.06,25.0,0.0,3.651,0.0,219.0,349.0,24.24,0.242,0.032,86.0,0.0,0.069,17.21,0.002,0.00302,0.369,0.0,0.0001,0.0,0.0016,55.8,9.67,Main Course,Generic,False,"Beef, ribeye cap steak, boneless, separable lean only, trimmed to 0"" fat, choice, cooked, grilled",Western
173056,Grilled Ribeye Cap Steak,Beef Products,6.0,1.1,73.0,0.0,0.127,226.0,4.974,0.522,0.0,0.0,0.006,3.22,24.0,0.0,4.057,0.0,219.0,346.0,25.28,0.382,0.0322,79.0,0.0,0.079,13.43,0.002,0.00336,0.41,0.0,0.0001,0.0,0.0016,59.26,9.99,Main Course,Generic,False,"Beef, ribeye cap steak, boneless, separable lean only, trimmed to 0"" fat, select, cooked, grilled",Western
173061,Grilled Top Sirloin Steak,Beef Products,7.0,0.8,84.0,0.0,0.159,242.0,5.35,0.704,0.0,0.0,0.006,3.16,26.0,0.0,3.916,0.0,226.0,361.0,26.0,0.26,0.0356,89.0,0.0,0.074,15.0,0.007,0.00277,0.396,0.0,0.0002,0.0,0.0016,57.1,9.99,Main Course,Generic,False,"Beef, loin, top sirloin cap steak, boneless, separable lean and fat, trimmed to 1/8"" fat, all grades, cooked, grilled",Generic
173063,Grilled Top Loin Beef,Beef Products,7.0,0.6,86.0,0.0,0.166,239.0,4.817,0.698,0.0,0.0,0.007,3.3,27.0,0.0,4.127,0.0,236.0,376.0,27.4,0.273,0.0339,93.0,0.0,0.078,14.1,0.007,0.00396,0.417,0.0,0.0002,0.0,0.0016,56.8,10.42,Main Course,Generic,False,"Beef, top loin filet, boneless, separable lean and fat, trimmed to 1/8"" fat, all grades, cooked, grilled",Western
173064,Grilled Top Loin Filet,Beef Products,7.0,0.6,85.0,0.0,0.162,253.0,5.454,0.776,0.0,0.0,0.007,3.23,26.0,0.0,4.037,0.0,231.0,368.0,26.8,0.267,0.0343,91.0,0.0,0.076,15.9,0.007,0.00363,0.408,0.0,0.0002,0.0,0.0016,55.6,10.21,Main Course,Generic,False,"Beef, top loin filet, boneless, separable lean and fat, trimmed to 1/8"" fat, choice, cooked, grilled",Western
173065,Grilled Top Loin Beef,Beef Products,6.0,0.4,87.0,0.0,0.138,219.0,3.862,0.581,0.0,0.0,0.007,3.52,27.0,0.0,4.542,0.0,239.0,378.0,28.3,0.427,0.0334,86.0,0.0,0.088,11.6,0.007,0.00444,0.459,0.0,0.0001,0.0,0.0016,58.6,10.9,Main Course,Generic,False,"Beef, top loin filet, boneless, separable lean and fat, trimmed to 1/8"" fat, select, cooked, grilled",Western
173089,New Zealand Beef Ribs,Beef Products,18.0,0.09,69.0,0.0,0.058,197.0,3.585,0.183,0.0,0.0,0.0,2.21,22.0,0.008,5.053,0.389,204.0,363.0,27.23,0.117,0.0035,58.0,0.0,0.026,9.74,0.009,0.00115,0.266,0.0,0.0003,0.93,0.0,61.82,4.9,Main Course,Generic,True,"Beef, New Zealand, imported, ribs prepared, cooked, fast roasted",Western
173094,Cooked New Zealand Tenderloin,Beef Products,4.0,0.27,81.0,0.0,0.18,200.0,3.596,0.175,0.0,0.0,0.0,3.01,31.0,0.015,5.003,0.82,259.0,427.0,29.37,0.21,0.0057,45.0,0.0,0.058,9.01,0.013,0.00197,0.23,0.0,0.0002,0.81,0.0,59.69,3.34,Main Course,Generic,True,"Beef, New Zealand, imported, tenderloin, separable lean only, cooked, fast fried",Western
173101,Fast Roasted New Zealand Beef,Beef Products,6.0,0.03,91.0,0.0,0.069,286.0,7.012,0.478,0.0,0.0,0.0,2.2,22.0,0.004,3.889,0.405,195.0,338.0,27.79,0.137,0.0062,49.0,0.0,0.066,19.45,0.011,0.0013,0.281,0.0,0.0004,0.36,0.0,52.86,4.56,Main Course,Generic,True,"Beef, New Zealand, imported, cube roll, separable lean and fat, cooked, fast roasted",Western
173104,Cooked Braised Beef,Beef Products,7.0,0.07,88.0,0.0,0.106,196.0,2.948,0.195,0.0,0.0,0.0,2.6,19.0,0.011,2.611,0.187,150.0,211.0,29.82,0.113,0.0021,43.0,0.0,0.021,8.5,0.008,0.00121,0.139,0.0,0.0002,0.7,0.0,61.87,5.85,Main Course,Generic,True,"Beef, New Zealand, imported, hind shin, separable lean and fat, cooked, braised",Western
173108,Cooked New Zealand Tenderloin,Beef Products,4.0,0.27,81.0,0.0,0.18,202.0,3.729,0.188,0.0,0.0,0.0,2.99,30.0,0.015,4.985,0.817,258.0,425.0,29.26,0.209,0.0057,45.0,0.0,0.058,9.35,0.013,0.00196,0.229,0.0,0.0002,0.81,0.0,59.47,3.33,Main Course,Generic,True,"Beef, New Zealand, imported, tenderloin, separable lean and fat, cooked, fast fried",Western
173131,94% Fat Free Popcorn,Snacks,14.0,76.04,0.0,13.0,0.262,402.0,1.184,0.885,13.6,0.0,0.018,2.87,124.0,1.085,2.099,0.0,304.0,284.0,10.72,0.151,0.0069,571.0,0.65,0.07,6.1,0.013,0.0,0.21,0.0,0.0,0.41,0.0011,4.22,2.8,Snack,Generic,False,"Snacks, popcorn, microwave, 94% fat free",Generic
173136,SNICKERS Marathon Energy Bar,Snacks,754.0,50.3,4.0,18.0,0.452,386.0,4.753,0.151,6.7,0.0,1.334,16.31,317.0,1.058,45.249,22.624,455.0,351.0,21.91,3.343,0.0045,383.0,28.71,2.949,10.79,0.062,0.01091,4.525,489.9,0.0045,27.53,0.0018,14.0,11.88,Snack,Generic,True,"Formulated bar, MARS SNACKFOOD US, SNICKERS MARATHON Energy Bar, all flavors",Generic
173137,Chocolate Power Bar,Snacks,504.0,69.63,0.0,18.4,1.43,363.0,1.32,0.01,5.7,0.0,1.046,11.7,248.0,1.61,32.6,15.9,614.0,362.0,14.15,1.92,0.0078,308.0,30.07,8.06,3.11,0.0,0.0056,2.2,92.3,0.0,8.28,0.0011,9.83,9.96,Snack,Generic,True,"Formulated bar, POWER BAR, chocolate",Generic
173139,Milk Chocolate Peanut Meal Bar,Snacks,668.0,60.21,7.0,40.6,0.284,386.0,5.36,0.208,5.1,0.0,0.725,4.98,250.0,0.743,21.2,10.1,673.0,289.0,16.19,1.9,0.0467,253.0,25.0,1.7,8.92,0.94,0.0079,2.1,96.6,0.0054,6.0,0.1293,10.87,5.73,Snack,Generic,True,"Formulated bar, SLIM-FAST OPTIMA meal bar, milk chocolate peanut",Generic
173140,Salted Soy Chips,Snacks,171.0,53.15,0.0,110.9,2.456,385.0,1.102,0.0,3.5,0.0,0.24,5.2,170.0,2.039,2.978,1.395,7.0,7.0,26.5,0.349,0.0121,842.0,1.8,0.333,7.35,0.0,0.0,0.513,0.0,0.0,1.01,0.0119,8.5,1.5,Snack,Generic,True,"Snacks, soy chips or crisps, salted",Generic
173141,Microwave Popcorn,Snacks,23.0,57.26,0.0,15.4,0.204,535.0,14.598,0.853,10.0,0.0,0.015,2.06,110.0,0.772,1.615,0.201,275.0,393.0,8.38,0.06,0.0059,763.0,0.3,0.047,30.22,0.009,0.0,0.31,0.0,0.0,2.91,0.0043,0.9,2.32,Snack,Generic,False,"Popcorn, microwave, regular (butter) flavor, made with palm oil",Generic
173142,Salted Plantain Chips,Snacks,9.0,63.84,0.0,0.0,0.198,531.0,8.337,0.185,3.5,0.0,0.035,0.97,71.0,0.276,0.802,1.1,78.0,786.0,2.28,0.04,0.0004,202.0,0.92,0.065,29.59,0.069,0.0,0.46,32.1,0.0,5.04,0.0286,2.09,0.37,Snack,Generic,True,"Snacks, plantain chips, salted",Generic
173143,Salted Tortilla Chips,Snacks,104.0,67.38,0.0,19.1,0.105,497.0,2.776,0.066,4.7,0.0,0.022,1.32,84.0,0.357,1.498,0.411,234.0,206.0,6.62,0.043,0.0084,310.0,1.21,0.13,22.33,0.008,0.0,0.202,0.0,0.0,2.97,0.0006,1.94,1.46,Snack,Generic,True,"Tortilla chips, yellow, plain, salted",Generic
173144,Crunchy Granola Bars,Snacks,434.0,59.58,0.0,43.8,0.79,393.0,4.687,0.001,5.9,0.0004,0.264,5.2,86.0,1.108,1.888,0.316,263.0,300.0,17.88,0.179,0.0060999999999999,486.0,27.3,0.259,9.23,0.05,0.00322,1.073,19.3,0.0,10.27,0.0017,9.43,4.83,Snack,Generic,True,"Snacks, granola bar, KASHI GOLEAN, crunchy, mixed flavors",Generic
173145,Reduced Sugar Granola Bars,Snacks,417.0,69.4,0.0,15.5,0.163,412.0,5.008,0.0,3.1,0.0001,0.017,2.03,48.0,1.133,1.049,0.418,159.0,199.0,5.55,0.116,0.0057,312.0,20.8,0.19,12.5,0.0,8.999999999999999e-05,0.089,0.1,0.0,1.52,0.0023,11.65,1.34,Snack,Generic,True,"Snacks, granola bar, chewy, reduced sugar, all flavors",Generic
173146,Granola Bites,Snacks,41.0,66.27,0.0,31.2,0.247,451.0,9.888,0.0,5.7,0.0003,0.038,1.56,69.0,1.682,2.318,0.45,216.0,285.0,7.17,0.146,0.02,167.0,30.0,0.199,17.5,0.002,7.000000000000001e-05,0.143,0.2,0.0,2.51,0.0091,7.88,1.92,Snack,Generic,True,"Snacks, granola bites, mixed flavors",Generic
173147,Salted Pita Chips,Snacks,17.0,68.26,0.0,9.1,0.141,457.0,1.342,0.038,3.8,0.0001,0.215,4.59,37.0,0.656,7.043,0.5,124.0,129.0,11.79,0.307,0.0331,854.0,4.76,0.56,15.2,0.0,0.0,0.109,0.0,0.0,6.93,0.0012,2.0,0.96,Snack,Generic,True,"Snacks, pita chips, salted",Generic
173149,Chewy Oats and Chocolate Bar,Snacks,250.0,69.82,0.0,12.4,0.262,389.0,3.397,0.007,22.5,0.0,0.043,0.9,190.0,3.407,7.903,1.755,419.0,447.0,5.0,0.091,0.0089,237.0,25.0,0.688,10.0,0.0,0.0,0.963,1.2,0.0,1.47,0.0026,12.04,1.96,Snack,Generic,True,"Formulated bar, high fiber, chewy, oats and chocolate",Generic
173150,Plain Bagel Chips,Snacks,24.0,66.36,0.0,17.8,0.167,451.0,6.835,0.057,4.1,0.0,0.22,5.05,39.0,0.672,7.66,0.467,131.0,140.0,12.34,0.337,0.0362,233.0,6.02,0.523,15.14,0.0,0.0,0.117,0.0,0.0,0.81,0.0052,5.05,1.0,Snack,Generic,True,"Snacks, bagel chips, plain",Generic
173151,Nutri-Grain Fruit and Nut Bar,Snacks,65.0,66.72,0.0,24.0,0.436,403.0,1.93,0.0,7.5,0.0002,0.203,5.65,105.0,1.441,6.442,0.261,290.0,328.0,9.38,0.616,0.0113,195.0,32.45,0.465,10.93,0.267,0.00116,0.612,0.2,0.0008,3.72,0.0012,11.26,3.28,Snack,Generic,True,"Snacks, NUTRI-GRAIN FRUIT AND NUT BAR",Generic
173152,Salted Yucca Chips,Snacks,52.0,69.23,0.0,0.0,0.115,515.0,8.689,0.15,3.7,0.0,0.0,0.72,46.0,0.282,1.197,0.89,99.0,868.0,1.34,0.027,0.0049,296.0,3.36,0.05,25.91,0.0,0.0,0.13,0.0,0.0,2.78,0.0053,2.8,0.85,Snack,Generic,True,"Snacks, yucca (cassava) chips, salted",Generic
173153,Chewy Trail Mix Granola Bar,Snacks,116.0,72.27,0.0,28.6,0.226,415.0,1.435,0.0,3.8,0.0002,0.142,8.71,63.0,1.057,5.443,0.422,168.0,189.0,5.71,0.391,0.0105,185.0,42.86,0.64,11.43,0.302,0.0,0.52,0.1,0.0,2.66,0.0075,9.3,1.35,Snack,Generic,True,"Snacks, granola bar, GENERAL MILLS, NATURE VALLEY, CHEWY TRAIL MIX",Generic
173154,Granola Bars,Snacks,65.0,64.96,0.0,20.2,0.217,480.0,8.693,0.0,3.2,0.0007,0.012,1.16,55.0,1.138,1.007,0.393,162.0,231.0,7.52,0.097,0.0146,269.0,37.61,0.132,20.42,0.004,6e-05,0.115,0.3,0.0001,4.19,0.002,5.56,1.2,Snack,Generic,True,"Snacks, granola bar, QUAKER, DIPPS, all flavors",Generic
173155,Brown Rice Chips,Snacks,11.0,81.5,0.0,24.3,0.445,384.0,0.642,0.0,4.2,0.0,0.021,1.49,131.0,3.73,7.806,1.0,360.0,290.0,8.2,0.165,0.0246,326.0,0.6,0.061,2.8,0.0,0.0,0.15,0.0,0.0,6.54,0.0065,5.8,3.0,Snack,Generic,True,"Snacks, brown rice chips",Generic
173156,Chocolate Coated Pretzels,Snacks,141.0,70.07,0.0,39.7,0.262,467.0,8.611,0.0,3.5,0.0021,0.114,2.54,35.0,0.452,2.398,0.364,128.0,199.0,7.05,0.317,0.0145,494.0,38.8,0.36,17.64,0.025,0.00032,0.031,0.0,0.0,0.62,0.0111,3.06,1.33,Snack,Generic,True,"Snack, Pretzel, hard chocolate coated",Generic
173157,Wasabi Peas,Snacks,123.0,62.2,0.0,57.9,0.444,432.0,5.29,0.0,3.8,0.0,0.138,3.8,102.0,1.254,5.06,0.479,270.0,732.0,14.11,0.314,0.0072,300.0,14.11,0.614,14.11,0.077,0.0,0.548,0.0,0.0,2.31,0.0503,6.93,3.31,Snack,Generic,True,"Snacks, peas, roasted, wasabi-flavored",Asian
173158,South Beach Protein Bar,Snacks,322.0,38.4,3.0,108.2,0.846,412.0,3.384,0.091,7.3,0.0,0.184,5.4,71.0,1.024,1.268,1.987,445.0,793.0,30.34,0.437,0.009,436.0,15.17,0.176,15.17,0.391,0.00061,0.226,27.9,0.0,4.61,0.3506,12.16,2.39,Snack,Generic,True,"Formulated Bar, SOUTH BEACH protein bar",Generic
173160,Shrimp Crackers,Snacks,20.0,59.09,2.0,17.6,0.221,426.0,5.357,0.066,5.6,0.0087,0.023,1.91,72.0,2.14,2.631,0.321,191.0,193.0,7.14,0.091,0.0331,571.0,21.43,0.264,17.86,0.0,2e-05,0.216,0.0,0.0,3.28,0.0128,13.6,1.38,Snack,Generic,True,"Snacks, shrimp cracker",Asian
173161,Rice Crackers,Snacks,0.0,82.64,0.0,33.4,0.301,416.0,0.0,0.002,0.0,0.0,0.022,0.0,156.0,4.071,5.537,1.624,362.0,243.0,10.0,0.101,0.0255,233.0,0.0,0.436,5.0,0.0,0.0,0.554,0.0,0.0,1.26,0.0021,0.11,2.2,Snack,Generic,True,Rice crackers,Asian
173173,Orange Mango Beverage,Beverages,9.0,9.2,0.0,5.7,0.044,38.0,0.007,0.0,0.2,0.0,0.044,0.1,10.0,0.0,0.204,0.0,16.0,192.0,0.68,0.018,0.0001,10.0,9.0,0.08,0.06,0.02,0.0,0.16,24.0,0.0,1.08,0.0001,87.97,0.05,Drink,Generic,True,"Beverages, FUZE, orange mango, fortified with vitamins A, C, E, B6",Generic
173175,Acai Berry Drink,Beverages,19.0,12.83,0.0,0.0,0.076,62.0,0.0,0.0,1.2,0.0,0.004,0.16,11.0,1.66,9.06,3.333,13.0,130.0,0.83,0.04,0.0,13.0,11.1,0.03,0.83,0.485,0.0034,1.1,42.1,0.0,11.11,0.0167,84.88,0.11,Drink,Generic,True,"Beverages, Acai berry drink, fortified",Generic
173187,Unsweetened Chocolate Almond Milk,Beverages,188.0,1.25,0.0,0.0,0.029,21.0,0.0,0.0,0.4,0.0,0.001,0.45,10.0,0.0,0.075,0.0,17.0,96.0,0.83,0.047,0.0002,75.0,0.0,0.06,1.46,0.062,0.0,0.015,0.0,0.001,4.19,0.0,95.78,0.07,Drink,Generic,True,"Beverages, chocolate almond milk, unsweetened, shelf-stable, fortified with vitamin D2 and E",Generic
173206,Caffeine-Free Lemon-Lime Soda,Beverages,2.0,10.14,0.0,0.4,0.001,40.0,0.0,0.0,0.0,0.0559,0.0,0.11,1.0,0.002,0.015,0.0,0.0,1.0,0.05,0.0,0.0,9.0,8.98,0.0,0.02,0.0,0.0,0.0,0.0,0.0,0.0,0.0,89.78,0.04,Drink,Generic,True,"Beverages, carbonated, SPRITE, lemon-lime, without caffeine",Generic
173223,Orange Apricot Juice Drink,Beverages,5.0,12.7,0.0,0.5,0.032,51.0,0.01,0.0,0.1,0.0492,0.007,0.1,5.0,0.009,0.2,0.068,8.0,80.0,0.3,0.01,0.0001,2.0,12.06,0.02,0.1,0.009,0.0,0.037,20.0,0.0,0.11,0.0001,86.7,0.04,Drink,Generic,True,"Beverages, orange and apricot juice drink, canned",Generic
173224,Pineapple Grapefruit Juice,Beverages,7.0,11.6,0.0,0.5,0.045,47.0,0.006,0.0,0.1,0.0492,0.009,0.31,6.0,0.413,0.267,0.053,6.0,61.0,0.2,0.016,0.0001,14.0,11.52,0.03,0.1,0.0,0.0,0.042,46.0,0.0,0.01,0.0001,87.9,0.06,Drink,Generic,True,"Beverages, pineapple and grapefruit juice drink, canned",Generic
173226,Vanilla Shake,Beverages,115.0,19.59,23.0,27.3,0.103,148.0,3.962,0.0,0.9,0.014,0.0,0.46,13.0,0.035,0.213,0.562,98.0,166.0,3.37,0.66,0.0032,81.0,13.63,0.026,6.52,0.091,0.00022,0.06,0.0,0.0,0.25,0.0004,69.65,0.57,Drink,Generic,True,"Shake, fast food, vanilla",Generic
173228,Decaf Lemon Tea,Beverages,21.0,85.4,0.0,40.2,0.12,338.0,0.0,0.0,0.0,0.0,0.035,8.87,125.0,30.37,3.88,1.54,140.0,2568.0,3.3,0.335,0.0018,412.0,1.88,0.0,0.6,0.0,0.0,0.121,0.0,0.0,0.0,0.0,3.5,0.89,Drink,Generic,True,"Beverages, tea, instant, decaffeinated, lemon, diet",Generic
173229,Decaf Lemon Tea,Beverages,2.0,98.55,0.0,0.0,0.01,401.0,0.091,0.0,0.0,0.0,0.001,0.21,3.0,2.965,0.125,0.11,2.0,169.0,0.12,0.0,0.0006,5.0,95.29,0.011,0.73,0.0,0.0,0.015,0.0,0.0,0.0,0.0,0.13,0.03,Drink,Generic,True,"Beverages, tea, instant, decaffeinated, lemon, sweetened",Generic
173238,Plain English Muffins,Baked Products,52.0,46.0,0.0,0.0,0.129,235.0,0.259,0.0,2.7,0.0,0.037,0.89,21.0,0.357,1.566,0.446,133.0,131.0,7.7,0.154,0.0,464.0,0.0,0.181,1.8,0.0,4e-05,0.043,0.1,0.0,0.0,0.0,42.1,0.7,Snack,Generic,True,"English muffins, plain, unenriched, without calcium propionate (includes sourdough)",Western
173239,Commercial Apple Pie,Baked Products,11.0,34.0,0.0,0.0,0.046,237.0,3.797,0.0,1.6,0.0,0.004,1.21,7.0,0.182,1.123,0.119,24.0,65.0,1.9,0.158,0.0,266.0,0.0,0.134,11.0,0.029,1e-05,0.038,3.2,0.0,0.0,0.0,52.2,0.16,Snack,Generic,True,"Pie, apple, commercially prepared, unenriched flour",Western
173240,Cherry Fried Pie,Baked Products,22.0,42.6,0.0,0.0,0.047,316.0,2.457,0.0,2.6,0.0,0.029,1.22,10.0,0.224,1.425,0.11,43.0,65.0,3.0,0.106,0.0024,374.0,0.0,0.141,16.1,0.009,8e-05,0.03,1.3,0.0,0.0,0.0,37.6,0.23,Snack,Generic,True,"Pie, fried pies, cherry",Western
173241,Corn Tortillas,Baked Products,175.0,46.6,0.0,0.0,0.154,222.0,0.334,0.0,5.2,0.0,0.183,1.4,65.0,0.402,1.498,0.194,314.0,154.0,5.7,0.073,0.0,11.0,0.0,0.112,2.5,0.0,0.0,0.219,0.0,0.0,0.0,0.0,44.1,0.94,Side Dish,Generic,True,"Tortillas, ready-to-bake or -fry, corn, without added salt",Western
173243,Fat-Free Pound Cake,Baked Products,43.0,61.0,0.0,6.8,0.058,283.0,0.259,0.0,1.1,0.0,0.07,2.06,10.0,0.137,0.686,0.346,146.0,110.0,5.4,0.302,0.0053,341.0,34.34,0.125,1.2,0.029,0.0,0.012,0.0,0.0,0.01,0.0001,31.0,0.31,Snack,Generic,True,"Cake, pound, commercially prepared, fat-free",Generic
173258,Ritz Crackers,Baked Products,154.0,63.51,0.0,0.0,0.124,492.0,5.45,1.05,2.3,0.0,0.111,4.47,19.0,0.54,4.88,0.37,273.0,119.0,7.23,0.265,0.0046,882.0,8.14,0.442,23.21,0.0,0.0,0.06,0.0,0.0,3.49,0.05,3.12,0.61,Snack,Generic,False,"Nabisco, Nabisco Ritz Crackers",Generic
173263,Cooked Brown Rice,Cereal Grains and Pasta,3.0,31.33,0.0,4.4,0.129,147.0,0.213,0.0,1.7,0.0,0.0,0.53,39.0,1.14,1.903,0.275,96.0,61.0,3.09,0.07,0.0094,4.0,0.15,0.097,0.85,0.0,0.0,0.11,0.0,0.0,0.0,0.0004,64.38,0.77,Main Course,Generic,True,"Rice, brown, parboiled, cooked, UNCLE BENS",Generic
173277,Beef and Bean Burrito,Fast Foods,90.0,19.52,26.0,31.7,0.11,191.0,2.905,0.0,3.0,0.0,0.09,1.91,25.0,0.247,2.184,0.312,163.0,269.0,11.52,0.115,0.0124,570.0,2.19,0.173,7.47,0.017,0.00068,0.197,1.9,0.0001,0.45,0.0024,60.0,1.99,Main Course,Generic,True,"Fast foods, burrito, with beans and beef",Western
173278,"Bean, Cheese, and Beef Burrito",Fast Foods,90.0,23.37,12.0,27.9,0.106,180.0,2.733,0.151,3.7,0.0,0.067,1.82,23.0,0.298,2.09,0.345,131.0,204.0,7.03,0.223,0.0107,451.0,2.1,0.213,6.8,0.052,0.00027,0.097,1.3,0.0001,0.28,0.0060999999999999,60.9,0.88,Main Course,Generic,True,"Fast foods, burrito, with beans, cheese, and beef",Western
173323,"Breakfast Bagel with Steak, Egg, and Cheese",Fast Foods,93.0,22.99,130.0,82.2,0.337,282.0,5.419,0.0,0.2,0.0,0.073,2.06,22.0,0.188,3.355,0.765,204.0,145.0,15.95,0.255,0.0251,642.0,2.97,0.236,14.07,0.083,0.00127,0.132,0.0,0.0004,0.55,0.0034,44.9,2.21,Main Course,Generic,True,"Fast foods, bagel, with breakfast steak, egg, cheese, and condiments",Western
173325,Canned Macaroni and Cheese,"Meals, Entrees, and Side Dishes",35.0,11.52,6.0,5.4,0.296,82.0,0.881,0.0,0.5,0.0,0.021,0.9,9.0,0.224,1.183,0.074,47.0,84.0,3.38,0.114,0.0095,302.0,0.5,0.101,2.46,0.017,0.00015,0.037,0.0,0.0,0.05,0.0002,81.39,0.45,Main Course,Generic,True,"Macaroni and Cheese, canned entree",Western
173326,"Chicken, Broccoli, and Cheddar Hot Pocket","Meals, Entrees, and Side Dishes",152.0,30.4,29.0,29.1,0.113,235.0,2.62,0.0,1.1,0.0,0.084,2.97,18.0,0.0,3.425,0.0,168.0,188.0,8.9,0.273,0.0116,346.0,7.6,0.417,8.6,0.058,0.00035,0.095,4.9,0.0002,0.29,0.0008,50.0,0.95,Main Course,Generic,True,"HOT POCKETS, CROISSANT POCKETS Chicken, Broccoli, and Cheddar Stuffed Sandwich, frozen",Western
173329,Meat Ravioli,"Meals, Entrees, and Side Dishes",12.0,13.26,5.0,12.5,0.053,97.0,1.46,0.192,1.5,0.0,0.028,1.09,12.0,0.144,1.245,0.0,40.0,178.0,3.24,0.057,0.0096,283.0,1.97,0.057,3.41,0.014,0.00015,0.055,0.0,0.0,0.5,0.0008,79.12,0.39,Main Course,Generic,True,"Ravioli, meat-filled, with tomato sauce or meat sauce, canned",Western
173330,Canned Beef Stew,"Meals, Entrees, and Side Dishes",12.0,7.85,13.0,15.6,0.141,99.0,2.185,0.0,0.9,0.0565,0.014,2.48,8.0,0.059,1.096,0.12,42.0,163.0,4.41,0.053,0.0047,388.0,1.76,0.073,5.53,0.011,0.0005,0.087,0.7,0.0,0.27,0.0062,80.78,1.0,Main Course,Generic,True,"Beef stew, canned entree",Western
173331,Chicken Pot Pie,"Meals, Entrees, and Side Dishes",20.0,19.21,15.0,12.4,0.042,204.0,4.365,0.085,1.1,0.0,0.05,0.76,11.0,0.187,1.871,0.368,72.0,110.0,5.11,0.041,0.0054,393.0,2.26,0.104,11.85,0.034,0.00011,0.092,1.0,0.0001,0.53,0.0107,62.58,0.42,Main Course,Generic,True,"Chicken pot pie, frozen entree, prepared",Western
173332,Corned Beef Hash,"Meals, Entrees, and Side Dishes",19.0,9.27,32.0,15.6,0.0,164.0,4.32,0.0,1.1,0.0,0.007,1.0,13.0,0.084,1.572,0.403,56.0,172.0,8.73,0.05,0.0075,412.0,0.34,0.069,10.24,0.0,0.00041,0.231,0.9,0.0,0.04,0.0018,70.32,1.4,Main Course,Generic,True,"Beef, corned beef hash, with potato, canned",Western
173333,Cheese Lasagna,"Meals, Entrees, and Side Dishes",111.0,13.84,13.0,10.3,0.109,130.0,2.11,0.0,1.7,0.0,0.051,1.27,21.0,0.197,1.361,0.204,107.0,182.0,6.54,0.154,0.0262,284.0,4.23,0.114,5.33,0.046,0.00057,0.069,17.1,0.0,0.88,0.0091,72.78,0.91,Main Course,Generic,True,"Lasagna, cheese, frozen, prepared",Western
173334,Meat Lasagna,"Meals, Entrees, and Side Dishes",73.0,14.39,14.0,15.3,0.086,124.0,2.067,0.18,1.4,0.0,0.022,0.65,18.0,0.178,1.426,0.298,102.0,184.0,6.63,0.05,0.0148,347.0,2.96,0.052,4.42,0.037,0.00074,0.124,4.1,0.0,0.87,0.0059,73.1,0.79,Main Course,Generic,True,"Lasagna with meat & sauce, frozen entree",Western
173335,Beef and Bean Burrito,"Meals, Entrees, and Side Dishes",34.0,30.84,8.0,22.5,0.211,239.0,2.949,0.0,4.2,0.0,0.123,2.96,32.0,0.481,2.889,0.008,72.0,221.0,7.26,0.236,0.0107,587.0,0.7,0.393,9.61,0.011,0.0,0.09,0.8,0.0,0.64,0.0068,50.48,0.99,Main Course,Generic,True,"Burrito, beef and bean, frozen",Western
173336,Frozen Bean and Cheese Burrito,"Meals, Entrees, and Side Dishes",52.0,34.01,2.0,22.3,0.129,221.0,1.343,0.041,3.4,0.0,0.138,2.51,31.0,0.408,2.48,0.403,117.0,210.0,7.07,0.143,0.0127,351.0,3.21,0.287,6.3,0.008,8e-05,0.085,0.3,0.0,0.37,0.0076,50.99,0.71,Main Course,Generic,True,"Burrito, bean and cheese, frozen",Western
173337,Microwavable Mac and Cheese,"Meals, Entrees, and Side Dishes",57.0,13.96,20.0,0.0,0.26,134.0,3.665,0.0,0.4,0.0,0.0,0.91,13.0,0.22,1.046,0.13,97.0,72.0,5.98,0.186,0.0115,335.0,1.41,0.076,5.99,0.0,8.999999999999999e-05,0.037,0.0,0.0,0.0,0.0,72.94,0.55,Main Course,Generic,True,"Macaroni and Cheese, canned, microwavable",Western
173338,Turkey Stuffing with Mashed Potatoes,"Meals, Entrees, and Side Dishes",27.0,16.32,14.0,17.1,0.056,128.0,0.877,0.0,1.3,0.0,0.029,0.79,18.0,0.157,3.057,0.233,106.0,230.0,6.97,0.252,0.0079,326.0,4.82,0.138,3.89,0.044,0.00033,0.177,0.8,0.0001,0.24,0.0115,71.16,0.48,Main Course,Generic,True,"Turkey, stuffing, mashed potatoes w/gravy, assorted vegetables, frozen, microwaved",Western
173339,Chicken Rice Bowl,"Meals, Entrees, and Side Dishes",13.0,22.46,16.0,13.4,0.03,126.0,0.327,0.0,0.7,0.0,0.022,0.35,14.0,0.207,2.27,0.355,94.0,123.0,5.65,0.055,0.0070999999999999,333.0,4.07,0.073,1.56,0.032,0.00032,0.16,3.0,0.0,0.23,0.0038,69.09,0.38,Main Course,Generic,True,"Rice bowl with chicken, frozen entree, prepared (includes fried, teriyaki, and sweet and sour varieties)",Asian
173342,Frozen Macaroni and Cheese,"Meals, Entrees, and Side Dishes",114.0,17.28,10.0,8.3,0.051,149.0,2.608,0.153,1.1,0.0,0.007,0.57,17.0,0.216,0.739,0.388,119.0,95.0,5.6,0.057,0.0185,290.0,1.53,0.054,6.41,0.047,0.00012,0.042,0.0,0.0,0.25,0.0050999999999999,69.39,0.8,Main Course,Generic,True,"Macaroni and cheese, frozen entree",Western
173345,Corn Dogs,"Meals, Entrees, and Side Dishes",72.0,26.96,44.0,26.9,0.072,250.0,3.466,0.17,1.0,0.0,0.097,1.9,17.0,0.171,2.786,0.406,224.0,125.0,8.57,0.155,0.0276,668.0,7.54,0.141,12.02,0.048,0.00048,0.117,0.5,0.0004,0.6,0.0058,50.32,0.85,Main Course,Generic,True,"Corn dogs, frozen, prepared",Western
173346,Breaded Chicken Tenders,"Meals, Entrees, and Side Dishes",39.0,14.86,36.0,46.2,0.085,240.0,2.437,0.055,1.7,0.0,0.033,0.84,29.0,0.31,5.917,0.647,200.0,281.0,14.62,0.064,0.0193,527.0,0.57,0.132,13.58,0.007,0.0001799999999999,0.338,0.5,0.0001,2.22,0.0177,54.83,0.61,Main Course,Generic,True,"Chicken tenders, breaded, frozen, prepared",Generic
173414,Cheddar Cheese,Dairy and Egg Products,710.0,3.37,99.0,16.5,0.03,403.0,18.867,0.0,0.0,0.0,0.027,0.14,27.0,0.027,0.059,0.41,455.0,76.0,22.87,0.428,0.0285,653.0,0.48,0.029,33.31,0.337,0.0011,0.066,0.0,0.0006,0.71,0.0024,36.75,3.64,Side Dish,Generic,True,"Cheese, cheddar (Includes foods for USDA's Food Distribution Program)",Generic
173415,Cheshire Cheese,Dairy and Egg Products,643.0,4.78,103.0,0.0,0.042,387.0,19.475,0.0,0.0,0.0,0.018,0.21,21.0,0.012,0.08,0.413,464.0,95.0,23.37,0.293,0.0145,700.0,0.0,0.046,30.6,0.233,0.00083,0.074,0.0,0.0,0.0,0.0,37.65,2.79,Side Dish,Generic,True,"Cheese, cheshire",Generic
173416,Colby Cheese,Dairy and Egg Products,685.0,2.57,95.0,15.4,0.042,394.0,20.218,0.0,0.0,0.0,0.018,0.76,26.0,0.012,0.093,0.21,457.0,127.0,23.76,0.375,0.0145,604.0,0.52,0.015,32.11,0.264,0.00083,0.079,0.0,0.0006,0.28,0.0027,38.2,3.07,Side Dish,Generic,True,"Cheese, colby",Generic
173417,Low-Fat Cottage Cheese,Dairy and Egg Products,61.0,2.72,4.0,17.5,0.028,72.0,0.645,0.0,0.0,0.0316,0.012,0.14,5.0,0.003,0.128,0.215,134.0,86.0,12.39,0.165,0.009,406.0,2.72,0.021,1.02,0.011,0.00063,0.068,0.0,0.0,0.01,0.0001,82.48,0.38,Side Dish,Generic,True,"Cheese, cottage, lowfat, 1% milkfat",Generic
173418,Cream Cheese,Dairy and Egg Products,97.0,5.52,101.0,26.8,0.018,350.0,20.213,1.173,0.0,0.0,0.009,0.11,9.0,0.011,0.091,0.517,107.0,132.0,6.15,0.23,0.0086,314.0,3.76,0.023,34.44,0.308,0.00022,0.056,0.0,0.0,0.86,0.0021,52.62,0.5,Side Dish,Generic,False,"Cheese, cream",Generic
173419,Edam Cheese,Dairy and Egg Products,731.0,1.43,89.0,15.4,0.036,357.0,18.67,0.0,0.0,0.0,0.016,0.44,30.0,0.011,0.082,0.281,536.0,188.0,24.99,0.389,0.0145,973.0,0.0,0.037,28.57,0.243,0.00154,0.076,0.0,0.0005,0.24,0.0023,41.0,3.75,Side Dish,Generic,True,"Cheese, edam",Western
173420,Feta Cheese,Dairy and Egg Products,493.0,3.88,89.0,15.4,0.032,265.0,13.3,0.0,0.0,0.0,0.032,0.65,19.0,0.028,0.991,0.967,337.0,62.0,14.21,0.844,0.015,1139.0,0.0,0.154,21.49,0.125,0.0016899999999999,0.424,0.0,0.0004,0.18,0.0018,55.22,2.88,Side Dish,Generic,True,"Cheese, feta",Mediterranean
173423,Fried Egg,Dairy and Egg Products,62.0,0.83,401.0,317.1,0.078,196.0,4.323,0.041,0.0,0.0012,0.051,1.89,13.0,0.03,0.082,1.66,215.0,152.0,13.61,0.495,0.0331,207.0,0.4,0.044,14.84,0.219,0.0009699999999999,0.184,0.0,0.0022,1.31,0.0056,69.47,1.39,Main Course,Generic,True,"Egg, whole, cooked, fried",Generic
173424,Hard-Boiled Egg,Dairy and Egg Products,50.0,1.12,373.0,293.8,0.013,155.0,3.267,0.0,0.0,0.0048,0.044,1.19,10.0,0.026,0.064,1.398,172.0,126.0,12.58,0.513,0.0308,124.0,1.12,0.066,10.61,0.149,0.00111,0.121,0.0,0.0022,1.03,0.0003,74.62,1.05,Main Course,Generic,True,"Egg, whole, cooked, hard-boiled",Generic
173430,Unsalted Butter,Dairy and Egg Products,24.0,0.06,215.0,18.8,0.016,717.0,50.489,0.0,0.0,0.0028,0.003,0.02,2.0,0.004,0.042,0.11,24.0,24.0,0.85,0.034,0.001,11.0,0.06,0.005,81.11,0.684,0.00017,0.003,0.0,0.0,2.32,0.007,16.17,0.09,Side Dish,Generic,True,"Butter, without salt",Generic
173431,Shredded Parmesan Cheese,Dairy and Egg Products,1253.0,3.41,72.0,15.4,0.037,415.0,17.37,0.0,0.0,0.0,0.008,0.87,51.0,0.023,0.287,0.527,735.0,97.0,37.86,0.352,0.0238999999999999,1696.0,0.9,0.041,27.34,0.229,0.0014,0.105,0.0,0.0005,0.25,0.0019,25.0,3.19,Side Dish,Generic,True,"Cheese, parmesan, shredded",Western
173432,Nonfat Milk,Dairy and Egg Products,122.0,4.86,2.0,15.6,0.013,35.0,0.117,0.0,0.0,0.0031,0.005,0.03,11.0,0.003,0.094,0.357,101.0,156.0,3.37,0.182,0.0031,42.0,5.09,0.045,0.18,0.002,0.0005,0.037,0.0,0.0,0.01,0.0,90.84,0.42,Drink,Generic,True,"Milk, nonfat, fluid, without added vitamin A and vitamin D (fat free or skim)",Generic
173433,Semisoft Goat Cheese,Dairy and Egg Products,298.0,0.12,79.0,15.4,0.564,364.0,20.639,0.0,0.0,0.0,0.002,1.62,29.0,0.093,1.148,0.19,375.0,158.0,21.58,0.676,0.0038,415.0,0.12,0.072,29.84,0.407,0.00022,0.06,0.0,0.0005,0.26,0.0025,45.52,0.66,Side Dish,Generic,True,"Cheese, goat, semisoft type",Mediterranean
173437,Queso Asadero Cheese,Dairy and Egg Products,661.0,4.13,105.0,15.4,0.026,356.0,14.85,0.0,0.0,0.0,0.008,0.51,26.0,0.036,0.181,0.231,443.0,86.0,22.6,0.223,0.0145,607.0,0.0,0.021,25.0,0.055,0.001,0.053,0.0,0.0005,0.24,0.0024,44.16,3.02,Side Dish,Generic,True,"Cheese, mexican, queso asadero",Western
173438,Queso Chihuahua Cheese,Dairy and Egg Products,651.0,5.56,105.0,15.4,0.024,374.0,18.843,0.0,0.0,0.0,0.002,0.47,23.0,0.071,0.15,0.279,442.0,52.0,21.56,0.225,0.0145,617.0,5.56,0.018,29.68,0.056,0.00103,0.055,0.0,0.0005,0.26,0.0025,39.13,3.5,Side Dish,Generic,True,"Cheese, mexican, queso chihuahua",Western
173439,Low-Fat Cheddar Cheese,Dairy and Egg Products,415.0,1.91,21.0,15.4,0.021,173.0,4.342,0.0,0.0,0.0349,0.011,0.42,16.0,0.006,0.051,0.183,484.0,66.0,24.35,0.221,0.0145,873.0,0.52,0.012,7.0,0.06,0.00049,0.045,0.0,0.0001,0.06,0.0006,63.1,1.82,Side Dish,Generic,True,"Cheese, low fat, cheddar or colby",Western
173440,Low-Sodium Cheddar Cheese,Dairy and Egg Products,703.0,1.91,100.0,15.4,0.036,398.0,20.768,0.0,0.0,0.0349,0.018,0.72,27.0,0.011,0.086,0.311,484.0,112.0,24.35,0.375,0.0145,21.0,0.49,0.021,32.62,0.264,0.00083,0.076,0.0,0.0006,0.28,0.0027,38.98,3.09,Side Dish,Generic,True,"Cheese, low-sodium, cheddar or colby",Western
173441,1% Milk,Dairy and Egg Products,125.0,4.99,5.0,17.7,0.01,42.0,0.633,0.0,0.0,0.0026,0.005,0.03,11.0,0.003,0.093,0.361,95.0,150.0,3.37,0.185,0.0033,44.0,5.2,0.02,0.97,0.014,0.00047,0.037,0.0,0.0,0.01,0.0001,89.92,0.42,Drink,Generic,True,"Milk, fluid, 1% fat, without added vitamin A and vitamin D",Generic
173442,Reduced Fat Sour Cream,Dairy and Egg Products,141.0,7.0,35.0,19.2,0.01,181.0,8.7,0.0,0.0,0.0,0.011,0.06,11.0,0.0,0.07,0.0,85.0,211.0,7.0,0.24,0.0040999999999999,70.0,0.3,0.04,14.1,0.119,0.0003,0.02,0.9,0.0003,0.4,0.0007,71.0,0.27,Side Dish,Generic,True,"Sour cream, reduced fat",Generic
173443,Light Sour Cream,Dairy and Egg Products,141.0,7.1,35.0,19.2,0.016,136.0,6.6,0.0,0.0,0.0,0.011,0.07,10.0,0.0,0.07,0.0,71.0,212.0,3.5,0.12,0.0031,83.0,0.22,0.04,10.6,0.09,0.00042,0.02,0.9,0.0002,0.3,0.0005,78.1,0.5,Side Dish,Generic,True,"Sour cream, light",Generic
173445,Vanilla Yogurt,Dairy and Egg Products,143.0,7.5,2.0,15.2,0.079,43.0,0.116,0.0,0.0,0.012,0.008,0.12,13.0,0.0,0.086,0.0,109.0,177.0,3.86,0.162,0.0031,59.0,7.5,0.034,0.18,0.002,0.00043,0.037,1.1,0.0,0.0,0.0,87.43,0.67,Side Dish,Generic,True,"Yogurt, vanilla or lemon flavor, nonfat milk, sweetened with low-calorie sweetener",Generic
173450,Reduced Fat Chocolate Milk,Dairy and Egg Products,194.0,12.13,8.0,0.0,0.075,78.0,1.177,0.0,0.7,0.0,0.002,0.24,14.0,0.062,0.164,0.539,76.0,123.0,2.99,0.565,0.0034,66.0,9.55,0.045,1.9,0.064,0.00033,0.024,0.0,0.0,0.04,0.0002,82.17,0.39,Drink,Generic,True,"Milk, chocolate, fluid, commercial, reduced fat, with added calcium",Generic
173451,Lowfat Fruit Yogurt,Dairy and Egg Products,152.0,18.6,6.0,15.2,0.08,105.0,0.909,0.0,0.0,0.0,0.01,0.07,16.0,0.065,0.105,0.544,133.0,194.0,4.86,0.18,0.0031,58.0,2.9,0.041,1.41,0.131,0.00052,0.045,0.7,0.0,0.06,0.0012,74.1,0.82,Snack,Generic,True,"Yogurt, fruit, lowfat, with low calorie sweetener",Generic
173452,Reduced Fat Grated Parmesan,Dairy and Egg Products,1109.0,1.37,88.0,20.7,0.238,265.0,13.317,0.0,0.0,0.0,0.01,0.9,38.0,0.085,0.114,0.325,729.0,125.0,20.0,0.486,0.0177,1529.0,0.0,0.029,20.0,0.16,0.00226,0.049,0.0,0.0004,0.17,0.0017,50.6,3.87,Side Dish,Generic,True,"Cheese, parmesan, dry grated, reduced fat",Western
173453,Flavored Cream Substitute,Dairy and Egg Products,6.0,35.07,0.0,0.5,0.142,251.0,2.635,0.0,1.1,0.0359,0.001,0.59,19.0,0.142,0.091,0.01,28.0,96.0,0.69,0.024,0.0007,67.0,33.04,0.004,13.5,0.0,0.0,0.004,0.0,0.0,1.58,0.0033,50.06,0.25,Side Dish,Generic,True,"Cream substitute, flavored, liquid",Generic
173454,Whole Dry Milk,Dairy and Egg Products,912.0,38.42,97.0,117.4,0.08,496.0,16.742,0.0,0.0,0.0,0.037,0.47,85.0,0.04,0.646,2.271,776.0,1330.0,26.32,1.205,0.0163,371.0,38.42,0.283,26.71,0.258,0.00325,0.302,8.6,0.0005,0.58,0.0022,2.47,3.34,Drink,Generic,True,"Milk, dry, whole, without added vitamin D",Generic
173455,Reduced Fat American Cheese,Dairy and Egg Products,529.0,10.6,53.0,36.2,0.03,240.0,8.85,0.0,0.0,0.0,0.018,0.2,33.0,0.0,0.18,0.0,829.0,330.0,17.6,0.48,0.0124,1201.0,8.02,0.07,14.1,0.25,0.00111,0.08,0.0,0.0053,0.27,0.0026,51.8,2.36,Side Dish,Generic,True,"Cheese product, pasteurized process, American, reduced fat, fortified with vitamin D",Western
173456,Low-Fat Fruit Yogurt,Dairy and Egg Products,138.0,18.64,5.0,15.2,0.079,99.0,0.742,0.0,0.0,0.009,0.009,0.06,13.0,0.064,0.086,0.446,109.0,177.0,3.98,0.162,0.0028,53.0,18.64,0.034,1.15,0.011,0.00043,0.037,0.6,0.0013,0.02,0.0001,75.3,0.67,Snack,Generic,True,"Yogurt, fruit, low fat, 9 grams protein per 8 ounce, fortified with vitamin D",Generic
173457,Low-Fat Fruit Yogurt,Dairy and Egg Products,152.0,19.05,4.0,14.0,0.08,102.0,0.697,0.0,0.0,0.009,0.009,0.07,15.0,0.065,0.095,0.489,119.0,195.0,4.37,0.178,0.0031,58.0,19.05,0.037,1.08,0.01,0.00047,0.04,0.7,0.0013,0.02,0.0001,74.48,0.74,Snack,Generic,True,"Yogurt, fruit, low fat, 10 grams protein per 8 ounce, fortified with vitamin D",Generic
173458,Fruit Yogurt,Dairy and Egg Products,152.0,19.0,2.0,16.4,0.011,95.0,0.119,0.0,0.0,0.0,0.009,0.07,15.0,0.035,0.1,0.0,119.0,194.0,4.4,0.18,0.006,58.0,19.0,0.04,0.2,0.002,0.00047,0.04,0.7,0.0013,0.06,0.0011,75.4,0.74,Snack,Generic,True,"Yogurt, fruit variety, nonfat, fortified with vitamin D",Generic
173461,Dulce de Leche,Dairy and Egg Products,251.0,55.35,29.0,89.1,0.004,315.0,4.534,0.364,0.0,0.0,0.011,0.17,22.0,0.002,0.21,0.835,193.0,350.0,6.84,0.405,0.0027,129.0,49.74,0.016,7.35,0.074,0.00031,0.016,2.6,0.0002,0.2,0.0013,28.71,0.79,Snack,Generic,True,Dulce de Leche,Generic
173463,Vanilla Lowfat Yogurt,Dairy and Egg Products,171.0,13.8,5.0,15.2,0.013,86.0,0.752,0.0,0.0,0.012,0.011,0.07,16.0,0.004,0.107,0.552,135.0,219.0,4.93,0.201,0.0049,66.0,5.43,0.042,1.25,0.012,0.00053,0.045,0.8,0.0,0.02,0.0001,79.0,0.83,Snack,Generic,True,"Yogurt, vanilla flavor, lowfat milk, sweetened with low calorie sweetener",Generic
173464,Nonfat Frozen Yogurt,Dairy and Egg Products,159.0,19.7,4.0,3.1,0.203,104.0,0.488,0.0,2.0,0.0,0.012,0.04,40.0,0.0,0.2,0.0,129.0,339.0,4.4,0.18,0.0028,81.0,12.61,0.04,0.8,0.002,0.00049,0.04,0.7,0.0,0.08,0.0003,73.5,0.49,Snack,Generic,True,"Yogurt, frozen, flavors not chocolate, nonfat milk, with low-calorie sweetener",Generic
173615,Fried Chicken Legs,Poultry Products,18.0,8.72,90.0,0.0,0.08,273.0,4.28,0.0,0.3,0.0,0.024,1.4,20.0,0.054,5.433,0.994,152.0,189.0,21.77,0.221,0.0266,279.0,0.0,0.116,16.17,0.027,0.00028,0.27,0.0,0.0,0.0,0.0,52.08,2.17,Main Course,Generic,True,"Chicken, broilers or fryers, leg, meat and skin, cooked, fried, batter",Generic
173616,Fried Chicken Leg,Poultry Products,13.0,2.5,94.0,0.0,0.085,254.0,3.9,0.0,0.1,0.0,0.013,1.43,24.0,0.032,6.546,1.198,182.0,233.0,26.84,0.235,0.0208,88.0,0.0,0.088,14.43,0.028,0.00031,0.34,0.0,0.0,0.0,0.0,55.28,2.68,Main Course,Generic,True,"Chicken, broilers or fryers, leg, meat and skin, cooked, fried, flour",Generic
173620,Fried Chicken Neck,Poultry Products,31.0,8.7,91.0,0.0,0.113,330.0,6.22,0.0,0.0,0.0,0.021,2.15,16.0,0.065,4.528,0.839,115.0,151.0,19.82,0.237,0.0213,276.0,0.0,0.1,23.52,0.051,0.00024,0.21,0.0,0.0,0.0,0.0,46.92,2.5,Main Course,Generic,True,"Chicken, broilers or fryers, neck, meat and skin, cooked, fried, batter",Generic
173621,Fried Chicken Neck,Poultry Products,31.0,4.24,94.0,0.0,0.13,332.0,6.32,0.0,0.0,0.0,0.015,2.42,19.0,0.052,5.348,0.982,132.0,180.0,24.01,0.259,0.0186,82.0,0.0,0.078,23.61,0.057,0.00026,0.25,0.0,0.0,0.0,0.0,47.49,3.07,Main Course,Generic,True,"Chicken, broilers or fryers, neck, meat and skin, cooked, fried, flour",Generic
173624,Fried Chicken Thigh,Poultry Products,14.0,3.18,97.0,0.0,0.089,262.0,4.09,0.0,0.1,0.0,0.015,1.49,25.0,0.036,6.946,1.185,187.0,237.0,26.75,0.243,0.0198999999999999,88.0,0.0,0.094,14.98,0.029,0.0003,0.33,0.0,0.0,0.0,0.0,54.14,2.52,Main Course,Generic,True,"Chicken, broilers or fryers, thigh, meat and skin, cooked, fried, flour",Western
173628,Fried Chicken Wings,Poultry Products,20.0,10.94,79.0,0.0,0.063,324.0,5.83,0.0,0.3,0.0,0.026,1.29,16.0,0.06,5.265,0.71,121.0,138.0,19.87,0.152,0.0257,320.0,0.0,0.106,21.81,0.034,0.00025,0.3,0.0,0.0,0.0,0.0,46.21,1.38,Main Course,Generic,True,"Chicken, broilers or fryers, wing, meat and skin, cooked, fried, batter",Western
173629,Fried Chicken Wings,Poultry Products,15.0,2.39,81.0,0.0,0.061,321.0,6.06,0.0,0.1,0.0,0.008,1.25,19.0,0.028,6.697,0.874,150.0,177.0,26.11,0.137,0.0213,77.0,0.0,0.058,22.16,0.038,0.00028,0.41,0.0,0.0,0.0,0.0,48.62,1.76,Main Course,Generic,True,"Chicken, broilers or fryers, wing, meat and skin, cooked, fried, flour",Western
173633,Roasted Chicken,Poultry Products,13.0,0.05,94.0,0.0,0.071,220.0,3.66,0.0,0.0,0.0,0.023,1.61,20.0,0.027,7.031,1.003,179.0,204.0,23.96,0.189,0.0157,71.0,0.0,0.057,13.07,0.179,0.00078,0.34,0.4,0.0,0.0,0.0,62.35,1.71,Main Course,Generic,True,"Chicken, roasting, meat and skin and giblets and neck, cooked, roasted",Western
173642,Cooked Stewing Chicken Giblets,Poultry Products,13.0,0.11,355.0,0.0,0.299,194.0,2.66,0.0,0.0,0.0,0.367,6.44,20.0,0.177,4.971,2.971,223.0,154.0,25.73,1.047,0.0904,56.0,0.0,0.09,9.3,2.864,0.00948,0.41,5.5,0.0,0.0,0.0,64.0,4.28,Main Course,Generic,True,"Chicken, stewing, giblets, cooked, simmered",Generic
173702,Surimi Fish,Finfish and Shellfish Products,9.0,6.85,30.0,0.0,0.032,99.0,0.191,0.0,0.0,0.0,0.002,0.26,43.0,0.011,0.22,0.07,282.0,112.0,15.18,0.021,0.0281,143.0,0.0,0.02,0.9,0.02,0.0016,0.03,0.0,0.0,0.63,0.0001,76.34,0.33,Main Course,Generic,True,"Fish, surimi",Asian
173721,Breaded Salmon Nuggets,Finfish and Shellfish Products,8.0,13.96,26.0,0.0,0.077,212.0,1.57,0.0,0.0,0.0,0.011,1.24,20.0,0.118,4.527,0.523,176.0,165.0,12.69,0.156,0.0,173.0,0.0,0.207,11.72,0.0,0.00207,0.222,0.0,0.0,0.0,0.0,60.38,0.52,Main Course,Generic,True,"Salmon nuggets, breaded, frozen, heated",Western
173722,Salmon Nuggets,Finfish and Shellfish Products,9.0,11.85,27.0,0.0,0.069,189.0,1.497,0.0,0.0,0.0,0.011,1.46,20.0,0.106,5.948,0.52,173.0,161.0,11.97,0.14,0.0,167.0,0.0,0.195,10.43,0.0,0.00218,0.22,0.0,0.0,0.0,0.0,64.57,0.46,Main Course,Generic,True,"Salmon nuggets, cooked as purchased, unheated",Western
173728,Cooked Adzuki Beans,Legumes and Legume Products,28.0,24.77,0.0,0.0,0.298,128.0,0.036,0.0,7.3,0.0,0.121,2.0,52.0,0.573,0.717,0.43,168.0,532.0,7.52,0.064,0.0012,8.0,0.0,0.115,0.1,0.0,0.0,0.096,0.0,0.0,0.0,0.0,66.29,1.77,Main Course,Generic,True,"Beans, adzuki, mature seeds, cooked, boiled, without salt",Generic
173729,Sweetened Adzuki Beans,Legumes and Legume Products,22.0,55.01,0.0,0.0,0.265,237.0,0.011,0.0,0.0,0.0,0.107,1.13,31.0,0.504,0.631,0.378,74.0,119.0,3.8,0.056,0.0032,218.0,0.0,0.101,0.03,0.0,0.0,0.084,0.0,0.0,0.0,0.0,40.58,1.56,Snack,Generic,True,"Beans, adzuki, mature seeds, canned, sweetened",Generic
173730,Adzuki Bean Yokan,Legumes and Legume Products,27.0,60.72,0.0,0.0,0.029,260.0,0.043,0.0,0.0,0.0,0.008,1.16,18.0,0.14,0.057,0.099,40.0,45.0,3.29,0.004,0.0023,83.0,0.0,0.005,0.12,0.0,0.0,0.008,0.0,0.0,0.0,0.0,35.45,0.07,Snack,Generic,True,"Yokan, prepared from adzuki beans and sugar",Asian
173731,Homemade Baked Beans,Legumes and Legume Products,61.0,21.63,5.0,0.0,0.159,155.0,1.948,0.0,5.5,0.0,0.048,1.99,43.0,0.255,0.408,0.155,109.0,358.0,5.54,0.049,0.0057,422.0,0.0,0.136,5.15,0.0,0.0,0.09,1.1,0.0,0.0,0.0,65.17,0.73,Main Course,Generic,True,"Beans, baked, home prepared",Western
173735,Black Beans,Legumes and Legume Products,27.0,23.71,0.0,32.6,0.209,132.0,0.139,0.0,8.7,0.0,0.149,2.1,70.0,0.444,0.505,0.242,140.0,355.0,8.86,0.059,0.0012,1.0,0.32,0.244,0.54,0.0,0.0,0.069,0.0,0.0,0.87,0.0033,65.74,1.12,Main Course,Generic,True,"Beans, black, mature seeds, cooked, boiled, without salt",Generic
173736,Cooked Cranberry Beans,Legumes and Legume Products,50.0,24.46,0.0,0.0,0.231,136.0,0.119,0.0,8.6,0.0,0.207,2.09,50.0,0.37,0.515,0.24,135.0,387.0,9.34,0.069,0.0013,1.0,0.0,0.21,0.46,0.0,0.0,0.081,0.0,0.0,0.0,0.0,64.65,1.14,Main Course,Generic,True,"Beans, cranberry (roman), mature seeds, cooked, boiled, without salt",Generic
173737,Canned Cranberry Beans,Legumes and Legume Products,34.0,15.12,0.0,0.0,0.142,83.0,0.072,0.0,6.3,0.0,0.077,1.55,32.0,0.2,0.504,0.144,86.0,260.0,5.54,0.039,0.0031,332.0,0.0,0.039,0.28,0.0,0.0,0.055,0.8,0.0,0.0,0.0,77.56,0.84,Snack,Generic,True,"Beans, cranberry (roman), mature seeds, canned",Generic
173739,Cooked French Beans,Legumes and Legume Products,63.0,24.02,0.0,0.0,0.115,129.0,0.083,0.0,9.4,0.0,0.075,1.08,56.0,0.382,0.546,0.222,102.0,370.0,7.05,0.062,0.0012,6.0,0.0,0.13,0.76,0.0,0.0,0.105,1.2,0.0,0.0,0.0,66.57,0.64,Main Course,Generic,True,"Beans, french, mature seeds, cooked, boiled, without salt",Generic
173740,Cooked Kidney Beans,Legumes and Legume Products,35.0,22.8,0.0,30.5,0.216,127.0,0.073,0.0,6.4,0.0,0.13,2.22,42.0,0.43,0.578,0.22,138.0,405.0,8.67,0.058,0.0011,1.0,0.32,0.16,0.5,0.0,0.0,0.12,1.2,0.0,0.03,0.0084,66.94,1.0,Main Course,Generic,True,"Beans, kidney, all types, mature seeds, cooked, boiled, without salt",Generic
173741,Canned Kidney Beans,Legumes and Legume Products,34.0,14.5,0.0,34.9,0.135,84.0,0.141,0.0,4.3,0.0,0.036,1.17,27.0,0.168,0.411,0.138,90.0,237.0,5.22,0.051,0.0009,296.0,1.85,0.116,0.6,0.0,0.0,0.074,1.2,0.0,0.02,0.0040999999999999,78.04,0.46,Snack,Generic,True,"Beans, kidney, all types, mature seeds, canned",Generic
173743,Kidney Beans,Legumes and Legume Products,66.0,22.41,0.0,0.0,0.289,124.0,0.014,0.0,9.3,0.0,0.074,2.98,48.0,0.318,0.54,0.219,137.0,419.0,9.13,0.062,0.0012,4.0,0.0,0.129,0.09,0.0,0.0,0.104,1.2,0.0,0.0,0.0,66.93,0.86,Main Course,Generic,True,"Beans, kidney, california red, mature seeds, cooked, boiled, without salt",Generic
173746,Navy Beans,Legumes and Legume Products,69.0,26.05,0.0,44.7,0.21,140.0,0.098,0.0,10.5,0.0022,0.14,2.36,53.0,0.527,0.649,0.266,144.0,389.0,8.23,0.066,0.0029,0.0,0.37,0.237,0.62,0.0,0.0,0.138,0.9,0.0,0.01,0.0006,63.81,1.03,Main Course,Generic,True,"Beans, navy, mature seeds, cooked, boiled, without salt",Generic
173747,Canned Navy Beans,Legumes and Legume Products,47.0,20.45,0.0,26.9,0.208,113.0,0.112,0.0,5.1,0.0,0.062,1.85,47.0,0.375,0.487,0.172,134.0,288.0,7.53,0.055,0.0058,336.0,0.28,0.141,0.43,0.0,0.0,0.103,0.7,0.0,0.78,0.0029,70.45,0.77,Snack,Generic,True,"Beans, navy, mature seeds, canned",Generic
173750,Boiled Small White Beans,Legumes and Legume Products,73.0,25.81,0.0,0.0,0.149,142.0,0.166,0.0,10.4,0.0,0.137,2.84,68.0,0.51,0.272,0.251,169.0,463.0,8.97,0.059,0.0013,2.0,0.0,0.236,0.64,0.0,0.0,0.127,0.0,0.0,0.0,0.0,63.24,1.09,Main Course,Generic,True,"Beans, small white, mature seeds, cooked, boiled, without salt",Generic
173752,Cooked Yellow Beans,Legumes and Legume Products,62.0,25.28,0.0,35.2,0.186,144.0,0.279,0.0,10.4,0.0,0.081,2.48,74.0,0.455,0.708,0.229,183.0,325.0,9.16,0.103,0.0013,5.0,0.34,0.187,1.08,0.0,0.0,0.129,1.8,0.0,0.94,0.0035,62.98,1.06,Main Course,Generic,True,"Beans, yellow, mature seeds, cooked, boiled, without salt",Generic
173753,Cooked Fava Beans,Legumes and Legume Products,36.0,19.65,0.0,30.6,0.259,110.0,0.066,0.0,5.4,0.0,0.104,1.5,43.0,0.421,0.711,0.157,125.0,268.0,7.6,0.089,0.0026,5.0,1.82,0.097,0.4,0.001,0.0,0.072,0.3,0.0,0.02,0.0029,71.54,1.01,Main Course,Generic,True,"Broadbeans (fava beans), mature seeds, cooked, boiled, without salt",Generic
173754,Canned Fava Beans,Legumes and Legume Products,26.0,12.41,0.0,0.0,0.109,71.0,0.037,0.0,3.7,0.0,0.033,1.0,32.0,0.288,0.96,0.119,79.0,242.0,5.47,0.05,0.0018,453.0,0.0,0.02,0.22,0.001,0.0,0.045,1.8,0.0,0.0,0.0,80.32,0.62,Snack,Generic,True,"Broadbeans (fava beans), mature seeds, canned",Generic
173757,Cooked Chickpeas,Legumes and Legume Products,49.0,27.42,0.0,42.8,0.352,164.0,0.269,0.0,7.6,0.0,0.172,2.89,48.0,1.03,0.526,0.286,168.0,291.0,8.86,0.063,0.0037,7.0,4.8,0.116,2.59,0.001,0.0,0.139,1.3,0.0,0.35,0.004,60.21,1.53,Main Course,Generic,True,"Chickpeas (garbanzo beans, bengal gram), mature seeds, cooked, boiled, without salt",Generic
173759,Cooked Cowpeas,Legumes and Legume Products,24.0,20.76,0.0,32.2,0.268,116.0,0.138,0.0,6.5,0.0,0.208,2.51,53.0,0.475,0.495,0.411,156.0,278.0,7.73,0.055,0.0025,4.0,3.3,0.202,0.53,0.001,0.0,0.1,0.4,0.0,0.28,0.0017,70.04,1.29,Main Course,Generic,True,"Cowpeas, common (blackeyes, crowder, southern), mature seeds, cooked, boiled, without salt",Generic
173760,Canned Cowpeas,Legumes and Legume Products,20.0,13.63,0.0,0.0,0.117,77.0,0.144,0.0,3.3,0.0,0.051,0.97,28.0,0.283,0.354,0.19,70.0,172.0,4.74,0.074,0.0023,293.0,0.0,0.076,0.55,0.0,0.0,0.045,2.7,0.0,0.0,0.0,79.63,0.7,Snack,Generic,True,"Cowpeas, common (blackeyes, crowder, southern), mature seeds, canned, plain",Generic
173789,Boiled Adzuki Beans,Legumes and Legume Products,28.0,24.77,0.0,0.0,0.298,128.0,0.036,0.0,7.3,0.0,0.121,2.0,52.0,0.573,0.717,0.43,168.0,532.0,7.52,0.064,0.0012,244.0,0.0,0.115,0.1,0.0,0.0,0.096,0.0,0.0,0.0,0.0,66.29,1.77,Main Course,Generic,True,"Beans, adzuki, mature seed, cooked, boiled, with salt",Asian
173790,Cooked Great Northern Beans,Legumes and Legume Products,68.0,21.09,0.0,0.0,0.247,118.0,0.14,0.0,7.0,0.0,0.102,2.13,50.0,0.518,0.681,0.266,165.0,391.0,8.33,0.059,0.0040999999999999,238.0,0.0,0.158,0.45,0.0,0.0,0.117,1.3,0.0,0.0,0.0,69.0,0.88,Main Course,Generic,True,"Beans, great northern, mature seeds, cooked, boiled, with salt",Generic
173791,Great Northern Beans,Legumes and Legume Products,53.0,21.02,0.0,29.5,0.16,114.0,0.12,0.0,4.9,0.0,0.081,1.57,51.0,0.408,0.461,0.278,136.0,351.0,7.37,0.06,0.0040999999999999,177.0,1.41,0.143,0.39,0.0,0.0,0.106,1.3,0.0,0.79,0.003,69.89,0.65,Main Course,Generic,True,"Beans, great northern, mature seeds, canned, low sodium",Generic
173792,Salted Kidney Beans,Legumes and Legume Products,28.0,22.8,0.0,0.0,0.242,127.0,0.072,0.0,6.4,0.0,0.13,2.94,45.0,0.477,0.578,0.22,142.0,403.0,8.67,0.058,0.0012,238.0,0.32,0.16,0.5,0.0,0.0,0.12,1.2,0.0,0.87,0.0033,66.94,1.07,Main Course,Generic,True,"Beans, kidney, all types, mature seeds, cooked, boiled, with salt",Generic
173793,Salted Kidney Beans,Legumes and Legume Products,66.0,22.41,0.0,0.0,0.289,124.0,0.014,0.0,9.3,0.0,0.074,2.98,48.0,0.318,0.54,0.219,137.0,419.0,9.13,0.062,0.0012,240.0,0.0,0.129,0.09,0.0,0.0,0.104,1.2,0.0,0.0,0.0,66.93,0.86,Main Course,Generic,True,"Beans, kidney, california red, mature seeds, cooked, boiled, with salt",Generic
173794,Navy Beans,Legumes and Legume Products,69.0,26.05,0.0,44.7,0.21,140.0,0.032,0.0,10.5,0.0,0.14,2.36,53.0,0.527,0.649,0.266,144.0,389.0,8.23,0.066,0.0029,237.0,0.37,0.237,0.62,0.0,0.0,0.138,0.9,0.0,0.01,0.0006,63.81,1.03,Main Course,Generic,True,"Beans, navy, mature seeds, cooked, boiled, with salt",Generic
173795,Cooked Pink Beans,Legumes and Legume Products,52.0,27.91,0.0,36.9,0.271,149.0,0.126,0.0,5.3,0.0,0.168,2.3,65.0,0.548,0.57,0.299,165.0,508.0,9.06,0.063,0.0014,238.0,0.36,0.257,0.49,0.0,0.0,0.175,0.0,0.0,0.98,0.0037,61.2,0.96,Main Course,Generic,True,"Beans, pink, mature seeds, cooked, boiled, with salt",Generic
173796,Pinto Beans,Legumes and Legume Products,46.0,26.22,0.0,0.0,0.219,143.0,0.109,0.0,9.0,0.0,0.172,2.09,50.0,0.453,0.318,0.21,147.0,436.0,9.01,0.062,0.0062,238.0,0.34,0.193,0.65,0.0,0.0,0.229,0.8,0.0,0.94,0.0035,62.95,0.98,Main Course,Generic,True,"Beans, pinto, mature seeds, cooked, boiled, with salt",Generic
173797,Canned Pinto Beans,Legumes and Legume Products,64.0,20.77,0.0,0.0,0.26,117.0,0.0,0.0,0.0,0.0,0.021,1.27,30.0,0.37,0.262,0.0,96.0,234.0,7.04,0.019,0.0,212.0,0.0,0.05,0.97,0.0,0.0,0.0,0.1,0.0,0.0,0.0,70.0,0.59,Main Course,Generic,True,"Beans, pinto, mature seeds, canned, drained solids, rinsed in tap water",Generic
173798,Salted Cooked Broadbeans,Legumes and Legume Products,36.0,19.65,0.0,30.6,0.259,110.0,0.066,0.0,5.4,0.0,0.104,1.5,43.0,0.421,0.711,0.157,125.0,268.0,7.6,0.089,0.0026,241.0,1.82,0.097,0.4,0.001,0.0,0.072,0.3,0.0,0.02,0.0029,71.54,1.01,Main Course,Generic,True,"Broadbeans (fava beans), mature seeds, cooked, boiled, with salt",Generic
173799,Cooked Chickpeas,Legumes and Legume Products,49.0,27.42,0.0,42.8,0.352,164.0,0.269,0.0,7.6,0.0,0.172,2.89,48.0,1.03,0.526,0.286,168.0,291.0,8.86,0.063,0.0037,243.0,4.8,0.116,2.59,0.001,0.0,0.139,1.3,0.0,0.35,0.004,60.21,1.53,Main Course,Generic,True,"Chickpeas (garbanzo beans, bengal gram), mature seeds, cooked, boiled, with salt",Generic
173800,Canned Chickpeas,Legumes and Legume Products,45.0,22.53,0.0,0.0,0.253,139.0,0.214,0.0,6.4,0.0,0.048,1.07,26.0,0.846,0.14,0.0,85.0,126.0,7.05,0.015,0.0031,246.0,4.01,0.027,2.77,0.001,0.0,0.116,0.1,0.0,0.29,0.0034,66.72,0.63,Main Course,Generic,True,"Chickpeas (garbanzo beans, bengal gram), mature seeds, canned, drained solids",Generic
173801,Canned Chickpeas,Legumes and Legume Products,43.0,22.87,0.0,0.0,0.25,138.0,0.213,0.0,6.3,0.0,0.041,0.98,24.0,0.8,0.125,0.0,80.0,109.0,7.04,0.015,0.0031,212.0,4.0,0.025,2.47,0.001,0.0,0.116,0.1,0.0,0.29,0.0034,66.87,0.59,Main Course,Generic,True,"Chickpeas (garbanzo beans, bengal gram), mature seeds, canned, drained, rinsed in tap water",Generic
173802,Large Lima Beans,Legumes and Legume Products,17.0,20.88,0.0,32.5,0.235,115.0,0.089,0.0,7.0,0.0,0.083,2.39,43.0,0.516,0.421,0.422,111.0,508.0,7.8,0.055,0.0045,238.0,2.9,0.161,0.38,0.0,0.0,0.161,0.0,0.0,0.18,0.002,69.79,0.95,Main Course,Generic,True,"Lima beans, large, mature seeds, cooked, boiled, with salt",Generic
173803,Cooked Baby Lima Beans,Legumes and Legume Products,29.0,23.31,0.0,0.0,0.215,126.0,0.088,0.0,7.7,0.0,0.15,2.4,53.0,0.585,0.66,0.472,127.0,401.0,8.04,0.055,0.0049,239.0,0.0,0.161,0.38,0.0,0.0,0.078,0.0,0.0,0.0,0.0,67.15,1.03,Main Course,Generic,True,"Lima beans, thin seeded (baby), mature seeds, cooked, boiled, with salt",Generic
173804,Salted Cooked Lupins,Legumes and Legume Products,51.0,9.29,0.0,0.0,0.231,116.0,0.346,0.0,2.8,0.0,0.059,1.2,54.0,0.676,0.495,0.188,128.0,245.0,15.57,0.053,0.0026,240.0,0.0,0.134,2.92,0.0,0.0,0.009,1.1,0.0,0.0,0.0,71.08,1.38,Main Course,Generic,True,"Lupins, mature seeds, cooked, boiled, with salt",Generic
173805,Cooked Mothbeans,Legumes and Legume Products,3.0,20.96,0.0,0.0,0.164,117.0,0.124,0.0,0.0,0.0,0.143,3.14,104.0,0.527,0.668,0.391,150.0,304.0,7.81,0.023,0.0028,246.0,0.0,0.124,0.55,0.001,0.0,0.093,1.0,0.0,0.0,0.0,69.23,0.59,Main Course,Generic,True,"Mothbeans, mature seeds, cooked, boiled, with salt",Generic
173806,Dry-Roasted Peanuts,Legumes and Legume Products,58.0,21.26,0.0,64.6,0.428,587.0,7.723,0.027,8.4,0.0,0.097,1.58,178.0,1.786,14.355,1.011,363.0,634.0,24.35,0.197,0.0093,6.0,4.9,0.152,49.66,0.0,0.0,0.466,0.0,0.0,4.93,0.0,1.81,2.77,Snack,Generic,True,"Peanuts, all types, dry-roasted, without salt",Generic
173807,Oil-Roasted Spanish Peanuts,Legumes and Legume Products,100.0,17.45,0.0,0.0,0.661,579.0,7.555,0.0,8.9,0.0,0.126,2.28,168.0,2.355,14.933,1.392,387.0,776.0,28.01,0.085,0.0075,6.0,0.0,0.317,49.04,0.0,0.0,0.256,0.0,0.0,0.0,0.0,1.78,2.0,Snack,Generic,True,"Peanuts, spanish, oil-roasted, without salt",Generic
173813,Roasted New Zealand Lamb Rack,"Lamb, Veal, and Game Products",20.0,0.04,76.0,81.7,0.108,253.0,7.066,0.907,0.0,0.0,0.0,1.57,22.0,0.01,6.019,0.366,195.0,304.0,22.06,0.186,0.004,69.0,0.0,0.067,18.29,0.01,0.00117,0.156,0.0,0.0,0.45,0.0031,59.66,2.69,Main Course,Generic,False,"Lamb, New Zealand, imported, rack - partly frenched, separable lean and fat, cooked, fast roasted",Western
173819,Breaded Veal Cutlet,"Lamb, Veal, and Game Products",39.0,9.91,112.0,113.2,0.073,238.0,3.06,0.0,0.3,0.021,0.033,1.64,31.0,0.135,10.34,1.07,250.0,371.0,27.29,0.35,0.0165,454.0,0.57,0.16,9.18,0.01,0.00124,0.4,0.0,0.0,0.53,0.0050999999999999,51.31,2.75,Main Course,Generic,True,"Veal, leg (top round), separable lean and fat, cooked, pan-fried, breaded",Western
173858,Chicken Spread,Sausages and Luncheon Meats,16.0,4.05,56.0,0.0,0.04,158.0,3.23,0.0,0.3,0.0,0.003,0.87,12.0,0.012,2.748,0.43,89.0,106.0,18.01,0.114,0.0108,722.0,0.47,0.009,17.56,0.03,0.00013,0.15,0.0,0.0,0.0,0.0,57.41,1.15,Snack,Generic,True,Chicken spread,Generic
173874,Rotisserie Chicken Breast,Sausages and Luncheon Meats,11.0,2.92,51.0,44.2,0.02,98.0,0.564,0.007,0.0,0.0,0.007,0.39,26.0,0.018,9.055,0.976,257.0,360.0,17.4,0.071,0.0132,1032.0,0.75,0.048,1.86,0.002,0.00014,0.445,0.0,0.0001,0.32,0.0,74.47,0.51,Main Course,Generic,True,"Chicken breast, deli, rotisserie seasoned, sliced, prepackaged",Generic
173880,Lower Sodium Italian Chicken Sausage,Sausages and Luncheon Meats,0.0,14.25,36.0,39.8,0.449,183.0,0.893,0.018,0.0,0.0224,0.071,1.29,43.0,0.576,12.857,0.708,286.0,1062.0,21.43,0.469,0.0313,446.0,0.81,0.396,4.46,0.0,0.00015,0.536,0.0,0.0001,1.35,0.0348,56.01,2.41,Main Course,Generic,True,"Sausage, chicken or turkey, Italian style,  lower sodium",Western
173930,Sweetened Canned Apples,Fruits and Fruit Juices,4.0,16.84,0.0,3.2,0.051,67.0,0.07,0.0,2.0,0.0,0.0,0.24,3.0,0.165,0.081,0.032,6.0,70.0,0.18,0.01,0.0003,3.0,14.84,0.009,0.43,0.003,0.0,0.044,0.2,0.0,0.21,0.0006,82.28,0.05,Snack,Generic,True,"Apples, canned, sweetened, sliced, drained, heated",Generic
173932,Unsweetened Frozen Apples,Fruits and Fruit Juices,5.0,12.0,0.0,0.0,0.065,47.0,0.053,0.0,1.3,0.0,0.001,0.19,3.0,0.146,0.043,0.057,8.0,76.0,0.29,0.011,0.0002,3.0,0.0,0.014,0.33,0.0,0.0,0.032,0.4,0.0,0.0,0.0,87.16,0.05,Snack,Generic,True,"Apples, frozen, unsweetened, heated (Includes foods for USDA's Food Distribution Program)",Generic
173933,Unsweetened Apple Juice,Fruits and Fruit Juices,8.0,11.3,0.0,1.8,0.012,46.0,0.022,0.0,0.2,0.0,0.0,0.12,5.0,0.074,0.073,0.049,7.0,101.0,0.1,0.017,0.0001,4.0,9.62,0.021,0.13,0.0,0.0,0.018,0.9,0.0,0.01,0.0,88.24,0.02,Drink,Generic,True,"Apple juice, canned or bottled, unsweetened, without added ascorbic acid",Generic
173935,Unsweetened Apple Juice,Fruits and Fruit Juices,6.0,11.54,0.0,1.8,0.014,47.0,0.018,0.0,0.1,0.0,0.0,0.26,5.0,0.063,0.038,0.063,7.0,126.0,0.14,0.015,0.0001,7.0,10.93,0.003,0.1,0.0,0.0,0.033,0.6,0.0,0.01,0.0,87.9,0.04,Drink,Generic,True,"Apple juice, frozen concentrate, unsweetened, diluted with 3 volume water without added ascorbic acid",Generic
173936,Canned Apricots in Water,Fruits and Fruit Juices,8.0,5.48,0.0,0.0,0.068,22.0,0.002,0.0,1.1,0.0,0.002,0.54,9.0,0.053,0.437,0.092,16.0,154.0,0.69,0.024,0.0,11.0,0.0,0.02,0.03,0.091,0.0,0.054,1.8,0.0,0.0,0.0,93.43,0.11,Snack,Generic,True,"Apricots, canned, water pack, without skin, solids and liquids",Generic
173937,Canned Apricots,Fruits and Fruit Juices,12.0,12.34,0.0,1.8,0.054,48.0,0.003,0.0,1.6,0.0,0.002,0.3,10.0,0.052,0.344,0.092,20.0,165.0,0.63,0.019,0.0001,4.0,10.74,0.018,0.04,0.085,0.0,0.054,4.9,0.0,0.6,0.0022,86.62,0.11,Snack,Generic,True,"Apricots, canned, juice pack, with skin, solids and liquids",Generic
173938,Canned Apricots in Syrup,Fruits and Fruit Juices,10.0,12.5,0.0,0.0,0.04,49.0,0.007,0.0,1.6,0.0,0.002,0.3,6.0,0.052,0.6,0.092,12.0,140.0,0.6,0.02,0.0,2.0,0.0,0.02,0.1,0.064,0.0,0.054,4.0,0.0,0.0,0.0,86.3,0.08,Snack,Generic,True,"Apricots, canned, extra light syrup pack, with skin, solids and liquids (Includes foods for USDA's Food Distribution Program)",Generic
173939,Canned Apricots,Fruits and Fruit Juices,11.0,16.49,0.0,1.8,0.079,63.0,0.003,0.0,1.6,0.0,0.002,0.39,8.0,0.052,0.304,0.092,13.0,138.0,0.53,0.02,0.0001,4.0,14.89,0.016,0.05,0.066,0.0,0.054,2.7,0.0,0.6,0.0022,82.56,0.11,Snack,Generic,True,"Apricots, canned, light syrup pack, with skin, solids and liquids",Generic
173942,Dried Apricots,Fruits and Fruit Juices,19.0,22.15,0.0,4.9,0.121,85.0,0.006,0.0,2.6,0.0,0.003,0.94,11.0,0.083,0.915,0.211,25.0,411.0,1.2,0.026,0.0008,4.0,19.57,0.005,0.18,0.064,0.0,0.051,0.3,0.0,1.53,0.0011,75.56,0.14,Snack,Generic,True,"Apricots, dried, sulfured, stewed, without added sugar",Generic
173943,Stewed Dried Apricots,Fruits and Fruit Juices,15.0,29.26,0.0,0.0,0.138,113.0,0.01,0.0,4.1,0.0,0.0,1.52,15.0,0.088,0.853,0.191,38.0,443.0,1.17,0.027,0.0,3.0,0.0,0.005,0.15,0.107,0.0,0.103,1.4,0.0,0.0,0.0,68.45,0.24,Snack,Generic,True,"Apricots, dried, sulfured, stewed, with added sugar",Generic
173944,Raw Bananas,Fruits and Fruit Juices,5.0,22.84,0.0,9.8,0.078,89.0,0.112,0.0,2.6,0.0022,0.02,0.26,27.0,0.27,0.665,0.334,22.0,358.0,1.09,0.073,0.001,1.0,12.23,0.031,0.33,0.003,0.0,0.367,8.7,0.0,0.1,0.0005,74.91,0.15,Snack,Generic,True,"Bananas, raw",Generic
173946,Fresh Blackberries,Fruits and Fruit Juices,29.0,9.61,0.0,8.5,0.165,43.0,0.014,0.0,5.3,0.0,0.025,0.62,20.0,0.646,0.646,0.276,22.0,162.0,1.39,0.026,0.0004,1.0,4.88,0.02,0.49,0.011,0.0,0.03,21.0,0.0,1.17,0.0198,88.15,0.53,Snack,Generic,True,"Blackberries, raw",Generic
173947,Canned Blackberry Juice,Fruits and Fruit Juices,12.0,7.8,0.0,6.6,0.114,38.0,0.018,0.0,0.1,0.0,0.01,0.48,21.0,0.0,0.446,0.0,12.0,135.0,0.3,0.018,0.0003,1.0,7.7,0.012,0.6,0.006,0.0,0.021,11.3,0.0,0.9,0.0152,90.9,0.41,Drink,Generic,True,"Blackberry juice, canned",Generic
173948,Sweet Blueberries in Syrup,Fruits and Fruit Juices,5.0,22.06,0.0,4.0,0.053,88.0,0.027,0.0,1.6,0.0,0.002,0.33,4.0,0.203,0.113,0.089,10.0,40.0,0.65,0.053,0.0001,3.0,20.46,0.034,0.33,0.002,0.0,0.036,1.1,0.0,0.38,0.0064,76.78,0.07,Snack,Generic,True,"Blueberries, canned, heavy syrup, solids and liquids",Generic
173950,Frozen Blueberries,Fruits and Fruit Juices,8.0,12.17,0.0,5.1,0.033,51.0,0.053,0.0,2.7,0.0,0.007,0.18,5.0,0.147,0.52,0.125,11.0,54.0,0.42,0.037,0.0001,1.0,8.45,0.032,0.64,0.002,0.0,0.059,2.5,0.0,0.48,0.0163999999999999,86.59,0.07,Snack,Generic,True,"Blueberries, frozen, unsweetened (Includes foods for USDA's Food Distribution Program)",Generic
173951,Sweetened Frozen Blueberries,Fruits and Fruit Juices,6.0,21.95,0.0,5.5,0.039,85.0,0.011,0.0,2.2,0.0,0.007,0.39,2.0,0.262,0.253,0.125,7.0,60.0,0.4,0.052,0.0002,1.0,19.72,0.02,0.13,0.002,0.0,0.059,1.0,0.0,0.52,0.0177,77.4,0.06,Snack,Generic,True,"Blueberries, frozen, sweetened",Generic
173953,Raw Cherimoya,Fruits and Fruit Juices,10.0,17.71,0.0,0.0,0.069,75.0,0.233,0.0,3.0,0.0,0.023,0.27,17.0,0.093,0.644,0.345,26.0,287.0,1.57,0.131,0.0,7.0,12.87,0.101,0.68,0.0,0.0,0.257,12.6,0.0,0.27,0.0,79.39,0.16,Snack,Generic,True,"Cherimoya, raw",Generic
173954,Raw Sour Cherries,Fruits and Fruit Juices,16.0,12.18,0.0,6.1,0.104,50.0,0.068,0.0,1.6,0.0,0.008,0.32,9.0,0.112,0.4,0.143,15.0,173.0,1.0,0.04,0.0,3.0,8.49,0.03,0.3,0.064,0.0,0.044,10.0,0.0,0.07,0.0021,86.13,0.1,Snack,Generic,True,"Cherries, sour, red, raw",Generic
173955,Sour Cherries,Fruits and Fruit Juices,11.0,8.94,0.0,4.1,0.07,36.0,0.023,0.0,1.1,0.0,0.008,1.37,6.0,0.076,0.177,0.105,10.0,98.0,0.77,0.041,0.0,7.0,7.6,0.017,0.1,0.038,0.0,0.044,2.1,0.0,0.23,0.0014,89.93,0.07,Snack,Generic,True,"Cherries, sour, red, canned, water pack, solids and liquids",Generic
173956,Sour Cherries in Syrup,Fruits and Fruit Juices,10.0,19.3,0.0,0.0,0.068,75.0,0.022,0.0,0.8,0.0,0.008,1.32,6.0,0.073,0.17,0.105,10.0,95.0,0.74,0.039,0.0,7.0,0.0,0.016,0.1,0.036,0.0,0.044,2.0,0.0,0.0,0.0,79.62,0.07,Snack,Generic,True,"Cherries, sour, red, canned, light syrup pack, solids and liquids",Generic
173957,Sweet Cherries in Water,Fruits and Fruit Juices,11.0,11.76,0.0,4.1,0.075,46.0,0.028,0.0,1.5,0.0,0.004,0.36,9.0,0.062,0.41,0.127,15.0,131.0,0.77,0.041,0.0,1.0,10.26,0.022,0.13,0.008,0.0,0.03,2.2,0.0,0.23,0.0014,87.05,0.08,Snack,Generic,True,"Cherries, sweet, canned, water pack, solids and liquids",Generic
173958,Sweet Cherries in Juice,Fruits and Fruit Juices,14.0,13.81,0.0,4.7,0.073,54.0,0.004,0.0,1.5,0.0,0.004,0.58,12.0,0.061,0.406,0.127,22.0,131.0,0.91,0.024,0.0,3.0,12.31,0.018,0.02,0.006,0.0,0.03,2.5,0.0,0.23,0.0014,84.95,0.1,Snack,Generic,True,"Cherries, sweet, canned, juice pack, solids and liquids",Generic
173959,Canned Sweet Cherries,Fruits and Fruit Juices,9.0,17.29,0.0,4.1,0.145,67.0,0.034,0.0,1.5,0.0,0.004,0.36,9.0,0.06,0.403,0.127,18.0,148.0,0.61,0.041,0.0,3.0,15.79,0.021,0.15,0.008,0.0,0.03,3.7,0.0,0.23,0.0014,81.56,0.1,Snack,Generic,True,"Cherries, sweet, canned, light syrup pack, solids and liquids",Generic
173960,Sweet Cherries in Syrup,Fruits and Fruit Juices,9.0,21.27,0.0,4.1,0.142,83.0,0.034,0.0,1.4,0.0,0.004,0.35,9.0,0.048,0.396,0.057,18.0,145.0,0.6,0.04,0.0,3.0,16.18,0.021,0.15,0.008,0.0,0.022,3.6,0.0,0.17,0.0009,77.61,0.1,Snack,Generic,True,"Cherries, sweet, canned, pitted, heavy syrup pack, solids and liquids",Generic
173963,Raw Black Currants,Fruits and Fruit Juices,55.0,15.38,0.0,0.0,0.086,63.0,0.034,0.0,0.0,0.0,0.0,1.54,24.0,0.256,0.3,0.398,59.0,322.0,1.4,0.05,0.0,2.0,0.0,0.05,0.41,0.012,0.0,0.066,181.0,0.0,1.0,0.0,81.96,0.27,Snack,Generic,True,"Currants, european black, raw",Generic
173964,Red and White Currants,Fruits and Fruit Juices,33.0,13.8,0.0,7.6,0.107,56.0,0.017,0.0,4.3,0.0,0.008,1.0,13.0,0.186,0.1,0.064,44.0,275.0,1.4,0.05,0.0006,1.0,7.37,0.04,0.2,0.002,0.0,0.07,41.0,0.0,0.1,0.011,83.95,0.23,Snack,Generic,True,"Currants, red and white, raw",Generic
174081,Whole Wheat Tortillas,Baked Products,244.0,45.89,0.0,20.0,0.266,310.0,4.878,0.0,9.8,0.0,0.138,2.63,85.0,0.0,4.858,0.0,346.0,262.0,9.76,0.289,0.037,617.0,2.44,0.823,9.76,0.0,0.0,0.312,0.0,0.0,0.9,0.0045,30.15,1.92,Main Course,Generic,True,"Tortillas, ready-to-bake or -fry, whole wheat",Western
174084,Whole Grain Cheese Crackers,Baked Products,128.0,57.29,16.0,14.5,0.231,412.0,3.206,0.0,6.4,0.0,0.146,3.46,68.0,0.0,5.13,0.0,264.0,212.0,9.62,0.545,0.0402999999999999,706.0,0.0,0.289,16.03,0.012,6e-05,0.203,0.0,0.0001,1.08,0.0039,14.26,1.84,Snack,Generic,True,"Crackers, cheese, whole grain",Generic
174085,Whole Wheat Waffles,Baked Products,143.0,49.16,0.0,14.7,0.193,257.0,0.714,0.0,4.3,0.0,0.088,6.43,65.0,1.711,5.714,0.371,286.0,164.0,7.14,0.486,0.0305,557.0,4.29,0.429,3.57,0.155,0.00171,0.571,0.0,0.0,0.41,0.0033,38.39,1.17,Snack,Generic,True,"Waffles, whole wheat, lowfat, frozen, ready-to-heat",Generic
174086,Reduced Fat Pancakes,Baked Products,57.0,57.32,24.0,13.7,0.093,269.0,0.0,0.0,1.0,0.0,0.177,1.71,16.0,0.0,2.857,0.0,190.0,97.0,5.71,0.243,0.022,429.0,8.57,0.357,1.9,0.007,0.0001,0.039,0.0,0.0001,0.25,0.0019,33.34,0.52,Main Course,Generic,True,"Pancakes, plain, reduced fat",Generic
174088,Chocolate-Covered Sugar Wafers,Baked Products,0.0,65.99,0.0,16.3,0.265,526.0,17.241,0.0,3.4,0.0,0.023,1.24,45.0,0.0,0.642,0.0,117.0,311.0,3.45,0.215,0.0054,138.0,51.72,0.094,27.59,0.001,0.00015,0.048,0.0,0.0,2.16,0.0069,1.73,0.61,Snack,Generic,True,"Cookies, sugar wafer, chocolate-covered",Generic
174093,Whole Grain English Muffins,Baked Products,140.0,50.17,0.0,6.5,0.164,245.0,0.0,0.0,3.5,0.0,0.105,2.53,33.0,0.0,2.105,0.0,127.0,130.0,7.02,0.179,0.0173,386.0,1.75,0.263,1.75,0.0,0.0,0.056,0.0,0.0,0.25,0.0023,39.48,0.97,Main Course,Generic,True,"English muffins, whole grain white",Western
174095,Chocolate Chip Cookies,Baked Products,0.0,63.52,0.0,11.3,0.211,425.0,5.882,0.0,0.0,0.0,0.088,1.06,25.0,0.0,1.831,0.0,59.0,94.0,2.94,0.166,0.0118,279.0,38.24,0.246,17.65,0.0,2e-05,0.019,0.0,0.0,1.84,0.0042,14.95,0.69,Snack,Generic,True,"Cookies, chocolate chip sandwich, with creme filling",Western
174096,Chocolate Rice Cereal Cookies,Baked Products,32.0,63.26,0.0,13.7,0.18,440.0,11.29,0.0,1.6,0.0,0.037,2.49,38.0,0.0,3.539,0.0,96.0,227.0,3.23,0.401,0.0093,210.0,40.32,0.347,19.35,0.0,7.000000000000001e-05,0.328,0.0,0.0,1.96,0.004,13.02,0.67,Snack,Generic,True,"Cookies, chocolate, made with rice cereal",Generic
174098,Fish-Shaped Crackers,Baked Products,83.0,65.67,0.0,0.0,0.134,463.0,2.059,0.059,3.1,0.0,0.0,4.58,25.0,0.565,6.408,0.662,167.0,224.0,10.16,0.514,0.004,970.0,1.18,0.813,17.71,0.0,0.0,0.085,0.0,0.0,3.68,0.0277,3.42,1.09,Snack,Generic,True,"Crackers, flavored, fish-shaped",Generic
174104,Multi-Seed Crackers,Baked Products,238.0,66.3,0.0,27.1,0.549,453.0,2.069,0.018,10.2,0.0,0.035,2.83,164.0,2.451,4.833,0.839,374.0,381.0,11.25,0.173,0.0174,438.0,0.86,0.208,15.84,0.0,0.0,0.37,0.0,0.0,1.5,0.0137,3.59,2.64,Snack,Generic,True,"Crackers, gluten-free, multi-seeded and multigrain",Generic
174105,Gluten-Free Waffles,Baked Products,40.0,43.05,0.0,15.5,0.089,263.0,0.781,0.01,1.4,0.0,0.008,0.63,31.0,0.781,1.803,0.48,359.0,124.0,2.72,0.04,0.0004,505.0,1.73,0.08,8.84,0.0,0.00268,0.067,0.0,0.0,0.96,0.0111,43.37,0.5,Main Course,Generic,True,"Waffles, gluten-free, frozen, ready-to-heat",Generic
174106,Gluten-Free Pancakes,Baked Products,39.0,40.32,12.0,14.7,0.109,215.0,0.48,0.013,1.5,0.0,0.009,0.7,34.0,0.925,1.55,0.0,306.0,127.0,3.31,0.04,0.0004,331.0,4.06,0.07,4.55,0.0,0.00283,0.075,0.3,0.0,0.42,0.0043,50.24,0.55,Main Course,Generic,True,"Pancakes, gluten-free, frozen, ready-to-heat",Generic
174107,Sweet Dinner Rolls,Baked Products,62.0,53.58,55.0,14.6,0.097,321.0,3.516,0.168,3.1,0.0,0.127,2.74,24.0,0.397,3.787,0.595,127.0,149.0,10.04,0.327,0.0085,253.0,15.38,0.48,7.37,0.04,0.00021,0.11,0.2,0.0,0.38,0.0006,27.83,0.85,Side Dish,Generic,True,"Rolls, dinner, sweet",Generic
174116,Sweetened Coconut Milk,Beverages,188.0,2.92,0.0,0.0,0.0,31.0,2.083,0.0,0.0,0.0,0.0,0.3,0.0,0.0,0.0,0.0,0.0,19.0,0.21,0.0,0.0,19.0,2.5,0.0,2.08,0.063,0.00125,0.0,0.0,0.001,0.0,0.0,94.57,0.0,Drink,Generic,True,"Beverages, coconut milk, sweetened, fortified with calcium, vitamins A, B12, D2",Generic
174117,Chocolate Syrup,Beverages,14.0,65.1,0.0,1.3,0.512,279.0,0.519,0.0,2.6,0.0,0.002,2.11,65.0,0.382,0.322,0.013,129.0,224.0,2.1,0.05,0.0014,72.0,49.65,0.009,1.13,0.0,0.0,0.006,0.2,0.0,0.02,0.0005,31.0,0.73,Drink,Generic,True,"Beverages, chocolate syrup",Generic
174118,Chocolate Milk,Beverages,89.0,12.78,9.0,0.0,0.09,90.0,1.681,0.0,0.3,0.0,0.005,0.32,18.0,0.055,0.137,0.315,90.0,145.0,3.07,0.165,0.0034,47.0,11.31,0.039,2.96,0.025,0.00038,0.032,0.0,0.0,0.05,0.0002,80.51,0.43,Drink,Generic,True,"Beverages, chocolate syrup, prepared with whole milk",Generic
174119,Iced Mocha Coffee,Beverages,52.0,11.42,0.0,0.0,0.002,60.0,0.0,0.0,0.0,0.0,0.0,0.09,9.0,0.029,0.513,0.285,59.0,136.0,1.48,0.16,0.0,31.0,9.23,0.053,0.98,0.0,0.0,0.0,0.0,0.0,0.0,0.0001,85.68,0.15,Drink,Generic,True,"Beverages, coffee, ready to drink, iced, mocha, milk based",Generic
174126,Half Caffeine Instant Coffee,Beverages,141.0,73.18,0.0,101.9,0.139,352.0,0.197,0.0,0.0,0.0,0.0,4.41,327.0,1.712,28.173,0.097,303.0,3535.0,14.42,0.074,0.0126,37.0,0.0,0.008,0.5,0.0,0.0,0.029,0.0,0.0,0.0,0.0019,3.1,0.35,Drink,Generic,True,"Beverages, coffee, instant, regular, half the caffeine",Generic
174127,Decaf Instant Coffee and Cocoa,Beverages,60.0,71.4,0.0,16.8,0.56,440.0,11.376,0.0,4.8,0.0,0.005,3.06,122.0,0.807,4.655,0.063,451.0,1856.0,9.0,0.109,0.004,500.0,34.98,0.021,13.21,0.0,0.0,0.03,0.0,0.0,0.09,0.0017,3.1,1.01,Drink,Generic,True,"Beverages, coffee and cocoa, instant, decaffeinated, with whitener and low calorie sweetener",Generic
174135,Instant Mocha Coffee,Beverages,271.0,74.04,0.0,31.3,0.435,460.0,4.934,0.0,1.9,0.0,0.009,0.0,68.0,0.445,2.263,0.052,251.0,1033.0,5.29,0.028,0.0062,317.0,58.2,0.031,15.87,0.001,0.00045,0.055,0.6,0.0,0.0,0.0015,1.7,0.96,Drink,Generic,True,"Beverages, coffee, instant, mocha, sweetened",Generic
174137,White Cranberry Strawberry Juice,Beverages,4.0,11.98,0.0,0.0,0.009,49.0,0.001,0.001,0.6,0.0,0.008,0.04,2.0,0.026,0.21,0.0,3.0,14.0,0.22,0.06,0.0001,3.0,11.42,0.02,0.01,0.001,0.0,0.05,26.7,0.0,0.0,0.0,88.0,0.04,Drink,Generic,True,"Beverages, OCEAN SPRAY, White Cranberry Strawberry Flavored Juice Drink",Generic
174148,Light Cranberry Juice,Beverages,3.0,4.72,0.0,0.0,0.015,19.0,0.004,0.001,0.7,0.0,0.0,0.07,1.0,0.0,0.026,0.0,1.0,38.0,0.22,0.0,0.0,15.0,3.97,0.0,0.01,0.001,0.0,0.0,0.8,0.0,0.0,0.0001,95.3,0.02,Drink,Generic,True,"Beverages, OCEAN SPRAY, Light Cranberry",Generic
174149,White Cranberry Peach Drink,Beverages,3.0,11.88,0.0,0.0,0.009,45.0,0.002,0.001,0.6,0.0,0.008,0.05,2.0,0.021,0.026,0.0,3.0,22.0,0.13,0.0,0.0,11.0,11.32,0.0,0.01,0.002,0.0,0.0,27.1,0.0,0.0,0.0001,87.8,0.03,Drink,Generic,True,"Beverages, OCEAN SPRAY, White Cranberry Peach",Generic
174150,Light Cranberry Grape Juice,Beverages,4.0,5.78,0.0,0.0,0.015,23.0,0.006,0.001,0.7,0.0,0.0,0.06,1.0,0.0,0.026,0.0,1.0,34.0,0.36,0.0,0.0,8.0,5.02,0.0,0.02,0.001,0.0,0.0,34.1,0.0,0.0,0.0001,93.4,0.02,Drink,Generic,True,"Beverages, OCEAN SPRAY, Light Cranberry, Concord Grape",Generic
174174,Flavored Reduced-Fat Milk,Beverages,164.0,12.08,8.0,15.1,0.006,77.0,1.124,0.0,0.4,0.0,0.004,0.03,10.0,0.013,0.085,0.328,85.0,130.0,3.05,0.172,0.0023,49.0,11.4,0.036,1.83,0.051,0.00049,0.035,0.2,0.0011,0.03,0.0002,82.32,0.45,Drink,Generic,True,"Beverages, milk beverage, reduced fat, flavored and sweetened, Ready-to-drink,  added calcium, vitamin A and vitamin D",Generic
174175,Vegetable and Fruit Juice Blend,Beverages,8.0,11.15,0.0,0.2,0.012,46.0,0.0,0.0,0.0,0.0,0.003,0.31,7.0,0.0,0.013,0.0,1.0,101.0,0.3,0.001,0.0,29.0,10.37,0.001,0.01,0.036,0.0,0.016,28.5,0.0,0.87,0.0001,88.4,0.01,Drink,Generic,True,"Beverages, vegetable and fruit juice blend, 100% juice, with added vitamins A, C, E",Generic
174187,Breaded Catfish,Finfish and Shellfish Products,44.0,8.04,71.0,0.0,0.101,229.0,3.288,0.0,0.7,0.0,0.039,1.43,27.0,0.04,2.282,0.73,216.0,340.0,18.09,0.133,0.0139,280.0,0.0,0.073,13.33,0.008,0.0019,0.19,0.0,0.0,0.0,0.0,58.81,0.86,Main Course,Generic,True,"Fish, catfish, channel, cooked, breaded and fried",Western
174188,Caviar,Finfish and Shellfish Products,275.0,4.0,588.0,490.9,0.11,264.0,4.06,0.0,0.0,0.0,0.05,11.88,300.0,0.05,0.12,3.5,356.0,181.0,24.6,0.62,0.0655,1500.0,0.0,0.19,17.9,0.271,0.02,0.32,0.0,0.0029,1.89,0.0006,47.5,0.95,Side Dish,Generic,True,"Fish, caviar, black and red, granular",Mediterranean
174195,Frozen Fish Sticks,Finfish and Shellfish Products,16.0,21.66,28.0,42.8,0.059,277.0,3.733,0.124,1.5,0.0,0.024,0.84,25.0,0.182,1.536,0.272,191.0,185.0,11.01,0.116,0.0157,402.0,1.65,0.122,16.23,0.004,0.00096,0.078,0.0,0.0,6.88,0.0047,49.5,0.42,Main Course,Generic,True,"Fish, fish sticks, frozen, prepared",Generic
174213,Fried Abalone,Finfish and Shellfish Products,37.0,11.05,94.0,0.0,0.228,189.0,1.646,0.0,0.0,0.0,0.02,3.8,56.0,0.07,1.9,2.87,217.0,284.0,19.63,0.13,0.0518,591.0,0.0,0.22,6.78,0.002,0.00069,0.15,1.8,0.0,0.0,0.0,60.1,0.95,Main Course,Generic,True,"Mollusks, abalone, mixed species, cooked, fried",Generic
174217,Cooked Blue Mussels,Finfish and Shellfish Products,33.0,7.39,56.0,0.0,0.149,172.0,0.85,0.0,0.0,0.0,0.076,6.72,37.0,6.8,3.0,0.95,285.0,268.0,23.8,0.42,0.0896,369.0,0.0,0.3,4.48,0.091,0.024,0.1,13.6,0.0,0.0,0.0,61.15,2.67,Main Course,Generic,True,"Mollusks, mussel, blue, cooked, moist heat",Generic
174221,Breaded Fried Scallops,Finfish and Shellfish Products,42.0,10.13,54.0,0.0,0.078,216.0,2.669,0.0,0.0,0.0,0.05,0.82,59.0,0.14,1.505,0.2,236.0,333.0,18.07,0.11,0.0269,464.0,0.0,0.042,10.94,0.022,0.00132,0.14,2.3,0.0,0.0,0.0,58.44,1.06,Main Course,Generic,True,"Mollusks, scallop, mixed species, cooked, breaded and fried",Generic
174239,Cooked Fish Roe,Finfish and Shellfish Products,28.0,1.92,479.0,0.0,0.128,204.0,1.866,0.0,0.0,0.0,0.092,0.77,26.0,0.013,2.192,1.154,515.0,283.0,28.62,0.949,0.0517,117.0,0.0,0.277,8.23,0.091,0.01154,0.185,16.4,0.0,0.0,0.0,58.63,1.28,Main Course,Generic,True,"Fish, roe, mixed species, cooked, dry heat",Generic
174249,Cooked Octopus,Finfish and Shellfish Products,106.0,4.4,96.0,81.0,0.739,164.0,0.453,0.0,0.0,0.0,0.024,9.54,60.0,0.047,3.78,0.9,279.0,630.0,29.82,0.076,0.0896,460.0,0.0,0.057,2.08,0.09,0.036,0.648,8.0,0.0,1.2,0.0001,60.5,3.36,Main Course,Generic,True,"Mollusks, octopus, common, cooked, moist heat",Asian
174250,Cooked Pacific Oysters,Finfish and Shellfish Products,16.0,9.9,100.0,0.0,2.679,163.0,1.02,0.0,0.0,0.0,0.015,9.2,44.0,1.222,3.618,0.9,243.0,302.0,18.9,0.443,0.154,212.0,0.0,0.127,4.6,0.146,0.0288,0.09,12.8,0.0,0.85,0.0001,64.12,33.24,Main Course,Generic,True,"Mollusks, oyster, Pacific, cooked, moist heat",Generic
174253,Cooked Lima Beans,Legumes and Legume Products,17.0,20.88,0.0,32.5,0.235,115.0,0.089,0.0,7.0,0.0022,0.083,2.39,43.0,0.516,0.421,0.422,111.0,508.0,7.8,0.055,0.0045,2.0,2.9,0.161,0.38,0.0,0.0,0.161,0.0,0.0,0.18,0.002,69.79,0.95,Main Course,Generic,True,"Lima beans, large, mature seeds, cooked, boiled, without salt",Generic
174254,Canned Lima Beans,Legumes and Legume Products,21.0,14.91,0.0,0.0,0.18,79.0,0.039,0.0,4.8,0.0,0.05,1.81,39.0,0.363,0.261,0.259,74.0,220.0,4.93,0.034,0.0045,336.0,0.0,0.055,0.17,0.0,0.0,0.091,0.0,0.0,0.0,0.0,77.08,0.65,Main Course,Generic,True,"Lima beans, large, mature seeds, canned",Generic
174257,Mung Beans,Legumes and Legume Products,27.0,19.15,0.0,29.4,0.156,105.0,0.116,0.0,7.6,0.0,0.159,1.4,48.0,0.298,0.577,0.41,99.0,266.0,7.02,0.061,0.0025,2.0,2.0,0.164,0.38,0.001,0.0,0.067,1.0,0.0,0.15,0.0027,72.66,0.84,Main Course,Generic,True,"Mung beans, mature seeds, cooked, boiled, without salt",Generic
174260,Boiled Peanuts,Legumes and Legume Products,55.0,21.26,0.0,32.7,0.499,318.0,3.055,0.0,8.8,0.0,0.075,1.01,102.0,1.023,5.259,0.825,198.0,180.0,13.5,0.063,0.0044,751.0,2.47,0.259,22.01,0.0,0.0,0.152,0.0,0.0,4.1,0.0,41.78,1.83,Snack,Generic,True,"Peanuts, all types, cooked, boiled, with salt",Generic
174261,Salted Oil-Roasted Peanuts,Legumes and Legume Products,61.0,15.26,0.0,55.3,0.533,599.0,8.655,0.0,9.4,0.0,0.12,1.52,176.0,1.845,13.825,1.202,397.0,726.0,28.03,0.089,0.0033,320.0,4.18,0.085,52.5,0.0,0.0,0.461,0.8,0.0,6.94,0.0,1.45,3.28,Snack,Generic,True,"Peanuts, all types, oil-roasted, with salt",Generic
174262,Salted Dry-Roasted Peanuts,Legumes and Legume Products,58.0,21.26,0.0,64.6,0.428,587.0,7.723,0.027,8.4,0.016,0.097,1.58,178.0,1.786,14.355,1.011,363.0,634.0,24.35,0.197,0.0093,410.0,4.9,0.152,49.66,0.0,0.0,0.466,0.0,0.0,4.93,0.0,1.81,2.77,Snack,Generic,True,"Peanuts, all types, dry-roasted, with salt",Generic
174265,Chunky Peanut Butter,Legumes and Legume Products,45.0,21.57,0.0,61.3,0.578,589.0,7.607,0.0,8.0,0.0031,0.092,1.9,160.0,1.8,13.696,1.118,319.0,745.0,24.06,0.111,0.0081999999999999,486.0,8.41,0.106,49.94,0.0,0.0,0.418,0.0,0.0,6.3,0.0005,1.14,2.79,Snack,Generic,True,"Peanut butter, chunk style, with salt",Generic
174266,Smooth Peanut Butter,Legumes and Legume Products,49.0,22.31,0.0,63.0,0.422,598.0,10.325,0.075,5.0,0.0,0.087,1.74,168.0,1.665,13.112,1.137,335.0,558.0,22.21,0.192,0.0040999999999999,426.0,10.49,0.15,51.36,0.0,0.0,0.441,0.0,0.0,9.1,0.0003,1.23,2.51,Snack,Generic,True,"Peanut butter, smooth style, with salt (Includes foods for USDA's Food Distribution Program)",Generic
174268,Meat Extender,Legumes and Legume Products,204.0,34.71,0.0,0.0,0.304,311.0,0.424,0.0,17.5,0.0,0.198,11.99,216.0,0.271,22.021,1.492,639.0,1902.0,41.71,0.891,0.0074,10.0,0.0,0.702,2.97,0.002,0.006,1.336,0.0,0.0,0.0,0.0,7.48,2.21,Side Dish,Generic,True,Meat extender,Generic
174269,Meatless Sausage,Legumes and Legume Products,63.0,8.09,0.0,69.7,0.25,255.0,2.926,0.0,2.8,0.0,0.026,3.72,36.0,0.725,11.195,0.323,225.0,231.0,20.28,0.402,0.0074,888.0,0.0,2.343,18.16,0.0,0.0,0.828,0.0,0.0,2.1,0.0,50.4,1.46,Main Course,Generic,True,"Sausage, meatless",Generic
174271,Cooked Soybeans,Legumes and Legume Products,102.0,8.36,0.0,47.5,0.407,172.0,1.297,0.0,6.0,0.0,0.054,5.14,86.0,0.824,0.399,0.179,245.0,515.0,18.21,0.285,0.0073,1.0,3.0,0.155,8.97,0.0,0.0,0.234,1.7,0.0,0.35,0.0192,62.55,1.15,Main Course,Generic,True,"Soybeans, mature cooked, boiled, without salt",Generic
174272,Tempeh,Legumes and Legume Products,111.0,7.64,0.0,0.0,0.56,192.0,2.539,0.0,0.0,0.0,0.024,2.7,81.0,1.3,2.64,0.278,266.0,412.0,20.29,0.358,0.0,9.0,0.0,0.078,10.8,0.0,8e-05,0.215,0.0,0.0,0.0,0.0,59.65,1.14,Main Course,Generic,True,Tempeh,Asian
174282,Cooked Yardlong Beans,Legumes and Legume Products,42.0,21.09,0.0,0.0,0.225,118.0,0.116,0.0,3.8,0.0,0.146,2.64,98.0,0.487,0.551,0.398,181.0,315.0,8.29,0.064,0.0028,5.0,0.0,0.212,0.45,0.0,0.0,0.095,0.4,0.0,0.0,0.0,68.8,1.08,Main Course,Generic,True,"Yardlong beans, mature seeds, cooked, boiled, without salt",Generic
174285,Canned Red Kidney Beans,Legumes and Legume Products,57.0,21.49,0.0,0.0,0.272,124.0,0.181,0.0,5.5,0.0,0.028,1.5,30.0,0.384,0.46,0.0,121.0,277.0,7.98,0.016,0.0016,231.0,3.8,0.067,1.05,0.0,0.0,0.0,0.2,0.0,0.0,0.0,68.11,0.75,Main Course,Generic,True,"Beans, kidney, red, mature seeds, canned, drained solids",Generic
174286,Drained Pinto Beans,Legumes and Legume Products,63.0,20.22,0.0,0.0,0.259,114.0,0.158,0.0,5.5,0.0,0.024,1.33,32.0,0.383,0.272,0.0,101.0,274.0,6.99,0.019,0.0,239.0,0.54,0.052,0.9,0.0,0.0,0.0,0.1,0.0,0.0,0.0,70.6,0.61,Main Course,Generic,True,"Beans, pinto, canned, drained solids",Generic
174289,Commercial Hummus,Legumes and Legume Products,47.0,15.0,0.0,0.0,0.377,237.0,2.562,0.019,5.5,0.0,0.048,2.54,75.0,1.155,1.024,0.346,181.0,312.0,7.78,0.127,0.0047,426.0,0.62,0.16,17.82,0.001,0.0,0.146,0.0,0.0,1.54,0.0228,57.4,1.44,Snack,Generic,True,"Hummus, commercial",Mediterranean
174290,Extra Firm Tofu,Legumes and Legume Products,282.0,1.18,0.0,33.0,0.2,83.0,0.919,0.0,1.0,0.0,0.009,2.04,35.0,0.666,0.241,0.844,111.0,130.0,9.98,0.048,0.013,4.0,0.71,0.048,5.26,0.0,0.0,0.083,0.0,0.0,0.01,0.0028,82.31,1.07,Main Course,Generic,True,"Tofu, extra firm, prepared with nigari",Asian
174291,Hard Tofu,Legumes and Legume Products,345.0,4.39,0.0,0.0,0.328,145.0,1.445,0.0,0.6,0.0,0.022,2.75,53.0,1.052,0.639,0.037,231.0,146.0,12.68,0.077,0.0168,2.0,0.0,0.042,9.99,0.0,0.0,0.039,0.3,0.0,0.0,0.0,71.12,1.66,Main Course,Generic,True,"Tofu, hard, prepared with nigari",Asian
174294,Smooth Peanut Butter,Legumes and Legume Products,54.0,23.98,0.0,65.7,0.571,588.0,9.519,0.0,5.7,0.0031,0.035,2.16,179.0,1.361,13.16,1.044,335.0,592.0,21.93,0.105,0.0404,476.0,6.5,0.107,49.54,0.0,0.0,0.551,0.0,0.0,5.94,0.0,1.55,2.67,Snack,Generic,True,"Peanut Butter, smooth (Includes foods for USDA's Food Distribution Program)",Generic
174296,Canned Vegetarian Refried Beans,Legumes and Legume Products,35.0,13.5,0.0,0.0,0.171,83.0,0.142,0.003,4.7,0.0,0.0,1.7,38.0,0.332,0.37,0.175,114.0,344.0,5.28,0.015,0.0056,430.0,0.59,0.04,0.87,0.0,0.0,0.107,0.0,0.0,0.09,0.0,78.39,0.74,Main Course,Generic,True,"Refried beans, canned, vegetarian",Generic
174298,Reduced Sodium Refried Beans,Legumes and Legume Products,29.0,13.55,0.0,22.7,0.129,89.0,0.631,0.016,3.7,0.0,0.026,1.44,35.0,0.289,0.367,0.189,92.0,319.0,4.98,0.079,0.0058,138.0,0.54,0.076,2.01,0.0,0.0,0.103,0.8,0.0,0.09,0.0023,77.75,0.58,Main Course,Generic,True,"Refried beans, canned, traditional, reduced sodium",Generic
174299,Cooked Soybeans,Legumes and Legume Products,102.0,8.36,0.0,0.0,0.407,172.0,1.297,0.0,6.0,0.0,0.054,5.14,86.0,0.824,0.399,0.179,245.0,515.0,18.21,0.285,0.0073,237.0,2.36,0.155,8.97,0.0,0.0,0.234,1.7,0.0,0.35,0.0192,62.55,1.15,Main Course,Generic,True,"Soybeans, mature seeds, cooked, boiled, with salt",Generic
174300,Roasted Soybeans,Legumes and Legume Products,138.0,30.22,0.0,0.0,0.828,469.0,3.674,0.0,17.7,0.0,0.211,3.9,145.0,2.158,1.41,0.453,363.0,1470.0,38.55,0.145,0.0191,4.0,0.0,0.1,25.4,0.0,0.0,0.208,2.2,0.0,0.0,0.0,1.95,3.14,Snack,Generic,True,"Soybeans, mature seeds, roasted, no salt added",Generic
174301,Soy Protein Concentrate,Legumes and Legume Products,363.0,25.41,0.0,0.0,0.976,328.0,0.052,0.0,5.5,0.0,0.34,10.78,140.0,4.19,0.716,0.057,839.0,450.0,63.63,0.142,0.0008,900.0,20.0,0.316,0.46,0.0,0.0,0.134,0.0,0.0,0.0,0.0,5.8,4.4,Side Dish,Generic,True,"Soy protein concentrate, produced by acid wash",Generic
174302,Soy Protein,Legumes and Legume Products,178.0,2.59,0.0,190.9,1.599,321.0,0.077,0.0,0.0,0.0,0.176,14.5,39.0,1.493,1.438,0.06,776.0,1590.0,88.32,0.1,0.0008,50.0,0.0,0.176,0.53,0.0,0.0,0.1,0.0,0.0,0.0,0.0,4.98,4.03,Side Dish,Generic,True,"Soy protein isolate, potassium type",Generic
174304,Fried Tofu,Legumes and Legume Products,961.0,8.86,0.0,0.0,0.398,270.0,2.918,0.0,3.9,0.0,0.027,4.87,95.0,1.495,0.1,0.14,287.0,146.0,18.82,0.05,0.0285,16.0,0.0,0.17,20.18,0.0,0.0,0.099,0.0,0.0,0.0,0.0,50.52,1.99,Main Course,Generic,True,"Tofu, fried, prepared with calcium sulfate",Asian
174306,Salted Cooked Yardlong Beans,Legumes and Legume Products,42.0,21.09,0.0,0.0,0.225,118.0,0.116,0.0,3.8,0.0,0.146,2.64,98.0,0.487,0.551,0.398,181.0,315.0,8.29,0.064,0.0028,241.0,0.0,0.212,0.45,0.001,0.0,0.095,0.4,0.0,0.0,0.0,68.8,1.08,Main Course,Generic,True,"Yardlong beans, mature seeds, cooked, boiled, with salt",Generic
174355,Braised Lamb Kidneys,"Lamb, Veal, and Game Products",18.0,0.99,565.0,0.0,0.37,137.0,1.23,0.0,0.0,0.0,0.081,12.4,20.0,0.144,5.99,2.04,290.0,178.0,23.65,2.07,0.2188,151.0,0.0,0.35,3.62,0.137,0.0789,0.12,12.0,0.0,0.0,0.0,70.45,3.8,Main Course,Generic,True,"Lamb, variety meats and by-products, kidneys, cooked, braised",Generic
174358,Pan-Fried Veal Liver,"Lamb, Veal, and Game Products",7.0,4.47,485.0,411.0,15.05,193.0,2.109,0.285,0.0,0.005,0.35,5.98,23.0,0.302,14.35,7.075,483.0,353.0,27.37,3.06,0.0249,85.0,0.0,0.178,6.51,20.074,0.0725,0.891,0.7,0.0,0.6,0.0016,59.87,11.9,Main Course,Generic,True,"Veal, variety meats and by-products, liver, cooked, pan-fried",Generic
174457,Cooked New Zealand Lamb Loin Chop,"Lamb, Veal, and Game Products",42.0,0.41,85.0,0.0,0.152,208.0,4.039,0.375,0.0,0.0,0.0,1.88,27.0,0.009,6.651,0.806,233.0,367.0,27.43,0.222,0.0073,84.0,0.0,0.097,10.7,0.006,0.00184,0.189,0.0,0.0001,0.37,0.0,60.21,3.48,Main Course,Generic,True,"Lamb, New Zealand, imported, loin chop, separable lean only, cooked, fast fried",Generic
174460,Cooked New Zealand Lamb Chop,"Lamb, Veal, and Game Products",10.0,0.04,78.0,0.0,0.144,212.0,4.743,0.59,0.0,0.0,0.0,1.93,25.0,0.009,5.899,0.675,210.0,353.0,24.26,0.142,0.0035,65.0,0.0,0.135,12.76,0.007,0.00209,0.155,0.0,0.0,0.28,0.0,63.15,3.66,Main Course,Generic,False,"Lamb, New Zealand, imported, leg chop/steak, bone-in, separable lean and fat, cooked, fast fried",Generic
174461,Cooked New Zealand Lamb Chops,"Lamb, Veal, and Game Products",31.0,0.41,81.0,0.0,0.118,332.0,11.272,1.437,0.0,0.0,0.0,1.62,22.0,0.008,5.229,0.628,194.0,313.0,21.5,0.18,0.0058,73.0,0.0,0.1,27.11,0.019,0.00152,0.153,0.0,0.0001,0.54,0.0,50.12,2.86,Main Course,Generic,False,"Lamb, New Zealand, imported, loin chop, separable lean and fat, cooked, fast fried",Generic
174462,Fast Roasted New Zealand Lamb,"Lamb, Veal, and Game Products",7.0,0.1,76.0,0.0,0.113,274.0,8.762,1.146,0.0,0.0,0.0,1.44,21.0,0.009,5.334,0.436,179.0,306.0,21.13,0.187,0.0036,69.0,0.0,0.116,20.98,0.016,0.00142,0.173,0.0,0.0001,0.44,0.0,58.22,2.61,Main Course,Generic,False,"Lamb, New Zealand, imported, loin saddle, separable lean and fat, cooked, fast roasted",Generic
174466,Simmered Chicken Giblets,Poultry Products,13.0,0.76,434.0,0.0,0.294,164.0,1.77,0.0,0.0,0.0,0.414,6.8,20.0,0.192,4.12,3.296,235.0,153.0,26.39,1.061,0.095,55.0,0.0,0.095,5.4,3.984,0.00114,0.38,9.0,0.0,0.0,0.0,66.54,4.67,Main Course,Generic,True,"Chicken, capons, giblets, cooked, simmered",Generic
174491,Pan-Fried Chicken Liver,Poultry Products,10.0,1.11,564.0,326.8,0.535,172.0,2.033,0.098,0.0,0.0,0.56,12.88,27.0,0.375,13.925,8.315,442.0,315.0,25.78,2.313,0.0882,92.0,0.0,0.292,6.43,4.296,0.02113,0.84,2.7,0.0,0.77,0.0,65.22,4.01,Main Course,Generic,True,"Chicken, liver, all classes, cooked, pan-fried",Generic
174505,Roasted Dark Meat Chicken Thighs,Poultry Products,11.0,0.09,128.0,93.6,0.073,214.0,4.145,0.091,0.0,0.0,0.004,1.02,23.0,0.011,5.898,1.128,197.0,254.0,23.47,0.243,0.0311,174.0,0.0,0.084,13.81,0.017,0.00041,0.394,0.0,0.0003,0.38,0.0,62.6,1.82,Main Course,Generic,True,"Chicken, dark meat, thigh, meat and skin, with added solution, cooked, roasted",Generic
174506,BBQ Rotisserie Chicken,Poultry Products,33.0,0.31,117.0,55.1,0.067,212.0,3.613,0.0,0.0,0.0,0.007,0.82,18.0,0.0,5.175,0.0,212.0,263.0,21.85,0.181,0.0411,563.0,0.31,0.069,13.87,0.015,0.00061,0.121,0.0,0.0,0.24,0.0,62.96,1.74,Main Course,Generic,True,"Chicken, broiler, rotisserie, BBQ, back meat only",Western
174570,Deli Roast Beef,Sausages and Luncheon Meats,5.0,0.64,51.0,43.9,0.086,115.0,1.318,0.148,0.0,0.0,0.005,2.05,20.0,0.015,5.581,0.566,242.0,647.0,18.62,0.213,0.0147,853.0,0.29,0.043,3.69,0.003,0.00204,0.46,0.0,0.0,0.49,0.0016,73.72,3.2,Main Course,Generic,True,"Roast beef, deli style, prepackaged, sliced",Generic
174580,Reduced Fat Turkey Sausage,Sausages and Luncheon Meats,31.0,10.92,58.0,92.1,0.149,204.0,2.871,0.0,0.3,0.0,0.023,1.8,21.0,0.221,2.137,0.722,164.0,207.0,17.0,0.151,0.0208,721.0,0.0,0.066,10.3,0.002,0.00028,0.234,0.0,0.0004,0.0,0.0,59.59,2.31,Main Course,Generic,True,"Sausage, turkey, reduced fat, brown and serve, cooked",Generic
174581,Poultry Salad Spread,Sausages and Luncheon Meats,10.0,7.41,30.0,49.6,0.03,200.0,3.45,0.0,0.0,0.0,0.005,0.61,10.0,0.009,1.669,0.27,33.0,183.0,11.64,0.071,0.0109,653.0,0.0,0.024,13.52,0.042,0.00038,0.11,1.0,0.0002,2.2,0.0,66.17,1.04,Main Course,Generic,True,Poultry salad sandwich spread,Generic
174597,Roast Beef Spread,Sausages and Luncheon Meats,23.0,3.73,70.0,0.0,0.101,223.0,6.4,0.0,0.2,0.0,0.008,2.06,24.0,0.0,4.2,0.0,116.0,259.0,15.27,0.23,0.0226,724.0,0.71,0.02,16.28,0.0,0.0023799999999999,0.15,0.2,0.0,0.0,0.0,61.7,6.08,Main Course,Generic,True,Roast beef spread,Generic
174604,Smoked Turkey Italian Sausage,Sausages and Luncheon Meats,21.0,4.65,53.0,0.0,0.111,158.0,3.401,0.0,0.9,0.0,0.008,9.6,25.0,0.066,3.675,0.797,185.0,197.0,15.05,0.173,0.0222,928.0,3.2,0.071,8.75,0.043,0.00043,0.381,30.4,0.0,0.0,0.0,68.5,2.13,Main Course,Generic,True,"Sausage, Italian, turkey, smoked",Generic
174606,Smoked Turkey Sausage,Sausages and Luncheon Meats,21.0,4.65,53.0,41.1,0.111,158.0,3.401,0.0,0.3,0.0,0.008,9.6,25.0,0.0,3.675,0.0,185.0,197.0,15.05,0.173,0.0222,916.0,3.2,0.071,8.75,0.043,0.00043,0.381,30.4,0.0002,0.09,0.0008,68.5,2.13,Main Course,Generic,True,"Sausage, turkey, hot, smoked",Generic
174608,Oven-Roasted Chicken Breast,Sausages and Luncheon Meats,6.0,1.79,39.0,0.0,0.069,134.0,2.48,0.0,0.0,0.0,0.003,0.32,17.0,0.017,6.536,0.565,121.0,324.0,14.59,0.062,0.0117,883.0,0.43,0.043,7.65,0.0,0.00024,0.298,0.0,0.0,0.07,0.0005,72.98,0.65,Main Course,Generic,True,"Chicken breast, roll, oven-roasted",Generic
174613,Rotisserie Turkey,Sausages and Luncheon Meats,16.0,7.7,55.0,0.0,0.039,112.0,0.118,0.0,0.4,0.0,0.004,2.2,20.0,0.02,5.159,0.584,158.0,349.0,13.5,0.114,0.0299,1200.0,4.0,0.033,3.0,0.002,0.00022,0.294,10.0,0.0,0.0,0.0,72.0,2.1,Main Course,Generic,True,"Turkey, white, rotisserie, deli cut",Generic
174618,Cooked Beef Sausage,Sausages and Luncheon Meats,11.0,0.35,82.0,51.4,0.069,332.0,10.905,1.44,0.0,0.0,0.003,1.57,14.0,0.0,3.6,0.515,141.0,258.0,18.21,0.15,0.0,813.0,0.0,0.048,27.98,0.013,0.0020099999999999,0.313,0.0,0.0005,0.24,0.0011,51.12,4.38,Main Course,Generic,False,"Sausage, beef, fresh, cooked",Generic
174650,Milk & Cereal Bar,Snacks,410.0,72.05,6.0,31.0,0.049,413.0,9.114,0.0,0.4,0.0,0.159,5.99,21.0,0.206,8.194,0.495,155.0,254.0,6.47,0.696,0.0077,319.0,45.97,0.615,10.98,0.188,0.002,0.819,15.4,0.0017,0.42,0.0025,8.69,0.84,Snack,Generic,True,Milk and cereal bar,Generic
174666,Stewed Dried Figs,Fruits and Fruit Juices,70.0,27.57,0.0,6.8,0.124,107.0,0.062,0.0,4.2,0.0,0.001,0.88,29.0,0.22,0.64,0.127,29.0,294.0,1.42,0.11,0.0002,4.0,23.35,0.011,0.4,0.0,0.0,0.133,4.4,0.0,0.15,0.0067,69.8,0.24,Snack,Generic,True,"Figs, dried, stewed",Generic
174669,Fruit Salad,Fruits and Fruit Juices,7.0,7.87,0.0,0.0,0.067,30.0,0.009,0.0,1.0,0.0,0.003,0.3,5.0,0.151,0.374,0.053,9.0,78.0,0.35,0.021,0.0,3.0,0.0,0.015,0.07,0.022,0.0,0.032,1.9,0.0,0.0,0.0,91.5,0.08,Snack,Generic,True,"Fruit salad, (peach and pear and apricot and pineapple and cherry), canned, water pack, solids and liquids",Generic
174670,Fruit Salad,Fruits and Fruit Juices,11.0,13.05,0.0,0.0,0.05,50.0,0.004,0.0,1.0,0.0,0.003,0.25,8.0,0.151,0.356,0.053,14.0,116.0,0.51,0.014,0.0,5.0,0.0,0.011,0.03,0.03,0.0,0.027,3.3,0.0,0.0,0.0,86.15,0.14,Snack,Generic,True,"Fruit salad, (peach and pear and apricot and pineapple and cherry), canned, juice pack, solids and liquids",Generic
174671,Canned Fruit Salad,Fruits and Fruit Juices,7.0,15.14,0.0,0.0,0.065,58.0,0.009,0.0,1.0,0.0,0.003,0.29,5.0,0.148,0.365,0.053,9.0,82.0,0.34,0.02,0.0,6.0,0.0,0.014,0.07,0.021,0.0,0.032,2.5,0.0,0.0,0.0,84.24,0.07,Snack,Generic,True,"Fruit salad, (peach and pear and apricot and pineapple and cherry), canned, light syrup, solids and liquids",Generic
174672,Fruit Salad,Fruits and Fruit Juices,6.0,22.77,0.0,0.0,0.063,88.0,0.009,0.0,1.0,0.0,0.003,0.28,5.0,0.143,0.353,0.053,9.0,80.0,0.33,0.02,0.0,5.0,0.0,0.014,0.06,0.032,0.0,0.032,2.1,0.0,0.0,0.0,76.64,0.07,Snack,Generic,True,"Fruit salad, (peach and pear and apricot and pineapple and cherry), canned, extra heavy syrup, solids and liquids",Generic
174673,Pink Grapefruit,Fruits and Fruit Juices,22.0,10.66,0.0,7.7,0.032,42.0,0.021,0.0,1.6,0.0,0.013,0.08,9.0,0.022,0.204,0.262,18.0,135.0,0.77,0.031,0.0001,0.0,6.89,0.043,0.14,0.058,0.0,0.053,31.2,0.0,0.13,0.0,88.06,0.07,Snack,Generic,True,"Grapefruit, raw, pink and red, all areas",Generic
174674,Pink Grapefruit,Fruits and Fruit Juices,11.0,9.69,0.0,0.0,0.032,37.0,0.014,0.0,0.0,0.0,0.012,0.08,9.0,0.02,0.191,0.283,12.0,147.0,0.5,0.02,0.0,1.0,0.0,0.034,0.1,0.013,0.0,0.042,38.1,0.0,0.0,0.0,89.31,0.07,Snack,Generic,True,"Grapefruit, raw, pink and red, California and Arizona",Generic
174675,Florida Pink Grapefruit,Fruits and Fruit Juices,15.0,7.5,0.0,0.0,0.044,30.0,0.014,0.0,1.1,0.0,0.009,0.12,8.0,0.01,0.2,0.283,9.0,127.0,0.55,0.02,0.0014,0.0,0.0,0.04,0.1,0.013,0.0,0.042,37.0,0.0,0.0,0.0,91.56,0.07,Snack,Generic,True,"Grapefruit, raw, pink and red, Florida",Generic
174676,Raw White Grapefruit,Fruits and Fruit Juices,12.0,8.41,0.0,7.7,0.05,33.0,0.014,0.0,1.1,0.0,0.01,0.06,9.0,0.013,0.269,0.283,8.0,148.0,0.69,0.02,0.0014,0.0,7.31,0.037,0.1,0.002,0.0,0.043,33.3,0.0,0.13,0.0,90.48,0.07,Snack,Generic,True,"Grapefruit, raw, white, all areas",Generic
174677,California White Grapefruit,Fruits and Fruit Juices,12.0,9.09,0.0,0.0,0.032,37.0,0.014,0.0,0.0,0.0,0.012,0.08,9.0,0.02,0.269,0.283,12.0,143.0,0.88,0.02,0.0,0.0,0.0,0.037,0.1,0.0,0.0,0.043,33.3,0.0,0.0,0.0,89.58,0.07,Snack,Generic,True,"Grapefruit, raw, white, California",Generic
174678,Unsweetened White Grapefruit Juice,Fruits and Fruit Juices,16.0,7.54,1.0,7.7,0.032,37.0,0.082,0.0,0.6,0.0,0.014,0.08,9.0,0.019,0.26,0.28,17.0,141.0,0.55,0.02,0.0001,2.0,7.69,0.064,0.66,0.002,0.0,0.037,33.7,0.0,0.21,0.0,90.97,0.05,Drink,Generic,True,"Grapefruit juice, white, canned or bottled, unsweetened",Generic
174679,Sweetened White Grapefruit Juice,Fruits and Fruit Juices,8.0,11.13,0.0,0.0,0.048,46.0,0.012,0.0,0.1,0.0,0.01,0.36,10.0,0.02,0.319,0.13,11.0,162.0,0.58,0.023,0.0001,2.0,11.03,0.04,0.09,0.0,0.0,0.02,26.9,0.0,0.04,0.0,87.38,0.06,Drink,Generic,True,"Grapefruit juice, white, canned, sweetened",Generic
174681,Unsweetened White Grapefruit Juice,Fruits and Fruit Juices,8.0,9.73,0.0,7.7,0.033,41.0,0.019,0.0,0.1,0.0,0.004,0.14,11.0,0.02,0.217,0.189,14.0,136.0,0.55,0.022,0.0001,1.0,9.63,0.041,0.13,0.0,0.0,0.044,33.7,0.0,0.04,0.0,89.3,0.05,Drink,Generic,True,"Grapefruit juice, white, frozen concentrate, unsweetened, diluted with 3 volume water",Generic
174682,Raw American Grapes,Fruits and Fruit Juices,14.0,17.15,0.0,5.6,0.04,67.0,0.114,0.0,0.9,0.0,0.004,0.29,5.0,0.718,0.3,0.024,10.0,191.0,0.63,0.057,0.0001,2.0,16.25,0.092,0.35,0.005,0.0,0.11,4.0,0.0,0.19,0.0146,81.3,0.04,Snack,Generic,True,"Grapes, american type (slip skin), raw",Generic
174683,Raw Grapes,Fruits and Fruit Juices,10.0,18.1,0.0,5.6,0.127,69.0,0.054,0.0,0.9,0.0078,0.002,0.36,7.0,0.071,0.188,0.05,20.0,191.0,0.72,0.07,0.0001,2.0,15.48,0.069,0.16,0.003,0.0,0.086,3.2,0.0,0.19,0.0146,80.54,0.07,Snack,Generic,True,"Grapes, red or green (European type, such as Thompson seedless), raw",Generic
174684,Canned Thompson Seedless Grapes,Fruits and Fruit Juices,10.0,10.3,0.0,3.8,0.056,40.0,0.035,0.0,0.6,0.0,0.003,0.98,6.0,0.039,0.13,0.041,18.0,107.0,0.5,0.023,0.0001,6.0,9.7,0.031,0.11,0.002,0.0,0.065,1.0,0.0,0.13,0.0098,88.84,0.05,Snack,Generic,True,"Grapes, canned, thompson seedless, water pack, solids and liquids",Generic
174685,Canned Grapes in Syrup,Fruits and Fruit Juices,10.0,19.65,0.0,3.8,0.054,76.0,0.033,0.0,0.6,0.0,0.003,0.94,6.0,0.038,0.125,0.041,17.0,103.0,0.48,0.022,0.0001,5.0,19.05,0.03,0.1,0.003,0.0,0.065,1.0,0.0,0.13,0.0098,79.53,0.05,Snack,Generic,True,"Grapes, canned, thompson seedless, heavy syrup pack, solids and liquids",Generic
174688,Grilled Top Loin Beef,Beef Products,17.0,0.3,86.0,0.0,0.096,195.0,2.987,0.34,0.0,0.0,0.007,2.06,26.0,0.0,8.654,0.0,235.0,377.0,29.33,0.15,0.0339,63.0,0.0,0.078,8.54,0.002,0.00392,0.61,0.0,0.0001,0.0,0.0016,60.67,5.69,Main Course,Generic,True,"Beef, top loin filet, boneless, separable lean only, trimmed to 1/8"" fat, all grades, cooked, grilled",Western
174689,Grilled Top Loin Beef,Beef Products,17.0,0.36,85.0,0.0,0.095,203.0,3.361,0.363,0.0,0.0,0.007,2.04,25.0,0.0,8.553,0.0,233.0,374.0,28.99,0.148,0.0343,62.0,0.0,0.077,9.48,0.001,0.00357,0.603,0.0,0.0001,0.0,0.0016,60.0,5.64,Main Course,Generic,True,"Beef, top loin filet, boneless, separable lean only, trimmed to 1/8"" fat, choice, cooked, grilled",Western
174690,Grilled Top Loin Steak,Beef Products,22.0,0.2,87.0,0.0,0.084,184.0,2.425,0.307,0.0,0.0,0.007,1.91,27.0,0.0,8.724,0.0,251.0,407.0,29.85,0.158,0.0332999999999999,65.0,0.0,0.085,7.12,0.002,0.00446,0.66,0.0,0.0001,0.0,0.0016,61.68,5.67,Main Course,Generic,True,"Beef, top loin filet, boneless, separable lean only, trimmed to 1/8"" fat, select, cooked, grilled",Western
174701,Grilled Ribeye Steak,Beef Products,6.0,0.17,82.0,0.0,0.099,199.0,3.205,0.398,0.0,0.0,0.007,2.77,28.0,0.0,5.816,0.0,262.0,410.0,28.77,0.228,0.0345,56.0,0.0,0.058,9.2,0.002,0.00325,0.551,0.0,0.0001,0.0,0.0016,60.74,7.21,Snack,Generic,True,"Beef, ribeye filet, boneless, separable lean only, trimmed to 0"" fat, all grades, cooked, grilled",Western
174702,Grilled Ribeye Steak,Beef Products,6.0,0.51,82.0,0.0,0.099,208.0,3.616,0.466,0.0,0.0,0.007,2.76,28.0,0.0,5.732,0.0,261.0,409.0,28.35,0.225,0.0332999999999999,56.0,0.0,0.057,10.26,0.001,0.00315,0.543,0.0,0.0001,0.0,0.0016,59.75,7.19,Snack,Generic,True,"Beef, ribeye filet, boneless, separable lean only, trimmed to 0"" fat, choice, cooked, grilled",Western
174704,Grilled Top Sirloin Cap Steak,Beef Products,7.0,1.1,83.0,0.0,0.162,238.0,5.092,0.685,0.0,0.0,0.006,3.23,26.0,0.0,3.961,0.0,231.0,368.0,26.3,0.263,0.035,91.0,0.0,0.074,14.3,0.007,0.00281,0.4,0.0,0.0002,0.0,0.0016,57.2,10.21,Snack,Generic,False,"Beef, loin, top sirloin cap steak, boneless, separable lean and fat, trimmed to 1/8"" fat, choice, cooked, grilled",Western
174705,Top Sirloin Cap Steak,Beef Products,6.0,0.4,85.0,0.0,0.125,249.0,5.737,0.731,0.0,0.0,0.006,3.19,24.0,0.0,4.093,0.0,217.0,342.0,25.5,0.385,0.0365,78.0,0.0,0.08,16.1,0.008,0.00271,0.413,0.0,0.0001,0.0,0.0016,56.9,9.88,Snack,Generic,False,"Beef, loin, top sirloin cap steak, boneless, separable lean and fat, trimmed to 1/8"" fat, select, cooked, grilled",Generic
174708,Top Loin Roast,Beef Products,7.0,1.0,82.0,0.0,0.166,228.0,4.361,0.7,0.0,0.0,0.006,3.3,27.0,0.0,4.067,0.0,236.0,376.0,27.0,0.269,0.0343,93.0,0.0,0.076,12.9,0.007,0.00411,0.411,0.0,0.0002,0.0,0.0016,58.0,10.42,Snack,Generic,False,"Beef, top loin petite roast, boneless, separable lean and fat, trimmed to 1/8"" fat, all grades, cooked, roasted",Western
174709,Roasted Choice Beef Tenderloin,Beef Products,7.0,1.1,80.0,0.0,0.165,239.0,4.824,0.757,0.0,0.0,0.007,3.29,27.0,0.0,4.037,0.0,235.0,375.0,26.8,0.267,0.0346,92.0,0.0,0.076,14.1,0.007,0.00377,0.408,0.0,0.0002,0.0,0.0016,56.9,10.39,Snack,Generic,False,"Beef, top loin petite roast, boneless, separable lean and fat, trimmed to 1/8"" fat, choice, cooked, roasted",Western
174710,Roasted Top Loin Beef Roast,Beef Products,6.0,0.9,85.0,0.0,0.135,213.0,3.666,0.614,0.0,0.0,0.006,3.43,26.0,0.0,4.35,0.0,234.0,369.0,27.1,0.409,0.0338,84.0,0.0,0.085,11.2,0.007,0.00462,0.439,0.0,0.0001,0.0,0.0016,59.7,10.65,Snack,Generic,False,"Beef, top loin petite roast, boneless, separable lean and fat, trimmed to 1/8"" fat, select, cooked, roasted",Generic
174728,Boiled New Zealand Beef Liver,Beef Products,4.0,3.78,243.0,0.0,5.73,150.0,1.392,0.09,0.0,0.0,0.0,7.17,21.0,0.328,13.8,9.8,397.0,336.0,23.3,3.04,0.0162,55.0,0.0,0.376,4.68,21.014,0.096,0.452,0.0,0.0001,1.28,0.0,66.44,3.4,Main Course,Generic,True,"Beef, New Zealand, imported, variety meats and by-products liver, cooked, boiled",Generic
174751,Cooked New Zealand Striploin Beef,Beef Products,8.0,0.02,69.0,0.0,0.068,301.0,8.244,0.613,0.0,0.0,0.0,1.72,21.0,0.003,4.25,0.358,192.0,325.0,24.89,0.077,0.0037,50.0,0.0,0.054,22.33,0.016,0.00084,0.279,0.0,0.0003,0.44,0.0,52.4,2.92,Main Course,Generic,False,"Beef, New Zealand, imported, striploin, separable lean and fat, cooked, fast fried",Generic
174769,Cooked Tripe,Beef Products,81.0,1.99,157.0,0.0,0.0,94.0,1.357,0.2,0.0,0.0,0.003,0.66,15.0,0.103,0.461,0.097,66.0,42.0,11.71,0.025,0.0118,68.0,0.0,0.0,4.05,0.0,0.0007199999999999,0.0,0.0,0.0,0.14,0.0,81.65,1.71,Main Course,Generic,True,"Beef, variety meats and by-products, tripe, cooked, simmered",Generic
174778,Low Fat Popcorn,Snacks,11.0,72.0,0.0,16.5,0.545,424.0,1.415,0.0,14.2,0.0,0.017,2.28,151.0,0.0,2.07,0.0,264.0,241.0,12.6,0.11,0.0086,629.0,0.92,0.35,9.5,0.012,0.0,0.17,0.0,0.0,0.5,0.0015,2.8,3.83,Snack,Generic,True,"Snacks, popcorn, microwave, low fat",Generic
174780,Snickers Marathon Bar,Snacks,965.0,47.24,4.0,0.0,0.0,396.0,4.728,0.204,2.5,0.0,1.236,0.0,255.0,0.0,36.364,18.182,455.0,0.0,24.29,3.091,0.0,462.0,32.86,2.727,13.12,0.0,0.01091,3.636,144.4,0.0,24.55,0.0,12.9,9.55,Snack,Generic,True,"Formulated bar, MARS SNACKFOOD US, SNICKERS MARATHON Chewy Chocolate Peanut Bar",Generic
174781,Snickers Marathon Crunch Bar,Snacks,953.0,57.27,3.0,0.0,0.0,422.0,4.794,0.197,2.8,0.0,1.236,14.67,255.0,0.0,36.364,18.182,455.0,0.0,18.49,3.091,0.0,418.0,33.04,2.727,13.18,0.0,0.01091,3.636,144.3,0.0,24.57,0.0,7.99,9.55,Snack,Generic,True,"Formulated bar, MARS SNACKFOOD US, SNICKERS MARATHON MULTIGRAIN CRUNCH BAR",Generic
174783,Sweet Potato Chips,Snacks,59.0,56.82,0.0,36.6,0.412,532.0,2.941,0.0,8.8,0.0,0.037,2.12,65.0,1.349,2.088,1.551,145.0,925.0,2.94,0.161,0.0021,35.0,8.82,0.088,32.35,1.184,0.0,0.535,0.0,0.0,9.82,0.0245,4.51,0.53,Snack,Generic,True,"Snacks, sweet potato chips, unsalted",Generic
174785,Butter Popcorn,Snacks,20.0,55.16,0.0,13.9,0.188,557.0,7.216,9.802,10.0,0.0,0.015,1.85,94.0,0.771,1.432,0.18,251.0,240.0,7.5,0.046,0.0040999999999999,764.0,0.55,0.032,34.02,0.022,0.0,0.282,0.1,0.0,2.62,0.0035,0.34,2.16,Snack,Generic,False,"Snacks, popcorn, microwave, regular (butter) flavor, made with partially hydrogenated oil",Generic
174787,Nutz Over Chocolate Luna Bar,Snacks,886.0,52.49,0.0,41.5,1.41,403.0,5.523,0.012,4.3,0.0017,1.773,14.2,329.0,2.59,37.1,15.9,785.0,412.0,20.75,3.0,0.0625,386.0,16.9,0.12,12.19,0.374,0.0064,2.4,68.0,0.0031,8.4,0.0407999999999999,9.38,9.72,Snack,Generic,True,"Formulated bar, LUNA BAR, NUTZ OVER CHOCOLATE",Generic
174790,Unsalted Soft Pretzels,Snacks,23.0,71.04,0.0,17.7,0.126,345.0,0.695,0.0,1.7,0.0,0.024,3.92,21.0,0.0,4.27,0.0,79.0,88.0,8.2,0.29,0.0172,252.0,0.25,0.41,3.1,0.0,0.0,0.02,0.0,0.0,0.54,0.0027,15.0,0.94,Snack,Generic,True,"Pretzels, soft, unsalted",Generic
174791,Vegetable Chips,Snacks,79.0,57.97,0.0,27.5,0.433,517.0,1.887,0.095,10.9,0.0,0.087,1.64,86.0,1.205,1.768,1.721,198.0,1266.0,4.13,0.131,0.0032,246.0,9.75,0.227,29.81,0.097,0.0,0.53,12.1,0.0,8.16,0.0445,4.54,1.15,Snack,Generic,True,"Snacks, vegetable chips, HAIN CELESTIAL GROUP, TERRA CHIPS",Generic
174792,Crunch Bar,Snacks,200.0,45.0,8.0,73.0,0.774,426.0,4.499,0.0,2.0,0.0,0.272,3.6,80.0,0.846,20.0,5.0,300.0,250.0,30.0,1.7,0.0039,444.0,27.0,0.75,14.0,1.05,0.0042,2.0,120.0,0.0,24.0,0.0016,7.0,7.5,Snack,Generic,True,"Formulated bar, ZONE PERFECT CLASSIC CRUNCH BAR, mixed flavors",Generic
174793,Chewy Granola Bars,Snacks,103.0,63.42,6.0,48.4,0.382,390.0,3.227,0.0,7.7,0.0002,0.039,1.62,321.0,0.562,0.68,0.503,255.0,429.0,16.67,0.151,0.0113,321.0,42.31,0.135,7.69,0.017,0.00016,0.095,0.4,0.0002,0.81,0.0036,9.23,1.4,Snack,Generic,True,"Snacks, granola bar, KASHI GOLEAN, chewy, mixed flavors",Generic
174794,Chewy Granola Bar,Snacks,0.0,53.26,0.0,46.7,0.506,429.0,1.213,0.005,11.4,0.0003,0.046,3.39,107.0,0.779,1.158,0.389,271.0,415.0,18.57,0.289,0.0091,293.0,17.14,0.115,15.71,0.002,0.0,0.063,0.0,0.0,7.14,0.0027,9.34,1.6,Snack,Generic,True,"Snacks, granola bar, KASHI TLC Bar, chewy, mixed flavors",Generic
174795,Quaker Granola Bars,Snacks,333.0,75.47,36.0,47.3,0.173,389.0,1.299,0.002,4.6,0.0003,0.113,6.0,69.0,1.547,6.667,0.628,167.0,238.0,6.67,0.567,0.016,367.0,31.54,0.5,6.67,0.236,8e-05,0.667,0.9,0.0001,2.25,0.0069,9.86,1.42,Snack,Generic,True,"Snacks, granola bars, QUAKER OATMEAL TO GO, all flavors",Generic
174796,Vegetable Chips,Snacks,52.0,60.43,0.0,31.5,0.232,473.0,1.762,0.091,4.7,0.0,0.016,1.55,53.0,0.275,2.767,0.474,130.0,838.0,5.32,0.059,0.001,412.0,4.04,0.133,23.3,0.009,0.0,0.545,4.9,0.0,4.84,0.0175,6.31,0.5,Snack,Generic,True,"Snacks, vegetable chips, made from garden vegetables",Generic
174797,Crunchy Mixed Flavor Granola Bar,Snacks,0.0,62.78,0.0,25.5,0.678,446.0,1.436,0.0,10.0,0.0001,0.081,2.7,97.0,3.137,2.403,0.979,333.0,545.0,15.0,0.163,0.0189,400.0,20.0,0.486,15.0,0.001,0.0,0.536,0.0,0.0,2.3,0.0098,2.74,2.86,Snack,Generic,True,"Snacks, granola bar, KASHI TLC Bar, crunchy, mixed flavors",Generic
174799,Mixed Flavor Clif Bars,Snacks,368.0,65.44,0.0,46.2,0.441,346.0,1.471,0.0,7.4,0.0,0.118,6.62,147.0,2.146,4.412,2.206,294.0,412.0,14.71,0.375,0.0206,195.0,31.62,0.551,5.88,0.001,0.00132,0.588,88.2,0.0,0.24,0.0368,11.0,4.41,Snack,Generic,True,"Snacks, CLIF BAR, mixed flavors",Generic
174800,Chewy Granola Bar,Snacks,333.0,79.17,0.0,24.4,0.307,408.0,2.083,0.0,4.2,0.0,0.017,1.5,71.0,1.389,1.064,0.506,152.0,224.0,4.17,0.076,0.0101,313.0,29.17,0.189,8.33,0.003,3e-05,0.122,0.5,0.0,2.23,0.0028,6.23,1.23,Snack,Generic,True,"Snacks, granola bar, QUAKER, chewy, 90 Calorie Bar",Generic
174801,Peanut Granola Bar,Snacks,57.0,61.14,0.0,49.1,0.339,487.0,6.857,0.0,2.9,0.0,0.078,1.44,102.0,1.157,3.413,0.644,272.0,390.0,9.14,0.528,0.01,414.0,33.14,0.357,22.86,0.142,0.00025,0.32,0.3,0.0,6.89,0.0117,3.7,1.77,Snack,Generic,True,"Snacks, granola bar, GENERAL MILLS NATURE VALLEY, SWEET&SALTY NUT, peanut",Generic
174802,Yogurt Coated Granola Bar,Snacks,286.0,74.29,0.0,19.6,0.173,423.0,1.372,0.037,4.4,0.0,0.205,1.03,62.0,1.297,7.302,0.499,191.0,168.0,5.71,0.542,0.0123,271.0,40.0,0.905,11.43,0.475,1e-05,0.708,0.0,0.0,1.7,0.0069,7.18,1.58,Snack,Generic,True,"Snacks, granola bar, GENERAL MILLS, NATURE VALLEY, with yogurt coating",Generic
174803,Mixed Berry Snack Bar,Snacks,105.0,58.84,0.0,39.8,0.244,383.0,3.846,0.001,7.9,0.0115,0.028,1.89,91.0,1.963,0.858,1.104,343.0,446.0,13.16,0.285,0.0198,447.0,26.32,0.283,10.53,0.027,0.00051,0.116,0.6,0.0001,0.29,0.0016,15.52,2.64,Snack,Generic,True,"Snack, Mixed Berry Bar",Generic
174804,Multigrain Potato Chips,Snacks,26.0,65.34,0.0,32.9,0.141,505.0,6.307,0.149,2.7,0.0,0.016,0.85,40.0,0.761,2.558,0.603,127.0,330.0,5.3,0.085,0.0084,544.0,4.08,0.132,24.74,0.0,0.0,0.252,0.7,0.0,9.08,0.0073,2.27,0.91,Snack,Generic,True,"Snacks, potato chips, made from dried potatoes (preformed), multigrain",Generic
174805,Lightly Salted Potato Chips,Snacks,24.0,53.54,0.0,12.1,0.299,560.0,5.49,0.215,4.2,0.0613,0.058,1.43,62.0,0.478,5.476,0.815,148.0,1304.0,6.72,0.173,0.0078,187.0,0.34,0.158,35.39,0.0,0.0,0.651,27.3,0.0,7.72,0.0221,1.35,1.51,Snack,Generic,True,"Snacks, potato chips, lightly salted",Generic
174820,Chocolate Almond Milk,Beverages,188.0,9.38,0.0,2.0,0.067,50.0,0.0,0.0,0.4,0.0692,0.001,0.53,12.0,0.083,0.103,0.035,19.0,75.0,0.63,0.177,0.0002,71.0,8.75,0.022,1.25,0.063,0.00125,0.006,4.4,0.001,2.81,0.0,88.43,0.63,Drink,Generic,True,"Beverages, almond milk, chocolate, ready-to-drink",Generic
174832,Unsweetened Almond Milk,Beverages,184.0,1.31,0.0,3.1,0.02,15.0,0.08,0.0,0.2,0.0,0.001,0.28,6.0,0.04,0.07,0.01,9.0,67.0,0.4,0.01,0.0001,72.0,0.81,0.0,0.96,0.0,0.0,0.0,0.0,0.001,6.33,0.0,96.54,0.06,Drink,Generic,True,"Beverages, almond milk, unsweetened, shelf stable",Generic
174856,Ruby Red Cranberry Juice,Beverages,5.0,11.58,0.0,0.0,0.009,45.0,0.003,0.0,0.6,0.0,0.008,0.04,2.0,0.006,0.026,0.0,4.0,39.0,0.07,0.0,0.0,11.0,11.02,0.0,0.01,0.024,0.0,0.0,27.1,0.0,0.0,0.0001,88.26,0.02,Drink,Generic,True,"Beverages, OCEAN SPRAY, Ruby Red cranberry",Generic
174876,Slow Roasted Lamb Shoulder,"Lamb, Veal, and Game Products",12.0,0.03,72.0,0.0,0.095,294.0,9.332,1.236,0.0,0.0,0.0,1.41,20.0,0.008,3.618,0.399,176.0,299.0,20.88,0.198,0.0057,72.0,0.0,0.072,23.39,0.011,0.00218,0.159,0.0,0.0001,0.4,0.0,55.93,3.87,Main Course,Generic,False,"Lamb, New Zealand, imported, square-cut shoulder, separable lean and fat, cooked, slow roasted",Generic
174879,Pan-Fried Ground Veal,"Lamb, Veal, and Game Products",18.0,1.51,77.0,119.6,0.116,215.0,4.368,0.448,0.0,0.0,0.006,1.5,34.0,0.009,7.9,0.88,231.0,245.0,25.83,0.43,0.0185,146.0,0.0,0.095,11.78,0.0,0.0035299999999999,0.508,0.0,0.0014,0.26,0.0015,59.87,2.95,Main Course,Generic,True,"Veal, ground, cooked, pan-fried",Generic
174895,Roasted Lamb Leg,"Lamb, Veal, and Game Products",4.0,0.08,113.0,0.0,0.136,226.0,5.483,0.813,0.0,0.0,0.0,2.41,24.0,0.004,6.783,0.749,203.0,291.0,30.15,0.524,0.0084,77.0,0.0,0.14,11.64,0.002,0.00252,0.391,0.0,0.0,0.28,0.0,54.95,3.9,Main Course,Generic,False,"Lamb, Australian, imported, fresh, leg, trotter off, bone-in, separable lean and fat, trimmed to 1/8"" fat, cooked, roasted",Generic
174899,Plain Bagels,Baked Products,219.0,52.38,0.0,14.6,0.128,264.0,0.36,0.021,1.6,0.0,0.163,3.57,29.0,0.539,4.515,0.407,99.0,107.0,10.56,0.344,0.0215,422.0,8.43,0.568,1.32,0.0,0.0,0.07,0.0,0.0,7.46,0.0002,33.81,0.83,Snack,Generic,True,"Bagels, plain, enriched, with calcium propionate (includes onion, poppy, sesame)",Western
174900,Toasted Plain Bagels,Baked Products,15.0,57.39,0.0,15.8,0.15,287.0,0.229,0.0,1.8,0.0,0.203,4.5,24.0,0.575,4.375,0.229,92.0,116.0,11.14,0.27,0.0252,457.0,9.14,0.602,1.43,0.0,0.0,0.07,0.0,0.0,0.12,0.001,28.27,1.3,Snack,Generic,True,"Bagels, plain, enriched, with calcium propionate (includes onion, poppy, sesame), toasted",Western
174901,Egg Bagels,Baked Products,13.0,53.0,24.0,0.0,0.09,278.0,0.421,0.0,2.3,0.0,0.134,3.98,25.0,0.41,3.443,0.671,84.0,68.0,10.6,0.235,0.0306,505.0,0.0,0.536,2.1,0.033,0.00016,0.087,0.6,0.0,0.0,0.0,32.7,0.77,Snack,Generic,True,"Bagels, egg",Western
174904,Lower Fat Biscuits,Baked Products,26.0,43.7,0.0,3.5,0.079,270.0,3.14,0.0,2.0,0.0,0.14,2.13,15.0,0.301,3.295,0.367,400.0,159.0,6.7,0.222,0.0189,828.0,7.18,0.448,7.83,0.0,0.0,0.024,0.1,0.0,0.06,0.0019,37.76,0.39,Side Dish,Generic,True,"Biscuits, plain or buttermilk, refrigerated dough, lower fat",Generic
174905,Lower Fat Buttermilk Biscuits,Baked Products,19.0,51.6,0.0,4.1,0.092,319.0,3.648,0.0,2.3,0.026,0.138,3.09,17.0,0.35,3.448,0.277,465.0,185.0,7.8,0.232,0.0178,962.0,8.14,0.417,9.1,0.0,0.0,0.029,0.0,0.0,0.07,0.0022,27.7,0.46,Side Dish,Generic,True,"Biscuits, plain or buttermilk, refrigerated dough, lower fat, baked",Generic
174937,Fruit Coffee Cake,Baked Products,45.0,51.5,7.0,0.0,0.03,311.0,2.495,0.0,2.5,0.0,0.067,2.43,17.0,0.24,2.573,0.66,118.0,90.0,5.2,0.19,0.0165,385.0,0.0,0.037,10.2,0.007,2e-05,0.037,0.8,0.0,0.0,0.0,31.7,0.65,Snack,Generic,True,"Cake, coffeecake, fruit",Generic
174939,Fruitcake,Baked Products,33.0,61.6,5.0,8.9,0.05,324.0,1.048,0.0,3.7,0.0,0.032,2.07,16.0,0.22,0.791,0.226,52.0,153.0,2.9,0.099,0.002,101.0,27.42,0.05,9.1,0.007,1e-05,0.046,0.5,0.0,0.9,0.0015,25.3,0.27,Snack,Generic,True,"Cake, fruitcake, commercially prepared",Generic
174940,Commercial Pound Cake,Baked Products,64.0,52.5,58.0,0.0,0.054,389.0,4.647,0.0,1.0,0.0,0.055,1.62,13.0,0.088,1.349,0.285,134.0,106.0,5.2,0.26,0.0068,400.0,0.0,0.143,17.9,0.035,0.00014,0.023,0.1,0.0,0.0,0.0,23.1,0.39,Snack,Generic,True,"Cake, pound, commercially prepared, other than all butter, enriched",Generic
174941,Shortcake,Baked Products,205.0,48.5,3.0,0.0,0.076,346.0,3.772,0.0,0.0,0.0,0.083,2.54,16.0,0.33,2.573,0.248,143.0,106.0,6.1,0.272,0.017,506.0,0.0,0.311,14.2,0.018,7.000000000000001e-05,0.03,0.2,0.0,0.0,0.0,28.4,0.48,Snack,Generic,True,"Cake, shortcake, biscuit-type, prepared from recipe",Generic
174943,Creme-Filled Snack Cakes,Baked Products,24.0,64.03,41.0,37.8,0.148,374.0,4.139,1.621,1.0,0.0,0.054,1.36,8.0,0.305,1.549,0.226,185.0,71.0,3.47,0.168,0.0035,470.0,37.3,0.181,11.54,0.005,0.00019,0.0,0.1,0.0001,0.62,0.0097,19.6,0.6,Snack,Generic,False,"Cake, snack cakes, creme-filled, sponge",Generic
174950,Butter Cookies,Baked Products,29.0,68.9,117.0,6.5,0.2,467.0,11.051,0.0,0.8,0.0,0.125,2.22,12.0,0.17,3.19,0.488,102.0,111.0,6.1,0.335,0.0084,282.0,20.24,0.37,18.8,0.165,0.0003599999999999,0.036,0.0,0.0004,0.58,0.0017,4.6,0.38,Snack,Generic,True,"Cookies, butter, commercially prepared, enriched",Western
174953,Refrigerated Chocolate Chip Cookie Dough,Baked Products,14.0,61.02,7.0,0.0,0.18,451.0,8.39,2.47,1.5,0.0,0.091,2.0,24.0,0.373,1.975,0.308,69.0,180.0,3.98,0.191,0.005,321.0,38.04,0.187,21.33,0.004,8e-05,0.038,0.0,0.0,0.0,0.0,12.08,0.5,Snack,Generic,False,"Cookies, chocolate chip, refrigerated dough",Western
174954,Baked Chocolate Chip Cookies,Baked Products,28.0,68.2,27.0,0.0,0.2,492.0,7.759,0.0,1.7,0.0,0.07,2.5,27.0,0.473,1.975,0.18,76.0,200.0,4.9,0.191,0.0056,232.0,0.0,0.166,22.6,0.018,7.000000000000001e-05,0.005,0.0,0.0,0.0,0.0,3.0,0.56,Snack,Generic,True,"Cookies, chocolate chip, refrigerated dough, baked",Western
174955,Chocolate Chip Cookies,Baked Products,39.0,58.4,32.0,0.0,0.383,488.0,8.074,0.0,2.8,0.0,0.047,2.46,55.0,0.663,1.362,0.255,100.0,224.0,5.7,0.178,0.0111,361.0,0.0,0.185,28.3,0.143,8e-05,0.085,0.3,0.0,0.0,0.0,5.7,0.93,Snack,Generic,True,"Cookies, chocolate chip, prepared from recipe, made with margarine",Western
174959,Lemon Ladyfingers,Baked Products,47.0,59.7,221.0,92.0,0.095,365.0,3.069,0.0,1.0,0.0,0.076,3.58,12.0,0.24,2.104,1.116,173.0,113.0,10.6,0.428,0.0211,147.0,25.39,0.284,9.1,0.003,0.00075,0.122,3.7,0.0006,0.63,0.0002,19.5,1.14,Snack,Generic,True,"Cookies, ladyfingers, with lemon juice and rind",Western
174961,Refrigerated Oatmeal Cookies,Baked Products,31.0,59.1,24.0,0.0,0.11,424.0,4.751,0.0,2.5,0.0,0.053,2.14,28.0,0.765,1.865,0.372,104.0,147.0,5.4,0.148,0.0091,294.0,0.0,0.234,18.9,0.004,4e-05,0.041,0.0,0.0,0.0,0.0,15.3,0.64,Snack,Generic,True,"Cookies, oatmeal, refrigerated dough",Western
174962,Baked Oatmeal Cookies,Baked Products,35.0,65.7,26.0,0.0,0.122,471.0,5.339,0.0,2.8,0.0,0.041,2.38,32.0,0.953,1.865,0.21,116.0,163.0,6.0,0.148,0.0101,327.0,0.0,0.208,21.0,0.004,4e-05,0.055,0.1,0.0,0.0,0.0,5.8,0.71,Snack,Generic,True,"Cookies, oatmeal, refrigerated dough, baked",Western
174963,Oatmeal Raisin Cookies,Baked Products,28.0,68.95,0.0,0.0,0.139,441.0,5.439,0.043,3.3,0.0,0.0,2.3,34.0,0.802,2.071,0.397,114.0,230.0,5.86,0.216,0.0059,322.0,33.14,0.281,15.76,0.0,0.0,0.068,0.0,0.0,0.0,0.0,7.98,0.65,Snack,Generic,True,"Cookies, oatmeal, with raisins",Western
174964,Peanut Butter Cookies,Baked Products,39.0,58.9,31.0,0.0,0.183,475.0,4.438,0.0,0.0,0.0,0.081,2.23,39.0,0.57,3.514,0.345,116.0,231.0,9.0,0.21,0.0148,518.0,0.0,0.222,23.8,0.137,8.999999999999999e-05,0.084,0.1,0.0,0.0,0.0,5.9,0.82,Snack,Generic,True,"Cookies, peanut butter, prepared from recipe",Western
174965,Peanut Butter Cookies,Baked Products,53.0,65.6,0.0,18.7,0.237,478.0,4.995,0.0,1.9,0.0,0.093,2.6,49.0,0.912,3.739,0.915,188.0,192.0,8.8,0.263,0.0077,368.0,35.44,0.325,21.1,0.001,0.00023,0.139,0.1,0.0,1.87,0.0039,2.8,1.06,Snack,Generic,True,"Cookies, peanut butter sandwich, regular",Western
174966,Raisin Cookies,Baked Products,46.0,68.0,2.0,14.7,0.413,401.0,3.46,0.0,1.2,0.0,0.048,2.29,21.0,0.305,1.967,0.244,83.0,140.0,4.1,0.206,0.0028,418.0,47.56,0.216,13.6,0.002,3e-05,0.052,0.4,0.0,2.22,0.0039,13.1,0.32,Snack,Generic,True,"Cookies, raisin, soft-type",Western
174969,Peanut Butter Sandwich Cookies,Baked Products,43.0,50.8,0.0,0.0,0.267,535.0,4.937,0.0,0.0,0.0,0.069,2.55,51.0,0.705,5.259,0.507,154.0,294.0,10.0,0.148,0.0035,412.0,0.0,0.346,34.0,0.0,1e-05,0.078,0.0,0.0,0.0,0.0,3.7,1.03,Snack,Generic,True,"Cookies, peanut butter sandwich, special dietary",Western
174970,Sugar-Free Cream-Filled Cookies,Baked Products,0.0,66.26,0.0,1.2,0.038,531.0,4.257,0.0,14.3,0.0,0.069,1.29,7.0,0.254,1.8,0.098,40.0,57.0,3.57,0.15,0.0063,71.0,0.0,0.24,28.57,0.0,0.0,0.009,0.0,0.0,3.08,0.0026,0.7,0.2,Snack,Generic,True,"Cookies, sugar wafer, with creme filling, sugar free",Western
174971,Sugar Cookies,Baked Products,35.0,67.34,12.0,10.8,0.079,464.0,7.666,0.49,1.3,0.0,0.095,2.24,13.0,0.307,2.942,0.28,99.0,87.0,5.35,0.236,0.0081999999999999,385.0,27.31,0.232,19.55,0.007,0.00019,0.068,0.1,0.0,3.07,0.0086,6.29,0.43,Snack,Generic,True,"Cookies, sugar, commercially prepared, regular (includes vanilla)",Western
174972,Sugar Cookies,Baked Products,8.0,61.22,11.0,0.0,0.037,436.0,4.955,0.0,0.9,0.0,0.0,1.85,7.0,0.308,2.412,0.246,169.0,147.0,4.0,0.122,0.0031,328.0,36.51,0.205,19.48,0.011,2e-05,0.019,0.0,0.0,0.19,0.0088,14.08,0.24,Snack,Generic,True,"Cookies, sugar, refrigerated dough",Western
174973,Lower Fat Vanilla Wafers,Baked Products,48.0,73.6,51.0,27.6,0.1,441.0,3.838,0.0,1.9,0.0,0.096,2.38,14.0,0.262,3.106,0.41,104.0,97.0,5.0,0.32,0.0113,388.0,37.5,0.275,15.2,0.008,0.00013,0.073,0.0,0.0,0.23,0.006,5.1,0.36,Snack,Generic,True,"Cookies, vanilla wafers, lower fat",Western
174974,Vanilla Wafers,Baked Products,36.0,72.6,9.0,11.5,0.07,455.0,4.245,0.6,1.6,0.0,0.108,2.79,12.0,0.29,3.307,0.351,88.0,99.0,4.9,0.316,0.0056,325.0,35.07,0.289,16.41,0.0,0.0,0.055,0.0,0.0,2.27,0.029,4.98,0.36,Snack,Generic,False,"Cookies, vanilla wafers, higher fat",Western
174975,Cheese Crackers,Baked Products,136.0,59.42,3.0,8.7,0.125,489.0,5.288,0.542,2.3,0.0,0.241,4.88,25.0,0.562,6.113,0.472,200.0,156.0,10.93,0.338,0.0135,973.0,4.53,0.562,22.74,0.017,0.00034,0.17,0.0,0.0,2.19,0.0094,3.55,1.19,Snack,Generic,False,"Crackers, cheese, regular",Generic
174976,Peanut Butter Cheese Crackers,Baked Products,50.0,56.74,0.0,24.7,0.302,496.0,4.406,0.0,3.4,0.0,0.142,2.72,56.0,0.822,5.831,0.485,268.0,218.0,12.41,0.294,0.0081999999999999,829.0,6.98,0.552,25.12,0.001,0.00028,0.151,0.0,0.0,2.37,0.012,3.28,1.04,Snack,Generic,True,"Crackers, cheese, sandwich-type with peanut butter filling",Western
174977,Plain Melba Toast,Baked Products,93.0,76.6,0.0,19.8,0.289,390.0,0.445,0.0,6.3,0.0,0.193,3.7,59.0,1.13,4.113,0.693,196.0,202.0,12.1,0.273,0.0348,598.0,0.94,0.413,3.2,0.0,0.0,0.098,0.0,0.0,0.43,0.0009,5.1,2.01,Snack,Generic,True,"Crackers, melba toast, plain",Western
174978,Rye Melba Toast,Baked Products,78.0,77.3,0.0,0.0,0.401,389.0,0.453,0.0,8.0,0.0,0.129,3.68,39.0,0.738,4.718,0.484,183.0,193.0,11.6,0.284,0.0387,899.0,0.0,0.473,3.4,0.0,0.0,0.086,0.0,0.0,0.0,0.0,4.9,1.36,Snack,Generic,True,"Crackers, melba toast, rye (includes pumpernickel)",Western
174979,Wheat Melba Toast,Baked Products,43.0,76.4,0.0,0.0,0.265,374.0,0.337,0.0,7.4,0.0,0.208,4.5,56.0,1.064,5.083,0.517,165.0,148.0,12.9,0.299,0.055,837.0,0.0,0.422,2.3,0.0,0.0,0.103,0.0,0.0,0.0,0.0,5.5,1.5,Snack,Generic,True,"Crackers, melba toast, wheat",Western
174980,Milk Crackers,Baked Products,172.0,71.73,11.0,10.8,0.227,446.0,2.912,0.0,3.4,0.0,0.139,3.58,22.0,0.552,4.43,0.407,303.0,114.0,7.6,0.418,0.0159,687.0,10.32,0.538,13.77,0.016,8e-05,0.037,0.2,0.0,1.22,0.0038,4.7,0.67,Snack,Generic,True,"Crackers, milk",Western
174981,Rusk Toast Crackers,Baked Products,27.0,72.3,78.0,0.0,0.245,407.0,1.376,0.0,0.0,0.0,0.103,2.72,36.0,0.439,4.625,0.605,153.0,245.0,13.5,0.399,0.0201,253.0,0.0,0.404,7.2,0.012,0.0001799999999999,0.047,0.0,0.0,0.0,0.0,5.5,1.1,Snack,Generic,True,"Crackers, rusk toast",Western
174982,Regular Snack Crackers,Baked Products,120.0,61.3,0.0,9.6,0.104,510.0,5.562,1.076,2.3,0.0,0.15,4.03,18.0,0.491,4.352,0.417,248.0,118.0,6.64,0.456,0.0067,726.0,8.18,0.416,26.43,0.0,0.0,0.063,0.0,0.0,3.03,0.0693,3.14,0.49,Snack,Generic,False,"Crackers, standard snack-type, regular",Western
174983,Cheese-Filled Sandwich Crackers,Baked Products,257.0,61.7,2.0,27.5,0.082,477.0,6.125,0.0,1.9,0.0,0.16,2.39,36.0,0.29,3.766,0.509,406.0,429.0,9.3,0.684,0.0215,978.0,3.18,0.446,21.1,0.017,0.0001,0.049,0.1,0.0,0.22,0.0083,3.9,0.62,Snack,Generic,True,"Crackers, standard snack-type, sandwich, with cheese filling",Western
174984,Peanut Butter Sandwich Crackers,Baked Products,81.0,58.38,0.0,24.7,0.324,494.0,4.803,0.0,2.3,0.0,0.122,2.77,55.0,0.784,6.114,0.476,274.0,215.0,11.47,0.271,0.0108,801.0,10.5,0.489,24.54,0.001,1e-05,0.148,0.0,0.0,2.06,0.0095,2.93,1.13,Snack,Generic,True,"Crackers, standard snack-type, sandwich, with peanut butter filling",Generic
174985,Wheat Crackers,Baked Products,92.0,70.73,0.0,27.2,0.274,455.0,3.21,0.034,6.9,0.0,0.04,2.64,72.0,1.549,4.022,0.577,302.0,283.0,7.3,0.146,0.0099,699.0,15.48,0.284,16.4,0.0,0.0,0.244,0.0,0.0,1.55,0.0141999999999999,2.75,1.64,Snack,Generic,True,"Crackers, wheat, regular",Western
174986,Cream Puff Shells,Baked Products,36.0,22.8,171.0,114.4,0.051,360.0,5.599,0.0,0.8,0.0,0.075,2.02,12.0,0.211,1.567,0.624,119.0,97.0,9.0,0.36,0.024,483.0,0.25,0.206,25.9,0.288,0.00039,0.075,0.0,0.0014,2.85,0.0245,40.5,0.73,Snack,Generic,True,"Cream puff shell, prepared from recipe",Western
174987,Butter Croissants,Baked Products,37.0,45.8,67.0,38.8,0.08,406.0,11.659,0.0,2.6,0.0,0.13,2.03,16.0,0.33,2.188,0.861,105.0,118.0,8.2,0.241,0.0227,384.0,11.26,0.388,21.0,0.206,0.00016,0.058,0.2,0.0,0.84,0.0018,23.2,0.75,Snack,Generic,True,"Croissants, butter",Western
174988,Apple Croissants,Baked Products,30.0,37.1,31.0,0.0,0.04,254.0,4.994,0.0,2.5,0.0,0.088,1.1,13.0,0.21,1.6,0.596,58.0,90.0,7.4,0.164,0.019,274.0,0.0,0.232,8.7,0.094,0.0002,0.032,0.5,0.0,0.0,0.0,45.6,1.03,Snack,Generic,True,"Croissants, apple",Western
174989,Cheese Croissants,Baked Products,53.0,47.0,57.0,38.8,0.1,414.0,10.628,0.0,2.6,0.0,0.103,2.15,24.0,0.34,2.16,0.842,130.0,132.0,9.2,0.325,0.0268,361.0,11.35,0.523,20.9,0.204,0.00032,0.073,0.2,0.0,1.44,0.0109,21.0,0.94,Snack,Generic,True,"Croissants, cheese",Western
174990,Plain Cake Doughnuts,Baked Products,40.0,47.06,10.0,37.3,0.09,434.0,11.105,0.0,1.7,0.0,0.145,2.53,17.0,0.333,2.91,0.377,260.0,134.0,5.31,0.301,0.0101,477.0,18.15,0.39,24.93,0.004,6e-05,0.05,0.0,0.0,1.99,0.0098,20.82,0.5,Snack,Generic,True,"Doughnuts, cake-type, plain (includes unsugared, old-fashioned)",Western
174991,Chocolate Frosted Doughnuts,Baked Products,24.0,51.33,19.0,29.1,0.26,452.0,13.47,0.0,1.9,0.0,0.09,4.0,30.0,0.64,1.59,0.126,210.0,201.0,4.93,0.125,0.0068,326.0,26.65,0.163,25.25,0.004,0.0001,0.024,1.3,0.0,2.02,0.0079,16.76,0.98,Snack,Generic,True,"Doughnuts, cake-type, plain, chocolate-coated or frosted",Western
174992,Plain Sugared Doughnuts,Baked Products,60.0,50.8,32.0,0.0,0.101,426.0,5.926,0.0,1.5,0.0,0.07,1.06,17.0,0.334,1.512,0.435,117.0,102.0,5.2,0.198,0.0096,402.0,0.0,0.233,22.9,0.003,0.00024,0.027,0.1,0.0,0.0,0.0,19.6,0.44,Snack,Generic,True,"Doughnuts, cake-type, plain, sugared or glazed",Western
174993,Chocolate Cake Doughnut,Baked Products,213.0,57.4,57.0,29.1,0.191,417.0,5.132,0.0,2.2,0.0,0.064,2.27,34.0,0.37,0.47,0.342,162.0,106.0,4.5,0.07,0.0040999999999999,215.0,31.92,0.045,19.9,0.012,0.0001,0.027,0.1,0.0,0.21,0.0098,16.3,0.57,Snack,Generic,True,"Doughnuts, cake-type, chocolate, sugared or glazed",Western
174994,Plain English Muffins,Baked Products,163.0,44.17,0.0,16.0,0.135,227.0,0.733,0.0,3.5,0.0,0.132,4.0,24.0,0.505,4.07,0.363,92.0,109.0,8.87,0.25,0.0224,425.0,3.53,0.477,1.69,0.0,4e-05,0.054,1.8,0.0,0.31,0.0012,43.56,1.05,Snack,Generic,True,"Muffins, English, plain, enriched, with ca prop (includes sourdough)",Western
174995,Toasted English Muffins,Baked Products,197.0,52.65,0.0,15.7,0.16,270.0,0.533,0.0,2.8,0.0,0.18,4.65,28.0,0.63,4.99,0.332,107.0,129.0,10.32,0.28,0.0263,477.0,3.47,0.541,2.02,0.0,5e-05,0.067,1.7,0.0,0.36,0.0014,32.97,1.4,Snack,Generic,True,"Muffins, English, plain, toasted, enriched, with calcium propionate (includes sourdough)",Western
174996,Mixed-Grain English Muffins,Baked Products,196.0,46.3,0.0,13.7,0.243,235.0,0.23,0.0,2.8,0.0,0.112,3.02,41.0,0.604,3.583,0.408,81.0,156.0,9.1,0.313,0.0255,298.0,0.81,0.43,1.8,0.0,0.0,0.038,0.0,0.0,0.0,0.0,40.2,1.39,Snack,Generic,True,"Muffins, English, mixed-grain (includes granola)",Western
174997,Raisin-Cinnamon English Muffins,Baked Products,114.0,48.1,0.0,16.0,0.16,240.0,0.54,0.0,2.6,0.0,0.112,4.5,23.0,0.575,3.67,0.209,91.0,173.0,7.91,0.215,0.0216,299.0,14.76,0.412,1.8,0.0,0.0,0.066,1.3,0.0,0.31,0.0025,40.6,0.97,Snack,Generic,True,"Muffins, English, raisin-cinnamon (includes apple-cinnamon)",Western
174998,French Toast,Baked Products,100.0,25.0,116.0,0.0,0.058,229.0,2.723,0.0,0.0,0.0,0.057,1.67,17.0,0.188,1.628,0.549,117.0,134.0,7.7,0.321,0.0201,479.0,0.0,0.204,10.8,0.124,0.00031,0.074,0.3,0.0,0.0,0.0,54.7,0.67,Main Course,Generic,True,"French toast, prepared from recipe, made with low fat (2%) milk",Western
174999,Hush Puppies,Baked Products,278.0,46.0,45.0,32.7,0.066,337.0,2.108,0.0,2.8,0.0,0.137,3.04,24.0,0.22,2.782,0.357,189.0,144.0,7.7,0.332,0.0158,668.0,2.03,0.352,13.5,0.041,0.00019,0.102,0.2,0.0,1.26,0.0236,29.0,0.66,Main Course,Generic,True,"Hush puppies, prepared from recipe",Western
175002,Corn Muffins,Baked Products,74.0,51.0,26.0,51.7,0.299,305.0,1.354,0.0,3.4,0.0,0.082,2.81,32.0,0.355,2.037,0.444,284.0,69.0,5.9,0.326,0.0152,385.0,17.78,0.273,8.4,0.052,8.999999999999999e-05,0.084,0.0,0.0,0.8,0.0023,32.6,0.54,Snack,Generic,True,"Muffins, corn, commercially prepared",Western
175004,Corn Muffins,Baked Products,19.0,57.9,13.0,0.0,0.072,346.0,1.681,0.0,1.6,0.0,0.089,1.47,14.0,0.28,2.31,0.241,151.0,92.0,5.3,0.37,0.0152,430.0,0.0,0.31,11.3,0.018,3e-05,0.048,0.0,0.0,0.0,0.0,23.6,0.39,Snack,Generic,True,"Muffins, corn, toaster-type",Western
175005,Low-Fat Corn Muffins,Baked Products,259.0,44.2,42.0,0.0,0.059,316.0,2.311,0.0,0.0,0.0,0.115,2.61,23.0,0.186,2.382,0.359,177.0,145.0,7.1,0.31,0.0134,585.0,0.0,0.303,12.3,0.0,0.00016,0.093,0.3,0.0,0.0,0.0,33.0,0.61,Snack,Generic,True,"Muffins, corn, prepared from recipe, made with low fat (2%) milk",Western
175009,Plain Pancakes,Baked Products,219.0,28.3,59.0,0.0,0.049,227.0,2.122,0.0,0.0,0.0,0.056,1.8,16.0,0.2,1.567,0.405,159.0,132.0,6.4,0.281,0.0149,439.0,0.0,0.201,9.7,0.054,0.00022,0.046,0.3,0.0,0.0,0.0,52.9,0.56,Main Course,Generic,True,"Pancakes, plain, prepared from recipe",Western
175011,Apple Pie,Baked Products,11.0,34.0,0.0,7.2,0.046,237.0,3.797,0.0,1.6,0.0,0.043,0.45,7.0,0.182,0.263,0.119,24.0,65.0,1.9,0.027,0.001,201.0,15.65,0.028,11.0,0.032,1e-05,0.038,3.2,0.0,1.52,0.0035,52.2,0.16,Snack,Generic,True,"Pie, apple, commercially prepared, enriched flour",Western
175012,Apple Pie,Baked Products,7.0,37.1,0.0,0.0,0.053,265.0,3.05,0.0,0.0,0.0,0.038,1.12,7.0,0.185,1.23,0.093,28.0,79.0,2.4,0.107,0.0078,211.0,0.0,0.148,12.5,0.011,0.0,0.032,1.7,0.0,0.0,0.0,47.3,0.19,Snack,Generic,True,"Pie, apple, prepared from recipe",Western
175013,No-Bake Banana Cream Pie,Baked Products,73.0,31.6,29.0,0.0,0.043,251.0,6.904,0.0,0.6,0.0,0.031,0.46,12.0,0.107,0.709,0.259,167.0,113.0,3.4,0.146,0.0049,290.0,0.0,0.102,12.9,0.095,0.00021,0.035,0.5,0.0,0.0,0.0,50.9,0.33,Snack,Generic,True,"Pie, banana cream, prepared from mix, no-bake type",Western
175014,Chocolate Cream Pie,Baked Products,66.0,38.44,12.0,17.9,0.118,353.0,12.449,2.49,0.8,0.0,0.028,1.49,19.0,0.161,0.605,0.232,79.0,161.0,4.15,0.14,0.006,266.0,27.39,0.087,22.41,0.046,0.00012,0.02,0.0,0.0001,1.09,0.0095,33.92,0.44,Snack,Generic,False,"Pie, chocolate creme, commercially prepared",Western
175016,Coconut Cream Pie,Baked Products,29.0,37.3,0.0,22.1,0.068,298.0,6.976,0.0,1.3,0.0,0.008,0.8,20.0,0.438,0.2,0.24,85.0,65.0,2.1,0.08,0.0053,204.0,18.52,0.05,16.6,0.027,0.00012,0.068,0.0,0.0002,0.15,0.0053,43.2,0.47,Snack,Generic,True,"Pie, coconut creme, commercially prepared",Western
175017,Coconut Cream Pie,Baked Products,72.0,28.5,23.0,0.0,0.08,276.0,8.934,0.0,0.5,0.0,0.023,0.4,17.0,0.19,0.132,0.257,169.0,141.0,2.8,0.104,0.005,329.0,0.0,0.028,17.6,0.095,0.00021,0.045,0.6,0.0,0.0,0.0,49.7,0.38,Snack,Generic,True,"Pie, coconut cream, prepared from mix, no-bake type",Western
175018,Lemon Meringue Pie,Baked Products,12.0,39.1,53.0,0.0,0.042,285.0,3.185,0.0,0.0,0.0,0.036,1.0,6.0,0.128,0.944,0.214,42.0,65.0,3.8,0.159,0.0116,242.0,0.0,0.118,12.9,0.043,0.00012,0.027,3.3,0.0,0.0,0.0,43.3,0.28,Snack,Generic,True,"Pie, lemon meringue, prepared from recipe",Western
175019,Mince Pie,Baked Products,22.0,48.0,0.0,7.2,0.113,289.0,2.682,0.0,2.6,0.0,0.036,1.49,14.0,0.263,1.189,0.1,42.0,203.0,2.6,0.105,0.0066,254.0,28.31,0.15,10.8,0.001,0.0,0.065,5.9,0.0,0.15,0.0054,37.4,0.22,Snack,Generic,True,"Pie, mince, prepared from recipe",Western
175020,Peach Pie,Baked Products,8.0,32.9,0.0,7.2,0.053,224.0,1.508,0.0,0.8,0.0,0.046,0.5,6.0,0.152,0.2,0.114,22.0,125.0,1.9,0.033,0.0013,217.0,16.23,0.061,10.0,0.01,0.0,0.023,0.9,0.0,0.94,0.0033,54.4,0.09,Snack,Generic,True,"Pie, peach",Western
175021,Pecan Pie,Baked Products,22.0,59.61,42.0,49.5,0.184,407.0,2.654,0.0,2.1,0.0,0.043,0.93,22.0,0.71,1.31,0.391,83.0,99.0,4.5,0.078,0.007,275.0,25.18,0.204,16.69,0.051,0.00012,0.038,0.0,0.0001,0.8,0.0155,18.25,0.87,Snack,Generic,True,"Pie, pecan, commercially prepared",Western
175027,Dinner Rolls,Baked Products,59.0,52.0,50.0,31.4,0.133,307.0,1.577,0.0,3.7,0.0,0.276,3.52,25.0,0.527,3.287,0.655,101.0,104.0,9.5,0.517,0.0296,566.0,4.3,0.527,6.4,0.005,0.00024,0.053,0.0,0.0,0.36,0.0021,30.4,1.12,Side Dish,Generic,True,"Rolls, dinner, egg",Western
175028,Oat Bran Dinner Rolls,Baked Products,85.0,40.2,0.0,14.6,0.136,236.0,0.619,0.0,4.1,0.0,0.14,4.14,33.0,0.754,4.954,0.428,115.0,121.0,9.5,0.289,0.0293,413.0,6.67,0.448,4.6,0.0,0.0,0.045,0.0,0.0,0.48,0.0012,44.0,1.02,Side Dish,Generic,True,"Rolls, dinner, oat bran",Generic
175029,Rye Dinner Rolls,Baked Products,30.0,53.1,0.0,14.6,0.201,286.0,0.605,0.0,4.9,0.0,0.153,2.7,54.0,0.702,3.9,0.383,159.0,180.0,10.3,0.27,0.0278,650.0,1.17,0.38,3.4,0.0,0.0,0.062,0.0,0.0,0.34,0.0031,30.1,0.97,Side Dish,Generic,True,"Rolls, dinner, rye",Generic
175030,Dinner Rolls,Baked Products,176.0,46.0,0.0,18.7,0.15,273.0,1.497,0.0,3.8,0.0,0.092,3.55,36.0,1.023,4.072,0.364,104.0,115.0,8.6,0.273,0.033,524.0,1.63,0.433,6.3,0.0,0.0,0.076,0.0,0.0,0.36,0.0027,37.0,0.9,Side Dish,Generic,True,"Rolls, dinner, wheat",Western
175031,Hard Rolls,Baked Products,95.0,52.7,0.0,14.6,0.163,293.0,0.606,0.0,2.3,0.0,0.151,3.28,27.0,0.46,4.239,0.41,100.0,108.0,9.9,0.336,0.0391,544.0,1.77,0.478,4.3,0.0,0.0,0.035,0.0,0.0,0.42,0.0006,31.0,0.94,Side Dish,Generic,True,"Rolls, hard (includes kaiser)",Western
175032,Apple Strudel,Baked Products,15.0,41.1,6.0,17.4,0.03,274.0,2.044,0.0,2.2,0.0,0.044,0.42,9.0,0.19,0.33,0.27,33.0,149.0,3.3,0.025,0.0060999999999999,135.0,25.75,0.04,11.2,0.006,0.00022,0.046,1.7,0.0,1.42,0.0029,43.5,0.19,Snack,Generic,True,"Strudel, apple",Western
175033,Cheese Rolls,Baked Products,118.0,43.7,76.0,0.0,0.095,360.0,6.059,0.0,1.2,0.0,0.051,0.76,19.0,0.21,0.83,0.416,98.0,137.0,7.1,0.13,0.0119,357.0,0.0,0.15,18.3,0.0,0.0003,0.069,0.2,0.0,0.0,0.0,29.4,0.63,Snack,Generic,True,"Sweet rolls, cheese",Generic
175034,Cinnamon Raisin Sweet Rolls,Baked Products,72.0,50.9,66.0,41.3,0.088,372.0,3.079,0.0,2.4,0.0,0.106,1.6,17.0,0.3,2.384,0.406,76.0,111.0,6.2,0.265,0.017,304.0,31.73,0.324,16.4,0.062,0.00014,0.107,2.0,0.0,1.99,0.0044,24.8,0.59,Snack,Generic,True,"Sweet rolls, cinnamon, commercially prepared with raisins",Generic
175036,Corn Tortillas,Baked Products,81.0,44.64,0.0,13.3,0.154,218.0,0.453,0.0,6.3,0.0,0.005,1.23,72.0,0.326,1.498,0.109,314.0,186.0,5.7,0.065,0.0060999999999999,45.0,0.88,0.094,2.85,0.0,0.0,0.219,0.0,0.0,0.28,0.0,45.89,1.31,Side Dish,Generic,True,"Tortillas, ready-to-bake or -fry, corn",Western
175038,Plain Waffles,Baked Products,308.0,42.98,14.0,0.0,0.043,285.0,1.531,0.0,2.2,0.0,0.108,5.61,23.0,0.225,7.575,0.315,361.0,125.0,6.47,0.62,0.0121999999999999,638.0,4.91,0.62,9.7,0.381,0.00293,0.898,0.0,0.0,1.05,0.0078,37.95,0.59,Snack,Generic,True,"Waffles, plain, frozen, ready-to-heat",Western
175039,Plain Waffles,Baked Products,255.0,32.9,69.0,0.0,0.062,291.0,2.866,0.0,0.0,0.0,0.068,2.31,19.0,0.265,2.073,0.485,190.0,159.0,7.9,0.347,0.0462,511.0,0.0,0.263,14.1,0.065,0.00025,0.056,0.4,0.0,0.0,0.0,42.0,0.68,Snack,Generic,True,"Waffles, plain, prepared from recipe",Western
175045,Toasted Blueberry Muffins,Baked Products,14.0,56.7,5.0,55.6,0.1,333.0,1.551,0.0,1.9,0.0,0.094,0.54,15.0,0.47,1.934,0.205,192.0,88.0,4.9,0.278,0.0187,444.0,12.95,0.204,10.1,0.101,1e-05,0.028,0.0,0.0,0.98,0.0208,26.4,0.48,Snack,Generic,True,"Muffins, blueberry, toaster-type, toasted",Generic
175047,Buttermilk Pancakes,Baked Products,157.0,28.7,58.0,0.0,0.052,227.0,1.832,0.0,0.0,0.0,0.056,1.7,15.0,0.203,1.577,0.408,139.0,145.0,6.8,0.292,0.0151,522.0,0.0,0.204,9.3,0.03,0.0001799999999999,0.045,0.4,0.0,0.0,0.0,52.5,0.62,Main Course,Generic,True,"Pancakes, buttermilk, prepared from recipe",Western
175048,Plain Waffles,Baked Products,307.0,49.29,15.0,28.1,0.031,312.0,1.638,0.0,2.4,0.0,0.119,6.91,24.0,0.299,8.888,0.323,429.0,144.0,7.19,0.704,0.0126,467.0,5.02,0.525,9.61,0.398,0.0029,1.044,0.0,0.0,0.98,0.0068,30.59,0.53,Snack,Generic,True,"Waffles, plain, frozen, ready -to-heat, toasted",Western
175049,Plain Bagels,Baked Products,18.0,53.4,0.0,0.0,0.163,275.0,0.22,0.0,2.3,0.0,0.134,3.56,29.0,0.54,4.562,0.363,96.0,101.0,10.5,0.315,0.0,534.0,0.0,0.538,1.6,0.0,0.0,0.051,0.0,0.0,0.0,0.0,32.6,0.88,Snack,Generic,True,"Bagels, plain, enriched, without calcium propionate (includes onion, poppy, sesame)",Western
175050,Plain Bagels,Baked Products,74.0,53.4,0.0,0.0,0.163,275.0,0.22,0.0,2.3,0.0,0.022,1.36,29.0,0.54,1.758,0.363,96.0,101.0,10.5,0.052,0.0,534.0,0.0,0.163,1.6,0.0,0.0,0.051,0.0,0.0,0.0,0.0,32.6,0.88,Snack,Generic,True,"Bagels, plain, unenriched, with calcium propionate (includes onion, poppy, sesame)",Western
175051,Plain Bagels,Baked Products,18.0,53.4,0.0,0.0,0.163,275.0,0.22,0.0,2.3,0.0,0.022,1.36,29.0,0.54,1.758,0.363,96.0,101.0,10.5,0.052,0.0,534.0,0.0,0.163,1.6,0.0,0.0,0.051,0.0,0.0,0.0,0.0,32.6,0.88,Snack,Generic,True,"Bagels, plain, unenriched, without calcium propionate(includes onion, poppy, sesame)",Western
175053,Pound Cake,Baked Products,64.0,52.5,58.0,0.0,0.054,389.0,4.647,0.0,1.0,0.0,0.009,0.6,13.0,0.088,0.342,0.285,134.0,106.0,5.2,0.124,0.0,400.0,0.0,0.024,17.9,0.035,0.00014,0.023,0.1,0.0,0.0,0.0,23.1,0.39,Snack,Generic,True,"Cake, pound, commercially prepared, other than all butter, unenriched",Western
175056,Low-Salt Saltines,Baked Products,119.0,74.34,0.0,19.6,0.156,421.0,2.001,0.443,2.9,0.0,0.221,5.13,25.0,0.838,5.235,0.475,111.0,724.0,9.5,0.331,0.0064,198.0,2.22,0.611,8.85,0.0,8.999999999999999e-05,0.06,0.0,0.0,1.12,0.0154,4.03,0.82,Snack,Generic,True,"Crackers, saltines, low salt (includes oyster, soda, soup)",Generic
175057,Unsalted Saltine Crackers,Baked Products,119.0,71.5,0.0,0.0,0.199,434.0,2.932,0.0,3.0,0.0,0.189,5.4,27.0,0.695,5.249,0.456,105.0,128.0,9.2,0.462,0.0,766.0,0.0,0.565,11.8,0.0,0.0,0.038,0.0,0.0,0.0,0.0,4.1,0.77,Snack,Generic,True,"Crackers, saltines, unsalted tops (includes oyster, soda, soup)",Generic
175058,Low Salt Snack Crackers,Baked Products,120.0,61.0,0.0,13.8,0.213,502.0,3.776,0.0,1.6,0.0,0.142,3.6,27.0,0.556,4.048,0.271,228.0,355.0,7.4,0.342,0.0066,216.0,1.79,0.408,25.3,0.0,0.0,0.053,0.0,0.0,2.03,0.0063,3.5,0.68,Snack,Generic,True,"Crackers, standard snack-type, regular, low salt",Generic
175059,Low Salt Wheat Crackers,Baked Products,49.0,64.9,0.0,27.2,0.318,473.0,5.178,0.0,4.5,0.0,0.072,4.4,62.0,1.781,4.961,0.522,220.0,203.0,8.6,0.327,0.0337,190.0,13.04,0.505,20.6,0.0,0.0,0.136,0.0,0.0,0.5,0.0096,3.1,1.6,Snack,Generic,True,"Crackers, wheat, low salt",Generic
175060,Low Sodium Cheese Crackers,Baked Products,151.0,58.2,13.0,8.7,0.21,503.0,9.638,0.0,2.4,0.0,0.134,4.77,36.0,0.629,4.671,0.526,218.0,106.0,10.1,0.428,0.0086,458.0,0.28,0.57,25.3,0.017,0.00046,0.553,0.0,0.0,0.3,0.0112,3.1,1.13,Snack,Generic,True,"Crackers, cheese, low sodium",Generic
175061,Raspberry Danish Pastry,Baked Products,46.0,47.8,40.0,0.0,0.065,371.0,2.826,0.0,1.9,0.0,0.016,0.75,15.0,0.253,0.769,0.634,89.0,83.0,5.4,0.092,0.0,354.0,0.0,0.065,18.5,0.06,8.999999999999999e-05,0.04,3.9,0.0,0.0,0.0,27.1,0.54,Snack,Generic,True,"Danish pastry, raspberry, unenriched",Western
175062,Glazed Doughnuts,Baked Products,43.0,44.3,6.0,0.0,0.169,403.0,5.813,0.0,1.2,0.0,0.022,0.6,22.0,0.263,0.65,0.473,93.0,108.0,6.4,0.067,0.0,342.0,0.0,0.89,22.8,0.004,8.999999999999999e-05,0.057,0.1,0.0,0.0,0.0,25.4,0.77,Snack,Generic,True,"Doughnuts, yeast-leavened, glazed, unenriched (includes honey buns)",Western
175063,Plain English Muffins,Baked Products,52.0,46.0,0.0,0.0,0.129,235.0,0.259,0.0,2.7,0.0,0.1,2.5,21.0,0.357,3.884,0.446,133.0,131.0,7.7,0.281,0.0,464.0,0.0,0.442,1.8,0.0,4e-05,0.043,0.0,0.0,0.0,0.0,42.1,0.7,Snack,Generic,True,"English muffins, plain, enriched, without calcium propionate(includes sourdough)",Western
175064,Fried Lemon Pie,Baked Products,22.0,42.6,0.0,0.0,0.047,316.0,2.457,0.0,2.6,0.0,0.029,1.22,10.0,0.224,1.425,0.11,43.0,65.0,3.0,0.106,0.0024,374.0,0.0,0.141,16.1,0.002,8e-05,0.03,0.0,0.0,0.0,0.0,37.6,0.23,Snack,Generic,True,"Pie, fried pies, lemon",Western
175067,Baked Taco Shells,Baked Products,160.0,62.4,0.0,0.0,0.12,468.0,3.245,0.0,7.5,0.0,0.174,2.5,105.0,0.435,1.35,0.47,248.0,179.0,7.2,0.053,0.0,15.0,0.0,0.228,22.6,0.0,0.0,0.296,0.0,0.0,0.0,0.0,6.0,1.4,Snack,Generic,True,"Taco shells, baked, without added salt",Western
175068,Fat-Free Saltine Crackers,Baked Products,22.0,82.3,0.0,19.6,0.145,393.0,0.244,0.0,2.7,0.0,0.202,7.72,26.0,0.637,5.714,0.39,113.0,115.0,10.5,0.59,0.0214,849.0,0.38,0.518,1.6,0.0,0.0,0.085,0.0,0.0,0.12,0.0049,3.4,0.94,Snack,Generic,True,"Crackers, saltines, fat-free, low-sodium",Generic
175069,Low-Fat Breakfast Tart,Baked Products,44.0,76.8,0.0,8.4,0.073,372.0,1.393,0.0,1.5,0.0,0.133,3.42,44.0,0.0,3.8,0.0,93.0,66.0,3.99,0.549,0.0129,361.0,4.87,0.285,5.99,0.285,0.0,0.38,3.8,0.0,0.53,0.0004,12.04,0.28,Snack,Generic,True,"Tart, breakfast, low fat",Generic
175088,Unsweetened Lemon Tea,Beverages,28.0,78.52,0.0,66.4,0.331,345.0,0.047,0.0,5.0,0.0,0.061,0.75,139.0,30.67,6.168,2.597,107.0,3453.0,7.4,0.558,0.003,55.0,4.52,0.017,0.18,0.0,0.0,0.223,0.0,0.0,0.09,0.0,4.3,0.98,Drink,Generic,True,"Beverages, tea, instant, lemon, unsweetened",Generic
175090,Sweetened Lemon Tea,Beverages,2.0,8.61,0.0,0.0,0.007,35.0,0.008,0.0,0.1,0.1158,0.0,0.02,1.0,0.124,0.011,0.0,0.0,15.0,0.01,0.0,0.0001,2.0,8.33,0.001,0.06,0.0,0.0,0.001,0.0,0.0,0.0,0.0,91.18,0.01,Drink,Generic,True,"Beverages, tea, instant, lemon, sweetened, prepared with water",Generic
175093,Cola Beverage,Beverages,2.0,9.56,0.0,0.3,0.001,37.0,0.0,0.0,0.0,0.057,0.0,0.11,0.0,0.002,0.0,0.0,10.0,2.0,0.07,0.0,0.0001,4.0,8.97,0.0,0.02,0.0,0.0,0.0,0.0,0.0,0.0,0.0,90.31,0.02,Drink,Generic,True,"Beverages, carbonated, cola, fast-food cola",Generic
175102,Strawberry Shake,Beverages,113.0,18.9,11.0,0.0,0.022,113.0,1.734,0.0,0.4,0.0,0.003,0.11,13.0,0.015,0.175,0.492,100.0,182.0,3.4,0.195,0.0021,83.0,0.0,0.045,2.8,0.026,0.00031,0.044,0.8,0.0,0.0,0.0,74.1,0.36,Drink,Generic,True,"Beverages, shake, fast food, strawberry",Generic
175118,Pickled Herring,Finfish and Shellfish Products,77.0,9.64,13.0,104.1,0.105,262.0,2.381,0.0,0.0,0.0,0.002,1.22,8.0,0.04,3.3,0.081,89.0,69.0,14.19,0.139,0.0585,870.0,7.71,0.036,18.0,0.258,0.0042699999999999,0.17,0.0,0.0028,1.71,0.0002,55.22,0.53,Main Course,Generic,True,"Fish, herring, Atlantic, pickled",Mediterranean
175140,Canned Pacific Sardines in Tomato Sauce,Finfish and Shellfish Products,240.0,0.54,61.0,76.0,0.272,185.0,2.684,0.0,0.1,0.0,0.024,2.3,34.0,0.206,4.2,0.73,366.0,341.0,20.86,0.233,0.0406,414.0,0.43,0.044,10.45,0.034,0.009,0.123,1.0,0.0048,1.38,0.0004,66.86,1.4,Main Course,Generic,True,"Fish, sardine, Pacific, canned in tomato sauce, drained solids with bone",Mediterranean
175143,Fried Shark,Finfish and Shellfish Products,50.0,6.39,59.0,0.0,0.042,228.0,3.205,0.0,0.0,0.0,0.022,1.11,43.0,0.05,2.783,0.62,194.0,155.0,18.62,0.097,0.034,122.0,0.0,0.072,13.82,0.054,0.00121,0.3,0.0,0.0,0.0,0.0,60.09,0.48,Main Course,Generic,True,"Fish, shark, mixed species, cooked, batter-dipped and fried",Generic
175160,Tuna Salad,Finfish and Shellfish Products,17.0,9.41,13.0,0.0,0.145,187.0,1.544,0.0,0.0,0.0,0.008,1.0,19.0,0.04,6.7,0.26,178.0,178.0,16.04,0.07,0.0412,402.0,0.0,0.031,9.26,0.024,0.0012,0.081,2.2,0.0,0.0,0.0,63.16,0.56,Main Course,Generic,True,"Fish, tuna salad",Generic
175171,Cooked Eastern Oysters,Finfish and Shellfish Products,92.0,4.23,62.0,101.0,4.439,79.0,0.736,0.053,0.0,0.063,0.01,7.16,28.0,0.459,1.365,0.347,150.0,242.0,8.87,0.112,0.0307,132.0,0.96,0.025,2.65,0.02,0.01291,0.045,0.0,0.0,1.32,0.0015,82.98,61.04,Main Course,Generic,True,"Mollusks, oyster, eastern, wild, cooked, dry heat",Generic
175173,Cooked Eastern Oysters,Finfish and Shellfish Products,56.0,7.28,38.0,0.0,1.434,79.0,0.683,0.0,0.0,0.0,0.024,7.77,33.0,0.425,1.792,0.195,115.0,152.0,7.0,0.055,0.0775,163.0,0.0,0.13,2.12,0.019,0.0243,0.076,6.0,0.0,0.0,0.0,81.95,45.15,Main Course,Generic,True,"Mollusks, oyster, eastern, farmed, cooked, dry heat",Generic
175182,Canned Baked Beans,Legumes and Legume Products,34.0,21.14,0.0,31.5,0.145,94.0,0.071,0.0,4.1,0.0,0.012,1.19,27.0,0.109,0.428,0.216,74.0,224.0,4.75,0.039,0.005,343.0,7.96,0.096,0.37,0.005,0.0,0.084,0.0,0.0,0.15,0.0008,72.0,2.28,Main Course,Generic,True,"Beans, baked, canned, plain or vegetarian",Generic
175183,Baked Beans with Beef,Legumes and Legume Products,45.0,16.91,22.0,0.0,0.3,121.0,1.677,0.0,0.0,0.0,0.043,1.6,25.0,0.6,0.94,0.183,81.0,320.0,6.38,0.045,0.0096,475.0,0.0,0.052,3.45,0.011,0.0,0.09,1.8,0.0,0.0,0.0,71.33,1.2,Main Course,Generic,True,"Beans, baked, canned, with beef",Generic
175187,Black Beans,Legumes and Legume Products,55.0,24.35,0.0,32.6,0.269,130.0,0.089,0.0,8.3,0.0,0.086,2.85,49.0,0.327,0.527,0.26,152.0,433.0,8.18,0.056,0.0012,3.0,0.32,0.225,0.35,0.0,0.0,0.077,0.0,0.0,0.87,0.0033,65.74,0.76,Main Course,Generic,True,"Beans, black turtle, mature seeds, cooked, boiled, without salt",Generic
175188,Canned Black Beans,Legumes and Legume Products,35.0,16.55,0.0,23.2,0.192,91.0,0.075,0.0,6.9,0.0,0.061,1.9,35.0,0.233,0.62,0.184,108.0,308.0,6.03,0.12,0.0013,384.0,0.23,0.14,0.29,0.0,0.0,0.055,2.7,0.0,0.62,0.0023,75.64,0.54,Main Course,Generic,True,"Beans, black turtle, mature seeds, canned",Generic
175191,Cooked Great Northern Beans,Legumes and Legume Products,68.0,21.09,0.0,0.0,0.247,118.0,0.14,0.0,7.0,0.0,0.102,2.13,50.0,0.518,0.681,0.266,165.0,391.0,8.33,0.059,0.0040999999999999,2.0,0.0,0.158,0.45,0.0,0.0,0.117,1.3,0.0,0.0,0.0,69.0,0.88,Main Course,Generic,True,"Beans, great northern, mature seeds, cooked, boiled, without salt",Generic
175192,Canned Great Northern Beans,Legumes and Legume Products,53.0,21.02,0.0,29.5,0.16,114.0,0.12,0.0,4.9,0.0,0.081,1.57,51.0,0.408,0.461,0.278,136.0,351.0,7.37,0.06,0.0040999999999999,370.0,1.41,0.143,0.39,0.0,0.0,0.106,1.3,0.0,0.79,0.003,69.89,0.65,Main Course,Generic,True,"Beans, great northern, mature seeds, canned",Generic
175194,Cooked Red Kidney Beans,Legumes and Legume Products,28.0,22.8,0.0,30.5,0.242,127.0,0.072,0.0,7.4,0.0,0.13,2.94,45.0,0.477,0.578,0.22,142.0,403.0,8.67,0.058,0.0012,2.0,0.32,0.16,0.5,0.0,0.0,0.12,1.2,0.0,0.03,0.0084,66.94,1.07,Main Course,Generic,True,"Beans, kidney, red, mature seeds, cooked, boiled, without salt",Generic
175195,Canned Red Kidney Beans,Legumes and Legume Products,29.0,14.83,0.0,30.5,0.147,81.0,0.125,0.0,4.3,0.0,0.023,1.25,30.0,0.291,0.494,0.13,106.0,260.0,5.22,0.067,0.0011,256.0,1.85,0.106,0.36,0.0,0.0,0.08,0.8,0.0,0.02,0.0040999999999999,77.96,0.62,Main Course,Generic,True,"Beans, kidney, red, mature seeds, canned, solids and liquids",Generic
175197,Cooked Kidney Beans,Legumes and Legume Products,44.0,21.85,0.0,0.0,0.262,123.0,0.024,0.0,9.3,0.0,0.074,2.77,42.0,0.255,0.552,0.219,142.0,378.0,9.49,0.067,0.0012,5.0,0.0,0.095,0.17,0.0,0.0,0.104,1.2,0.0,0.0,0.0,66.99,0.9,Main Course,Generic,True,"Beans, kidney, royal red, mature seeds, cooked, boiled, without salt",Generic
175198,Pink Beans,Legumes and Legume Products,52.0,27.91,0.0,36.9,0.271,149.0,0.126,0.0,5.3,0.0,0.168,2.3,65.0,0.548,0.57,0.299,165.0,508.0,9.06,0.063,0.0014,2.0,0.36,0.257,0.49,0.0,0.0,0.175,0.0,0.0,0.98,0.0037,61.2,0.96,Main Course,Generic,True,"Beans, pink, mature seeds, cooked, boiled, without salt",Generic
175200,Cooked Pinto Beans,Legumes and Legume Products,46.0,26.22,0.0,35.3,0.219,143.0,0.136,0.0,9.0,0.0022,0.172,2.09,50.0,0.453,0.318,0.21,147.0,436.0,9.01,0.062,0.0062,1.0,0.34,0.193,0.65,0.0,0.0,0.229,0.8,0.0,0.94,0.0035,62.95,0.98,Main Course,Generic,True,"Beans, pinto, mature seeds, cooked, boiled, without salt",Generic
175201,Canned Pinto Beans,Legumes and Legume Products,47.0,15.18,0.0,20.8,0.162,82.0,0.123,0.0,4.6,0.0,0.024,1.47,33.0,0.318,0.268,0.136,92.0,276.0,4.6,0.016,0.0,268.0,1.02,0.052,0.56,0.0,0.0,0.074,0.7,0.0,0.55,0.0021,78.19,0.56,Main Course,Generic,True,"Beans, pinto, mature seeds, canned, solids and liquids",Generic
175203,Cooked White Beans,Legumes and Legume Products,90.0,25.09,0.0,35.1,0.287,139.0,0.091,0.0,6.3,0.0,0.081,3.7,63.0,0.636,0.14,0.229,113.0,561.0,9.73,0.046,0.0013,6.0,0.34,0.118,0.35,0.0,0.0,0.093,0.0,0.0,0.94,0.0035,63.08,1.38,Main Course,Generic,True,"Beans, white, mature seeds, cooked, boiled, without salt",Generic
175204,Canned White Beans,Legumes and Legume Products,73.0,21.2,0.0,0.0,0.232,114.0,0.074,0.0,4.8,0.0,0.065,2.99,51.0,0.515,0.113,0.185,91.0,454.0,7.26,0.037,0.0016,340.0,0.29,0.096,0.29,0.0,0.0,0.075,0.0,0.0,0.79,0.0029,70.1,1.12,Main Course,Generic,True,"Beans, white, mature seeds, canned",Generic
175206,Canned Chickpeas,Legumes and Legume Products,35.0,13.49,0.0,32.6,0.153,88.0,0.204,0.0,4.4,0.0,0.025,1.23,27.0,0.818,0.13,0.299,80.0,144.0,4.92,0.015,0.002,278.0,0.0,0.032,1.95,0.001,0.0,0.473,0.1,0.0,0.0,0.0,78.55,0.69,Main Course,Generic,True,"Chickpeas (garbanzo beans, bengal gram), mature seeds, canned, solids and liquids",Generic
175207,Chili with Beans,Legumes and Legume Products,47.0,13.24,17.0,20.2,0.117,103.0,1.133,0.0,3.3,0.0,0.023,3.43,45.0,0.134,0.358,1.42,154.0,365.0,6.12,0.105,0.0013,423.0,1.65,0.048,3.76,0.017,0.0,0.132,1.7,0.0,0.52,0.0019,75.51,2.0,Main Course,Generic,True,"Chili with beans, canned",Generic
175209,Boiled Cowpeas,Legumes and Legume Products,26.0,20.32,0.0,0.0,0.271,117.0,0.185,0.0,3.6,0.0,0.142,3.05,96.0,0.473,0.714,0.386,142.0,375.0,8.13,0.046,0.0025,19.0,0.0,0.162,0.71,0.001,0.0,0.092,0.4,0.0,0.0,0.0,69.7,1.87,Main Course,Generic,True,"Cowpeas, catjang, mature seeds, cooked, boiled, without salt",Generic
175211,Cooked Hyacinth Beans,Legumes and Legume Products,40.0,20.69,0.0,0.0,0.341,117.0,0.099,0.0,0.0,0.0,0.004,4.58,82.0,0.482,0.411,0.316,120.0,337.0,8.14,0.037,0.0028,7.0,0.0,0.27,0.58,0.0,0.0,0.037,0.0,0.0,0.0,0.0,69.13,2.85,Main Course,Generic,True,"Hyacinth beans, mature seeds, cooked, boiled, without salt",Asian
175237,Black Beans,Legumes and Legume Products,27.0,23.71,0.0,32.6,0.209,132.0,0.139,0.0,8.7,0.0,0.149,2.1,70.0,0.444,0.505,0.242,140.0,355.0,8.86,0.059,0.0012,237.0,0.32,0.244,0.54,0.0,0.0,0.069,0.0,0.0,0.87,0.0033,65.74,1.12,Main Course,Generic,True,"Beans, black, mature seeds, cooked, boiled, with salt",Generic
175238,Low Sodium Black Beans,Legumes and Legume Products,35.0,16.55,0.0,23.2,0.192,91.0,0.075,0.0,6.9,0.0,0.061,1.9,35.0,0.233,0.62,0.184,108.0,308.0,6.03,0.12,0.0013,138.0,0.23,0.14,0.29,0.0,0.0,0.055,2.7,0.0,0.62,0.0023,75.64,0.54,Main Course,Generic,True,"Beans, black, mature seeds, canned, low sodium",Generic
175239,Black Beans,Legumes and Legume Products,55.0,24.35,0.0,32.6,0.269,130.0,0.089,0.0,8.3,0.0,0.086,2.85,49.0,0.327,0.527,0.26,152.0,433.0,8.18,0.056,0.0012,239.0,0.32,0.225,0.35,0.0,0.0,0.077,0.0,0.0,0.87,0.0033,65.74,0.76,Main Course,Generic,True,"Beans, black turtle, mature seeds, cooked, boiled, with salt",Generic
175240,Cranberry Beans,Legumes and Legume Products,50.0,24.46,0.0,0.0,0.231,136.0,0.119,0.0,8.6,0.0,0.207,2.09,50.0,0.37,0.515,0.24,135.0,387.0,9.34,0.069,0.0013,237.0,0.0,0.21,0.46,0.0,0.0,0.081,0.0,0.0,0.0,0.0,64.65,1.14,Main Course,Generic,True,"Beans, cranberry (roman), mature seeds, cooked, boiled, with salt",Generic
175241,Cooked French Beans,Legumes and Legume Products,63.0,24.02,0.0,0.0,0.115,129.0,0.083,0.0,9.4,0.0,0.075,1.08,56.0,0.382,0.546,0.222,102.0,370.0,7.05,0.062,0.0012,242.0,0.0,0.13,0.76,0.0,0.0,0.105,1.2,0.0,0.0,0.0,66.57,0.64,Main Course,Generic,True,"Beans, french, mature seeds, cooked, boiled, with salt",Generic
175242,Cooked Red Kidney Beans,Legumes and Legume Products,28.0,22.8,0.0,30.5,0.242,127.0,0.072,0.0,7.4,0.0,0.13,2.94,45.0,0.477,0.578,0.22,142.0,403.0,8.67,0.058,0.0012,238.0,0.32,0.16,0.5,0.0,0.0,0.12,1.2,0.0,0.03,0.0084,66.94,1.07,Main Course,Generic,True,"Beans, kidney, red, mature seeds, cooked, boiled, with salt",Generic
175243,Canned Red Kidney Beans,Legumes and Legume Products,58.0,20.8,0.0,43.1,0.283,121.0,0.328,0.0,6.0,0.0,0.023,1.5,29.0,0.382,0.417,0.0,118.0,250.0,8.12,0.015,0.0,208.0,0.0,0.06,0.93,0.0,0.0,0.113,0.2,0.0,0.03,0.0057,68.86,0.74,Main Course,Generic,True,"Beans, kidney, red, mature seeds, canned, drained solids, rinsed in tap water",Generic
175244,Royal Red Kidney Beans,Legumes and Legume Products,44.0,21.85,0.0,0.0,0.262,123.0,0.024,0.0,9.3,0.0,0.074,2.77,42.0,0.255,0.552,0.219,142.0,378.0,9.49,0.067,0.0012,241.0,0.0,0.095,0.17,0.0,0.0,0.104,1.2,0.0,0.0,0.0,66.99,0.9,Main Course,Generic,True,"Beans, kidney, royal red, mature seeds, cooked, boiled with salt",Generic
175245,Low Sodium Canned Kidney Beans,Legumes and Legume Products,29.0,14.83,0.0,30.5,0.147,81.0,0.125,0.0,5.3,0.0,0.026,1.25,30.0,0.291,0.494,0.13,106.0,260.0,5.22,0.067,0.0011,117.0,1.85,0.106,0.36,0.0,0.0,0.08,0.8,0.0,0.02,0.0040999999999999,77.96,0.62,Main Course,Generic,True,"Beans, kidney, red, mature seeds, canned, solids and liquid, low sodium",Generic
175246,Cooked Small White Beans,Legumes and Legume Products,73.0,25.81,0.0,0.0,0.149,142.0,0.166,0.0,10.4,0.0,0.137,2.84,68.0,0.51,0.272,0.251,169.0,463.0,8.97,0.059,0.0013,238.0,0.0,0.236,0.64,0.0,0.0,0.127,0.0,0.0,0.0,0.0,63.24,1.09,Main Course,Generic,True,"Beans, small white, mature seeds, cooked, boiled, with salt",Generic
175247,Low Sodium Pinto Beans,Legumes and Legume Products,47.0,15.18,0.0,20.8,0.162,82.0,0.116,0.0,4.6,0.0,0.024,1.47,33.0,0.318,0.268,0.136,92.0,276.0,4.6,0.016,0.0037,146.0,1.02,0.052,0.56,0.0,0.0,0.135,0.7,0.0,0.55,0.0021,78.19,0.56,Main Course,Generic,True,"Beans, pinto, mature seeds, canned, solids and liquids, low sodium",Generic
175248,Boiled Yellow Beans,Legumes and Legume Products,62.0,25.28,0.0,35.2,0.186,144.0,0.279,0.0,10.4,0.0,0.081,2.48,74.0,0.455,0.708,0.229,183.0,325.0,9.16,0.103,0.0013,241.0,0.34,0.187,1.08,0.0,0.0,0.129,1.8,0.0,0.94,0.0035,62.98,1.06,Main Course,Generic,True,"Beans, yellow, mature seeds, cooked, boiled, with salt",Generic
175249,Boiled White Beans with Salt,Legumes and Legume Products,90.0,25.09,0.0,35.1,0.287,139.0,0.091,0.0,6.3,0.0,0.081,3.7,63.0,0.636,0.14,0.229,113.0,561.0,9.73,0.046,0.0013,242.0,0.34,0.118,0.35,0.0,0.0,0.093,0.0,0.0,0.94,0.0035,63.08,1.38,Main Course,Generic,True,"Beans, white, mature seeds, cooked, boiled, with salt",Generic
175250,Low Sodium Canned Chickpeas,Legumes and Legume Products,35.0,13.49,0.0,23.1,0.153,88.0,0.204,0.0,4.4,0.0,0.025,1.23,27.0,0.818,0.13,0.299,80.0,144.0,4.92,0.015,0.002,132.0,2.59,0.032,1.95,0.001,0.0,0.473,0.1,0.0,0.19,0.0022,78.55,0.69,Main Course,Generic,True,"Chickpeas (garbanzo beans, bengal gram), mature seeds, canned, solids and liquids, low sodium",Generic
175251,Cooked Cowpeas,Legumes and Legume Products,26.0,20.32,0.0,0.0,0.271,117.0,0.185,0.0,3.6,0.0,0.142,3.05,96.0,0.473,0.714,0.386,142.0,375.0,8.13,0.046,0.0025,255.0,0.0,0.162,0.71,0.001,0.0,0.092,0.4,0.0,0.0,0.0,69.7,1.87,Main Course,Generic,True,"Cowpeas, catjang, mature seeds, cooked, boiled, with salt",Generic
175252,Cooked Cowpeas,Legumes and Legume Products,24.0,20.76,0.0,32.2,0.268,116.0,0.138,0.0,6.5,0.003,0.208,2.51,53.0,0.475,0.495,0.411,156.0,278.0,7.73,0.055,0.0025,240.0,3.3,0.202,0.53,0.001,0.0,0.1,0.4,0.0,0.28,0.0017,70.04,1.29,Main Course,Generic,True,"Cowpeas, common (blackeyes, crowder, southern), mature seeds, cooked, boiled, with salt",Generic
175253,Cooked Hyacinth Beans,Legumes and Legume Products,40.0,20.7,0.0,0.0,0.341,117.0,0.099,0.0,0.0,0.0,0.004,4.58,82.0,0.482,0.411,0.316,120.0,337.0,8.14,0.037,0.0028,243.0,0.0,0.27,0.58,0.0,0.0,0.037,0.0,0.0,0.0,0.0,69.13,2.85,Main Course,Generic,True,"Hyacinth beans, mature seeds, cooked, boiled, with salt",Asian
175254,Cooked Lentils,Legumes and Legume Products,19.0,19.54,0.0,32.7,0.251,114.0,0.053,0.0,7.9,0.0,0.181,3.33,36.0,0.494,1.06,0.638,180.0,369.0,9.02,0.073,0.0028,238.0,1.8,0.169,0.38,0.0,0.0,0.178,1.5,0.0,0.11,0.0017,69.64,1.27,Main Course,Generic,True,"Lentils, mature seeds, cooked, boiled, with salt",Generic
175255,Boiled Mung Beans,Legumes and Legume Products,27.0,19.15,0.0,29.4,0.156,105.0,0.116,0.0,7.6,0.0,0.159,1.4,48.0,0.298,0.577,0.41,99.0,266.0,7.02,0.061,0.0025,238.0,2.0,0.164,0.38,0.001,0.0,0.067,1.0,0.0,0.15,0.0027,72.66,0.84,Main Course,Generic,True,"Mung beans, mature seeds, cooked, boiled, with salt",Asian
175256,Salted Cooked Mungo Beans,Legumes and Legume Products,53.0,18.34,0.0,29.6,0.139,105.0,0.038,0.0,6.4,0.0,0.094,1.75,63.0,0.412,1.5,0.433,156.0,231.0,7.54,0.075,0.0025,243.0,2.01,0.15,0.55,0.002,0.0,0.058,1.0,0.0,0.15,0.0027,72.51,0.83,Main Course,Generic,True,"Mungo beans, mature seeds, cooked, boiled, with salt",Asian
175257,Boiled Split Peas,Legumes and Legume Products,14.0,20.51,0.0,32.8,0.181,116.0,0.054,0.0,8.3,0.0,0.065,1.29,36.0,0.396,0.89,0.595,99.0,362.0,8.34,0.056,0.0006,238.0,2.9,0.19,0.39,0.0,0.0,0.048,0.4,0.0,0.03,0.005,69.49,1.0,Main Course,Generic,True,"Peas, split, mature seeds, cooked, boiled, with salt",Generic
175258,Oil-Roasted Peanuts,Legumes and Legume Products,61.0,15.26,0.0,55.0,0.533,599.0,8.686,0.0,9.4,0.0,0.12,1.52,176.0,1.845,13.825,1.202,397.0,726.0,28.03,0.089,0.0033,6.0,4.18,0.085,52.5,0.0,0.0,0.461,0.8,0.0,6.91,0.0,1.45,3.28,Snack,Generic,True,"Peanuts, all types, oil-roasted, without salt",Generic
175271,Pan-Fried Breaded Veal,"Lamb, Veal, and Game Products",39.0,9.84,113.0,117.9,0.074,216.0,1.6,0.0,0.2,0.0,0.034,1.64,32.0,0.137,10.8,1.11,258.0,383.0,28.41,0.36,0.0135,455.0,0.57,0.16,6.27,0.01,0.00128,0.42,0.0,0.0,0.53,0.0050999999999999,53.14,2.87,Main Course,Generic,True,"Veal, leg (top round), separable lean only, cooked, pan-fried, breaded",Western
