{"option1": [173750, 168485, 171936, 167756, 172512, 173594, 172225, 169058, 169741, 171575, 171279, 167757], "option2": [173750, 168485, 171936, 167756, 172512, 173594, 172225, 169058, 174200, 171575, 174144, 168209], "fitness_option1": 0.013338910442742187, "fitness_option2": 0.009628235416593033}