Profile,CS Rate,Avg Deviation
Normal,50.0,64.79007179858603
Single Disease (DM2),37.5,47.09317609102933
Dual Disease (DM2 + Hypertension),16.666666666666664,60.52213522529684
Triple Disease (DM2 + Hypertension + Cholesterol),36.84210526315789,59.513363079948064
