Profile,CS Rate,Avg Deviation
Normal,33.33333333333333,66.00488760610257
Single Disease (DM2),37.5,57.65703394531603
Dual Disease (DM2 + Hypertension),27.77777777777778,47.203280336197665
Triple Disease (DM2 + Hypertension + Cholesterol),36.84210526315789,65.5975710306918
