Profile,CS Rate,Avg Deviation
Normal,33.33333333333333,60.438645542887926
Single Disease (DM2),40.0,54.32866733685118
Dual Disease (DM2 + Hypertension),29.411764705882355,54.02112235885984
Triple Disease (DM2 + Hypertension + Cholesterol),44.44444444444444,53.38158395552927
