Profile,CS Rate,Avg Deviation
Normal,50.0,66.64795513536907
Single Disease (DM2),60.0,46.243648538901674
Dual Disease (DM2 + Hypertension),41.17647058823529,51.660779622639616
Triple Disease (DM2 + Hypertension + Cholesterol),44.44444444444444,49.252166321438004
