number,pop_size,generations,ls_iterations,actual_fitness,avg_time_sec,penalized_score,state
0,48,79,43,0.0,25.071958700815838,0.0,COMPLETE
1,53,134,35,0.0,41.22503066062927,0.0,COMPLETE
2,53,141,26,0.0,40.491800467173256,0.0,COMPLETE
3,84,134,50,0.0,63.49056673049927,1849056.6730499268,COMPLETE
4,95,96,49,0.0,52.15123422940572,715123.4229405724,COMPLETE
5,52,130,43,0.0,49.29080073038737,429080.07303873677,COMPLETE
