Profile,CS Rate,N Constraints,Avg Deviation,Best Fitness (Mean),Best Fitness (Std)
Normal,56.774193548387096,17/31,68.6821495555325,1872.0,4.4
Single Disease (DM2),57.41935483870967,17/31,40.58660210140715,7966.2,6210.4
Dual Disease (DM2 + Hypertension),50.625,16/32,42.48634465571381,20150.6,5016.0
Triple Disease (DM2 + Hypertension + Cholesterol),56.36363636363636,18/33,43.718037274902485,17461.3,2955.7
