Profile,CS Rate,N Constraints,Avg Deviation,Fitness (Mean),Fitness (Std)
Normal,55.48387096774193,17/31,68.06673949822232,2042.0021849466698,118.59072412560809
Single Disease (DM2),59.35483870967742,18/31,41.75865217407927,1252.7595652223781,69.94226611649638
Dual Disease (DM2 + Hypertension),48.125,15/32,41.366270812457344,1282.354395186178,95.50711958563322
Triple Disease (DM2 + Hypertension + Cholesterol),56.36363636363636,18/33,43.866322249942016,1403.7223119981445,165.08780456205466
