Profile,CS Rate,Avg Deviation,Fitness (Mean),Fitness (Std)
Normal,77.77777777777777,53.3397382445773,1600.1921473373193,243.03435369625248
Single Disease (DM2),40.0,35.162314230414104,1054.869426912423,91.92529234454352
Dual Disease (DM2 + Hypertension),37.254901960784316,38.66765717038151,1198.6973722818268,88.39717288036486
Triple Disease (DM2 + Hypertension + Cholesterol),37.03703703703704,40.407567663533825,1293.0421652330824,76.72270624753959
