Profile,CS Rate,N Constraints,Avg Deviation,Fitness (Mean),Fitness (Std)
Normal,60.0,18/31,68.59630820442972,2057.889246132891,67.90848654886693
Single Disease (DM2),61.935483870967744,19/31,39.530495427912385,1185.9148628373719,122.56090399586871
Dual Disease (DM2 + Hypertension),55.625,17/32,45.47543218813909,1409.7383978323116,52.271782450536335
Triple Disease (DM2 + Hypertension + Cholesterol),54.54545454545455,18/33,43.222993193176876,1383.13578218166,96.30903942322938
