Profile,CS Rate,N Constraints,Avg Deviation,Best Fitness (Mean),Best Fitness (Std)
Normal,52.90322580645161,16/31,67.49581444655135,1861.5,11.6
Single Disease (DM2),57.41935483870968,17/31,42.08060259782758,6187.2,2003.0
Dual Disease (DM2 + Hypertension),41.25,13/32,40.247410407010264,21204.8,6322.2
Triple Disease (DM2 + Hypertension + Cholesterol),52.12121212121211,17/33,42.60596632121339,14935.9,4924.9
