Profile,CS Rate,Avg Deviation,Fitness (Mean),Fitness (Std)
Normal,88.88888888888887,61.200277295116344,1836.0083188534902,23.122110930716012
Single Disease (DM2),35.55555555555555,44.24752437173034,1327.4257311519102,46.31467316077392
Dual Disease (DM2 + Hypertension),47.05882352941177,42.67558901047493,1322.9432593247227,35.06053262452891
Triple Disease (DM2 + Hypertension + Cholesterol),37.03703703703704,45.57569958282813,1458.4223866505001,53.05919337703435
